time,c1,q1,axis1_deg,c2,q2,axis2_deg
0,3800.0,1.0,0.0,-3780.0,1.0,0.0
20,3840.0,1.0,0.0,-3770.0,0.800000011920929,0.0
40,3800.0,1.0,0.0,-3860.0,1.0,0.0
60,3870.0,1.0,0.0,-3740.0,1.0,0.0
80,3790.0,1.0,0.0,-3660.0,0.9599999785423279,0.0
100,3830.0,1.0,0.0,-3680.0,0.9200000166893005,0.0
120,3840.0,1.0,0.0,-3680.0,1.0,0.0
140,3890.0,1.0,0.0,-3650.0,0.8399999737739563,0.0
160,3840.0,1.0,0.0,-3700.0,1.0,0.0
180,3800.0,1.0,0.0,-3620.0,0.9599999785423279,0.0
200,3790.0,1.0,0.0,-3800.0,0.9599999785423279,0.0
220,3800.0,1.0,0.0,-3730.0,1.0,0.0
240,3870.0,0.9599999785423279,0.0,-3650.0,0.800000011920929,0.0
260,3830.0,0.9599999785423279,0.0,-3800.0,1.0,0.0
280,3890.0,0.9599999785423279,0.0,-3660.0,1.0,0.0
300,3880.0,1.0,0.0,-3790.0,1.0,0.0
320,3850.0,1.0,0.0,-3780.0,0.9599999785423279,0.0
340,3840.0,1.0,0.0,-3630.0,0.800000011920929,0.0
360,3800.0,1.0,0.0,-3750.0,0.9599999785423279,0.0
380,3790.0,1.0,0.0,-3670.0,1.0,0.0
400,3810.0,1.0,0.0,-3760.0,1.0,0.0
420,3840.0,1.0,0.0,-3760.0,0.9599999785423279,0.0
440,3890.0,0.9599999785423279,0.0,-3680.0,1.0,0.0
460,3820.0,1.0,0.0,-3750.0,1.0,0.0
480,3850.0,0.9599999785423279,0.0,-3740.0,0.9599999785423279,0.0
500,3780.0,0.9599999785423279,0.0,-3730.0,1.0,0.0
520,3820.0,1.0,0.0,-3800.0,0.9599999785423279,0.0
540,3830.0,1.0,0.0,-3730.0,1.0,0.0
560,3790.0,1.0,0.0,-3670.0,1.0,0.0
580,3760.0,1.0,0.0,-3810.0,1.0,0.0
600,3800.0,0.9599999785423279,0.0,-3610.0,1.0,0.0
620,3870.0,1.0,0.0,-3660.0,1.0,0.0
640,3840.0,1.0,0.0,-3690.0,1.0,0.0
660,,,,,,
680,3820.0,1.0,0.0,-3710.0,1.0,0.0
700,3880.0,1.0,0.0,-3760.0,0.9200000166893005,0.0
720,3810.0,1.0,0.0,-3740.0,1.0,0.0
740,3800.0,1.0,0.0,-3790.0,1.0,0.0
760,3780.0,1.0,0.0,-3810.0,1.0,0.0
780,3850.0,1.0,0.0,-3730.0,1.0,0.0
800,3790.0,1.0,0.0,-3720.0,1.0,0.0
820,3770.0,1.0,0.0,-3770.0,0.9200000166893005,0.0
840,3810.0,1.0,0.0,-3650.0,1.0,0.0
860,3850.0,1.0,0.0,-3660.0,0.9200000166893005,0.0
880,3840.0,0.9599999785423279,0.0,-3660.0,0.9599999785423279,0.0
900,3850.0,1.0,0.0,-3690.0,1.0,0.0
920,3800.0,1.0,0.0,-3650.0,1.0,0.0
940,3770.0,1.0,0.0,-3700.0,1.0,0.0
960,3800.0,1.0,0.0,-3580.0,1.0,0.0
980,3760.0,1.0,0.0,-3670.0,1.0,0.0
1000,3890.0,1.0,0.0,-3640.0,0.9599999785423279,0.0
1020,3830.0,0.9599999785423279,0.0,-3680.0,1.0,0.0
1040,3780.0,0.9599999785423279,0.0,-3670.0,1.0,0.0
1060,3890.0,1.0,0.0,-3680.0,1.0,0.0
1080,3850.0,1.0,0.0,-3670.0,0.800000011920929,0.0
1100,3850.0,0.9599999785423279,0.0,-3730.0,1.0,0.0
1120,3820.0,1.0,0.0,-3750.0,0.9599999785423279,0.0
1140,3790.0,1.0,0.0,-3720.0,1.0,0.0
1160,3840.0,1.0,0.0,-3840.0,1.0,0.0
1180,3770.0,1.0,0.0,-3740.0,1.0,0.0
1200,3780.0,1.0,0.0,-3710.0,0.9200000166893005,0.0
1220,3850.0,0.9599999785423279,0.0,-3680.0,0.9200000166893005,0.0
1240,3830.0,1.0,0.0,-3720.0,0.800000011920929,0.0
1260,3780.0,1.0,0.0,-3770.0,1.0,0.0
1280,3820.0,1.0,0.0,-3680.0,1.0,0.0
1300,3830.0,1.0,0.0,-3620.0,1.0,0.0
1320,3890.0,1.0,0.0,-3680.0,0.9599999785423279,0.0
1340,3830.0,1.0,0.0,-3740.0,1.0,0.0
1360,3860.0,1.0,0.0,-3710.0,1.0,0.0
1380,3780.0,1.0,0.0,-3660.0,1.0,0.0
1400,3780.0,1.0,0.0,-3650.0,1.0,0.0
1420,3780.0,1.0,0.0,-3690.0,1.0,0.0
1440,3800.0,1.0,0.0,-3650.0,0.9599999785423279,0.0
1460,3890.0,0.9599999785423279,0.0,-3630.0,0.9599999785423279,0.0
1480,3830.0,1.0,0.0,-3690.0,1.0,0.0
1500,3740.0,0.9599999785423279,0.0,-3630.0,1.0,0.0
1520,3840.0,1.0,0.0,-3680.0,0.9599999785423279,0.0
1540,3890.0,1.0,0.0,-3750.0,0.9599999785423279,0.0
1560,3810.0,1.0,0.0,-3690.0,0.9599999785423279,0.0
1580,3850.0,0.9599999785423279,0.0,-3710.0,1.0,0.0
1600,3870.0,1.0,0.0,-3630.0,0.9599999785423279,0.0
1620,3830.0,1.0,0.0,-3740.0,0.8399999737739563,0.0
1640,3900.0,1.0,0.0,-3790.0,0.9599999785423279,0.0
1660,3810.0,1.0,0.0,-3710.0,0.9599999785423279,0.0
1680,3850.0,1.0,0.0,-3690.0,1.0,0.0
1700,3800.0,0.9599999785423279,0.0,-3590.0,0.9599999785423279,0.0
1720,3750.0,1.0,0.0,-3680.0,0.8399999737739563,0.0
1740,3770.0,1.0,0.0,-3700.0,1.0,0.0
1760,3830.0,1.0,0.0,-3690.0,0.9599999785423279,0.0
1780,3810.0,1.0,0.0,-3690.0,1.0,0.0
1800,3770.0,1.0,0.0,-3700.0,1.0,0.0
1820,3780.0,0.9599999785423279,0.0,-3680.0,1.0,0.0
1840,3770.0,1.0,0.0,-3710.0,1.0,0.0
1860,3750.0,1.0,0.0,-3660.0,1.0,0.0
1880,3770.0,0.9599999785423279,0.0,-3680.0,1.0,0.0
1900,3790.0,1.0,0.0,-3700.0,1.0,0.0
1920,3830.0,1.0,0.0,-3690.0,0.8399999737739563,0.0
1940,3870.0,0.9599999785423279,0.0,-3740.0,1.0,0.0
1960,3820.0,1.0,0.0,-3690.0,1.0,0.0
1980,3820.0,0.9599999785423279,0.0,-3660.0,1.0,0.0
2000,3760.0,0.9599999785423279,0.0,-3650.0,1.0,0.0
2020,3820.0,0.9599999785423279,0.0,-3740.0,0.800000011920929,0.0
2040,3830.0,1.0,0.0,-3720.0,0.8399999737739563,0.0
2060,3870.0,1.0,0.0,-3750.0,1.0,0.0
2080,3840.0,1.0,0.0,-3660.0,1.0,0.0
2100,3810.0,1.0,0.0,-3700.0,0.9200000166893005,0.0
2120,3880.0,0.9599999785423279,0.0,-3720.0,1.0,0.0
2140,3840.0,1.0,0.0,-3730.0,1.0,0.0
2160,3750.0,1.0,0.0,-3700.0,1.0,0.0
2180,3870.0,1.0,0.0,-3640.0,0.9599999785423279,0.0
2200,3850.0,0.9599999785423279,0.0,-3700.0,1.0,0.0
2220,3770.0,1.0,0.0,-3800.0,0.9200000166893005,0.0
2240,3790.0,1.0,0.0,-3700.0,0.9599999785423279,0.0
2260,3830.0,1.0,0.0,-3650.0,0.800000011920929,0.0
2280,3810.0,0.9599999785423279,0.0,-3630.0,0.9599999785423279,0.0
2300,3780.0,0.9599999785423279,0.0,-3630.0,0.8799999952316284,0.0
2320,3810.0,0.9599999785423279,0.0,-3770.0,1.0,0.0
2340,3740.0,0.9599999785423279,0.0,-3750.0,0.9599999785423279,0.0
2360,3800.0,0.9599999785423279,0.0,-3710.0,1.0,0.0
2380,3840.0,1.0,0.0,-3740.0,1.0,0.0
2400,3870.0,0.9599999785423279,0.0,-3770.0,0.9599999785423279,0.0
2420,3750.0,1.0,0.0,-3750.0,0.800000011920929,0.0
2440,3740.0,1.0,0.0,-3770.0,0.8799999952316284,0.0
2460,3730.0,1.0,0.0,-3680.0,0.9599999785423279,0.0
2480,3840.0,1.0,0.0,-3810.0,1.0,0.0
2500,3770.0,1.0,0.0,-3730.0,0.9599999785423279,0.0
2520,3700.0,1.0,0.0,-3740.0,0.9200000166893005,0.0
2540,3790.0,1.0,0.0,-3810.0,1.0,0.0
2560,3910.0,1.0,0.0,-3800.0,0.9200000166893005,0.0
2580,3830.0,1.0,0.0,-3700.0,1.0,0.0
2600,3740.0,0.9599999785423279,0.0,-3790.0,1.0,0.0
2620,3770.0,1.0,0.0,-3730.0,1.0,0.0
2640,3870.0,1.0,0.0,-3780.0,1.0,0.0
2660,3810.0,1.0,0.0,-3770.0,1.0,0.0
2680,3780.0,1.0,0.0,-3740.0,0.9599999785423279,0.0
2700,3740.0,1.0,0.0,-3770.0,0.9599999785423279,0.0
2720,3880.0,1.0,0.0,-3680.0,1.0,0.0
2740,3790.0,0.9200000166893005,0.0,-3770.0,0.800000011920929,0.0
2760,3800.0,1.0,0.0,-3660.0,1.0,0.0
2780,3860.0,1.0,0.0,-3590.0,0.9599999785423279,0.0
2800,3720.0,0.9599999785423279,0.0,-3760.0,1.0,0.0
2820,3840.0,1.0,0.0,-3680.0,1.0,0.0
2840,3790.0,1.0,0.0,-3710.0,1.0,0.0
2860,3750.0,1.0,0.0,-3730.0,1.0,0.0
2880,3760.0,0.9599999785423279,0.0,-3630.0,1.0,0.0
2900,3780.0,0.9599999785423279,0.0,-3730.0,1.0,0.0
2920,3740.0,1.0,0.0,-3690.0,1.0,0.0
2940,3740.0,1.0,0.0,-3710.0,1.0,0.0
2960,3830.0,1.0,0.0,-3710.0,1.0,0.0
2980,3770.0,1.0,0.0,-3660.0,0.9599999785423279,0.0
3000,3830.0,1.0,0.0,-3620.0,1.0,0.0
3020,3770.0,0.9599999785423279,0.0,-3680.0,1.0,0.0
3040,3790.0,1.0,0.0,-3600.0,0.9599999785423279,0.0
3060,3790.0,1.0,0.0,-3690.0,1.0,0.0
3080,3750.0,1.0,0.0,-3620.0,1.0,0.0
3100,3850.0,1.0,0.0,-3670.0,1.0,0.0
3120,3780.0,0.9599999785423279,0.0,-3700.0,0.9599999785423279,0.0
3140,3760.0,0.9599999785423279,0.0,-3680.0,1.0,0.0
3160,3780.0,1.0,0.0,-3770.0,1.0,0.0
3180,3820.0,0.9599999785423279,0.0,-3720.0,1.0,0.0
3200,3780.0,1.0,0.0,-3660.0,1.0,0.0
3220,3770.0,0.9599999785423279,0.0,-3750.0,1.0,0.0
3240,3770.0,1.0,0.0,-3730.0,1.0,0.0
3260,3850.0,0.9599999785423279,0.0,-3690.0,1.0,0.0
3280,3800.0,1.0,0.0,-3700.0,0.9599999785423279,0.0
3300,3770.0,0.9599999785423279,0.0,-3670.0,1.0,0.0
3320,3810.0,1.0,0.0,-3750.0,1.0,0.0
3340,3820.0,0.9599999785423279,0.0,-3760.0,1.0,0.0
3360,3800.0,1.0,0.0,-3770.0,1.0,0.0
3380,3750.0,0.9599999785423279,0.0,-3820.0,0.9599999785423279,0.0
3400,3810.0,1.0,0.0,-3840.0,0.9599999785423279,0.0
3420,3840.0,1.0,0.0,-3770.0,1.0,0.0
3440,3780.0,1.0,0.0,-3720.0,0.9599999785423279,0.0
3460,3800.0,1.0,0.0,-3710.0,1.0,0.0
3480,3780.0,1.0,0.0,-3710.0,0.800000011920929,0.0
3500,3760.0,0.9599999785423279,0.0,-3660.0,0.9599999785423279,0.0
3520,3790.0,1.0,0.0,-3690.0,1.0,0.0
3540,3790.0,1.0,0.0,-3750.0,1.0,0.0
3560,3790.0,0.9200000166893005,0.0,-3740.0,0.9599999785423279,0.0
3580,3780.0,1.0,0.0,-3610.0,0.9200000166893005,0.0
3600,3850.0,0.9599999785423279,0.0,-3760.0,0.8399999737739563,0.0
3620,3810.0,1.0,0.0,-3750.0,1.0,0.0
3640,3750.0,0.9599999785423279,0.0,-3670.0,1.0,0.0
3660,3770.0,1.0,0.0,-3590.0,1.0,0.0
3680,3790.0,0.9599999785423279,0.0,-3600.0,1.0,0.0
3700,3820.0,1.0,0.0,-3630.0,1.0,0.0
3720,3820.0,0.9599999785423279,0.0,-3720.0,1.0,0.0
3740,3810.0,0.9599999785423279,0.0,-3760.0,1.0,0.0
3760,3830.0,1.0,0.0,-3740.0,1.0,0.0
3780,3830.0,0.9599999785423279,0.0,-3680.0,0.8799999952316284,0.0
3800,3840.0,0.9599999785423279,0.0,-3640.0,1.0,0.0
3820,3840.0,1.0,0.0,-3730.0,0.8399999737739563,0.0
3840,3820.0,1.0,0.0,-3690.0,1.0,0.0
3860,3830.0,1.0,0.0,-3750.0,1.0,0.0
3880,3800.0,1.0,0.0,-3710.0,1.0,0.0
3900,3800.0,0.9599999785423279,0.0,-3680.0,1.0,0.0
3920,3790.0,1.0,0.0,-3790.0,0.9599999785423279,0.0
3940,3860.0,1.0,0.0,-3750.0,1.0,0.0
3960,3870.0,1.0,0.0,-3770.0,0.8799999952316284,0.0
3980,3860.0,1.0,0.0,-3750.0,1.0,0.0
4000,3810.0,1.0,0.0,-3680.0,1.0,0.0
4020,3790.0,1.0,0.0,-3700.0,1.0,0.0
4040,3780.0,1.0,0.0,-3790.0,0.9200000166893005,0.0
4060,3780.0,0.9599999785423279,0.0,-3680.0,1.0,0.0
4080,3830.0,0.9599999785423279,0.0,-3680.0,0.9599999785423279,0.0
4100,3830.0,1.0,0.0,-3680.0,1.0,0.0
4120,3770.0,1.0,0.0,-3650.0,1.0,0.0
4140,3830.0,0.9599999785423279,0.0,-3650.0,1.0,0.0
4160,3740.0,1.0,0.0,-3620.0,0.9599999785423279,0.0
4180,3830.0,0.9599999785423279,0.0,-3660.0,1.0,0.0
4200,3820.0,1.0,0.0,-3670.0,1.0,0.0
4220,3790.0,0.9599999785423279,0.0,-3770.0,1.0,0.0
4240,3850.0,1.0,0.0,-3710.0,1.0,0.0
4260,3880.0,1.0,0.0,-3650.0,0.9599999785423279,0.0
4280,3790.0,1.0,0.0,-3640.0,0.9599999785423279,0.0
4300,3800.0,1.0,0.0,-3710.0,0.9599999785423279,0.0
4320,3830.0,1.0,0.0,-3750.0,1.0,0.0
4340,3860.0,1.0,0.0,-3760.0,1.0,0.0
4360,3870.0,0.9599999785423279,0.0,-3690.0,1.0,0.0
4380,3770.0,1.0,0.0,-3780.0,1.0,0.0
4400,3860.0,1.0,0.0,-3710.0,1.0,0.0
4420,3770.0,0.9599999785423279,0.0,-3740.0,1.0,0.0
4440,3840.0,0.9599999785423279,0.0,-3700.0,1.0,0.0
4460,3870.0,1.0,0.0,-3740.0,1.0,0.0
4480,3870.0,0.9599999785423279,0.0,-3700.0,0.9599999785423279,0.0
4500,3750.0,1.0,0.0,-3650.0,1.0,0.0
4520,3830.0,0.9599999785423279,0.0,-3680.0,1.0,0.0
4540,3820.0,1.0,0.0,-3820.0,1.0,0.0
4560,3890.0,1.0,0.0,-3720.0,1.0,0.0
4580,3840.0,1.0,0.0,-3700.0,0.8399999737739563,0.0
4600,3830.0,1.0,0.0,-3820.0,0.9599999785423279,0.0
4620,3780.0,1.0,0.0,-3730.0,0.9599999785423279,0.0
4640,3890.0,0.9599999785423279,0.0,-3720.0,1.0,0.0
4660,3850.0,1.0,0.0,-3670.0,0.800000011920929,0.0
4680,3810.0,1.0,0.0,-3710.0,1.0,0.0
4700,3830.0,1.0,0.0,-3620.0,0.800000011920929,0.0
4720,3870.0,1.0,0.0,-3750.0,1.0,0.0
4740,3860.0,0.9599999785423279,0.0,-3720.0,1.0,0.0
4760,3800.0,0.9599999785423279,0.0,-3720.0,1.0,0.0
4780,3930.0,1.0,0.0,-3760.0,1.0,0.0
4800,3860.0,1.0,0.0,-3620.0,0.9599999785423279,0.0
4820,3870.0,0.9599999785423279,0.0,-3690.0,0.9599999785423279,0.0
4840,3800.0,1.0,0.0,-3730.0,1.0,0.0
4860,3870.0,1.0,0.0,-3630.0,1.0,0.0
4880,3890.0,1.0,0.0,-3720.0,1.0,0.0
4900,3900.0,1.0,0.0,-3710.0,0.9200000166893005,0.0
4920,3870.0,1.0,0.0,-3750.0,1.0,0.0
4940,3830.0,0.9599999785423279,0.0,-3750.0,0.9200000166893005,0.0
4960,3770.0,1.0,0.0,-3860.0,0.9599999785423279,0.0
4980,3810.0,1.0,0.0,-3720.0,0.9599999785423279,0.0
5000,3830.0,1.0,0.0,-3780.0,0.9599999785423279,0.0
5020,3870.0,1.0,0.0,-3720.0,0.800000011920929,0.0
5040,3770.0,1.0,0.0,-3700.0,0.9599999785423279,0.0
5060,3810.0,1.0,0.0,-3740.0,1.0,0.0
5080,3870.0,1.0,0.0,-3620.0,1.0,0.0
5100,3870.0,1.0,0.0,-3690.0,1.0,0.0
5120,3850.0,1.0,0.0,-3640.0,1.0,0.0
5140,3800.0,0.9599999785423279,0.0,-3680.0,1.0,0.0
5160,3910.0,1.0,0.0,-3720.0,1.0,0.0
5180,3850.0,1.0,0.0,-3640.0,1.0,0.0
5200,3850.0,0.9599999785423279,0.0,-3700.0,0.9200000166893005,0.0
5220,3780.0,0.9599999785423279,0.0,-3680.0,1.0,0.0
5240,3850.0,1.0,0.0,-3630.0,1.0,0.0
5260,3840.0,1.0,0.0,-3760.0,1.0,0.0
5280,3900.0,0.9599999785423279,0.0,-3830.0,1.0,0.0
5300,3880.0,1.0,0.0,-3770.0,0.9599999785423279,0.0
5320,3920.0,1.0,0.0,-3820.0,1.0,0.0
5340,3850.0,1.0,0.0,-3740.0,1.0,0.0
5360,3890.0,1.0,0.0,-3670.0,0.8399999737739563,0.0
5380,3820.0,0.9599999785423279,0.0,-3690.0,0.9599999785423279,0.0
5400,3950.0,1.0,0.0,-3670.0,1.0,0.0
5420,3880.0,1.0,0.0,-3700.0,1.0,0.0
5440,3860.0,0.9599999785423279,0.0,-3650.0,0.9200000166893005,0.0
5460,3900.0,0.9599999785423279,0.0,-3600.0,1.0,0.0
5480,3900.0,1.0,0.0,-3630.0,1.0,0.0
5500,3930.0,1.0,0.0,-3640.0,1.0,0.0
5520,3860.0,1.0,0.0,-3720.0,1.0,0.0
5540,3840.0,1.0,0.0,-3740.0,1.0,0.0
5560,3870.0,1.0,0.0,-3660.0,0.9599999785423279,0.0
5580,3930.0,0.9599999785423279,0.0,-3730.0,1.0,0.0
5600,3840.0,0.9200000166893005,0.0,-3770.0,1.0,0.0
5620,3900.0,1.0,0.0,-3660.0,1.0,0.0
5640,3950.0,0.9599999785423279,0.0,-3720.0,1.0,0.0
5660,3970.0,0.9599999785423279,0.0,-3650.0,1.0,0.0
5680,3890.0,1.0,0.0,-3700.0,1.0,0.0
5700,3840.0,1.0,0.0,-3740.0,1.0,0.0
5720,3840.0,1.0,0.0,-3700.0,0.8799999952316284,0.0
5740,3840.0,1.0,0.0,-3620.0,1.0,0.0
5760,3850.0,1.0,0.0,-3690.0,1.0,0.0
5780,3830.0,0.9599999785423279,0.0,-3670.0,1.0,0.0
5800,3760.0,1.0,0.0,-3710.0,1.0,0.0
5820,3920.0,0.9599999785423279,0.0,-3710.0,1.0,0.0
5840,3910.0,0.9599999785423279,0.0,-3600.0,0.9200000166893005,0.0
5860,3920.0,0.9599999785423279,0.0,-3710.0,1.0,0.0
5880,3890.0,1.0,0.0,-3660.0,1.0,0.0
5900,3900.0,0.9599999785423279,0.0,-3590.0,1.0,0.0
5920,3830.0,1.0,0.0,-3640.0,1.0,0.0
5940,3830.0,1.0,0.0,-3670.0,1.0,0.0
5960,3790.0,1.0,0.0,-3670.0,1.0,0.0
5980,3920.0,1.0,0.0,-3740.0,1.0,0.0
6000,3900.0,1.0,0.0,-3720.0,1.0,0.0
6020,3880.0,1.0,0.0,-3670.0,1.0,0.0
6040,3970.0,0.9599999785423279,0.0,-3640.0,1.0,0.0
6060,3860.0,0.9599999785423279,0.0,-3610.0,0.9200000166893005,0.0
6080,3890.0,1.0,0.0,-3700.0,0.9200000166893005,0.0
6100,3840.0,1.0,0.0,-3710.0,1.0,0.0
6120,3890.0,0.9599999785423279,0.0,-3790.0,0.9599999785423279,0.0
6140,3830.0,1.0,0.0,-3730.0,1.0,0.0
6160,3930.0,1.0,0.0,-3680.0,1.0,0.0
6180,3890.0,1.0,0.0,-3680.0,1.0,0.0
6200,4000.0,0.9599999785423279,0.0,-3790.0,1.0,0.0
6220,3890.0,0.9599999785423279,0.0,-3730.0,1.0,0.0
6240,3880.0,0.9599999785423279,0.0,-3760.0,1.0,0.0
6260,3830.0,0.9599999785423279,0.0,-3650.0,0.9200000166893005,0.0
6280,3850.0,1.0,0.0,-3700.0,1.0,0.0
6300,3870.0,1.0,0.0,-3660.0,1.0,0.0
6320,3860.0,1.0,0.0,-3630.0,0.9599999785423279,0.0
6340,3820.0,0.9599999785423279,0.0,-3670.0,1.0,0.0
6360,3970.0,0.9599999785423279,0.0,-3640.0,1.0,0.0
6380,3900.0,1.0,0.0,-3680.0,1.0,0.0
6400,3880.0,0.9599999785423279,0.0,-3620.0,0.9200000166893005,0.0
6420,3900.0,0.9200000166893005,0.0,-3620.0,1.0,0.0
6440,4020.0,1.0,0.0,-3570.0,1.0,0.0
6460,3920.0,0.9200000166893005,0.0,-3650.0,0.9599999785423279,0.0
6480,3890.0,1.0,0.0,-3590.0,1.0,0.0
6500,3880.0,1.0,0.0,-3730.0,1.0,0.0
6520,3890.0,1.0,0.0,-3650.0,1.0,0.0
6540,3920.0,1.0,0.0,-3600.0,1.0,0.0
6560,3810.0,1.0,0.0,-3600.0,1.0,0.0
6580,3920.0,0.9599999785423279,0.0,-3590.0,0.9599999785423279,0.0
6600,3910.0,1.0,0.0,-3740.0,1.0,0.0
6620,4020.0,1.0,0.0,-3640.0,1.0,0.0
6640,3940.0,1.0,0.0,-3650.0,1.0,0.0
6660,3930.0,0.9599999785423279,0.0,-3690.0,1.0,0.0
6680,3880.0,1.0,0.0,-3670.0,0.9599999785423279,0.0
6700,3870.0,1.0,0.0,-3670.0,1.0,0.0
6720,3980.0,0.9200000166893005,0.0,-3720.0,1.0,0.0
6740,3900.0,1.0,0.0,-3720.0,1.0,0.0
6760,3970.0,0.9599999785423279,0.0,-3660.0,0.9599999785423279,0.0
6780,3840.0,1.0,0.0,-3690.0,0.9599999785423279,0.0
6800,3870.0,1.0,0.0,-3700.0,1.0,0.0
6820,3900.0,1.0,0.0,-3680.0,1.0,0.0
6840,3960.0,0.9599999785423279,0.0,-3610.0,1.0,0.0
6860,4050.0,0.9599999785423279,0.0,-3650.0,1.0,0.0
6880,3870.0,1.0,0.0,-3690.0,1.0,0.0
6900,3830.0,1.0,0.0,-3680.0,1.0,0.0
6920,3870.0,0.9200000166893005,0.0,-3660.0,1.0,0.0
6940,3850.0,1.0,0.0,-3610.0,1.0,0.0
6960,3860.0,0.9599999785423279,0.0,-3570.0,1.0,0.0
6980,3890.0,0.9599999785423279,0.0,-3620.0,1.0,0.0
7000,3980.0,0.9599999785423279,0.0,-3620.0,1.0,0.0
7020,4010.0,0.9599999785423279,0.0,-3640.0,1.0,0.0
7040,3980.0,1.0,0.0,-3620.0,1.0,0.0
7060,3960.0,1.0,0.0,-3600.0,1.0,0.0
7080,3900.0,1.0,0.0,-3630.0,1.0,0.0
7100,3860.0,0.9599999785423279,0.0,-3580.0,1.0,0.0
7120,3800.0,1.0,0.0,-3580.0,1.0,0.0
7140,3840.0,1.0,0.0,-3590.0,1.0,0.0
7160,3880.0,1.0,0.0,-3670.0,1.0,0.0
7180,3920.0,1.0,0.0,-3610.0,1.0,0.0
7200,3990.0,0.9599999785423279,0.0,-3640.0,1.0,0.0
7220,3960.0,1.0,0.0,-3600.0,1.0,0.0
7240,3960.0,1.0,0.0,-3520.0,1.0,0.0
7260,3930.0,1.0,0.0,-3590.0,1.0,0.0
7280,3900.0,1.0,0.0,-3600.0,1.0,0.0
7300,3880.0,1.0,0.0,-3700.0,1.0,0.0
7320,3920.0,1.0,0.0,-3590.0,1.0,0.0
7340,3850.0,1.0,0.0,-3580.0,1.0,0.0
7360,3890.0,0.9599999785423279,0.0,-3700.0,1.0,0.0
7380,3960.0,1.0,0.0,-3640.0,1.0,0.0
7400,4000.0,0.9599999785423279,0.0,-3700.0,1.0,0.0
7420,3930.0,1.0,0.0,-3600.0,1.0,0.0
7440,3980.0,1.0,0.0,-3550.0,1.0,0.0
7460,3960.0,1.0,0.0,-3700.0,1.0,0.0
7480,3930.0,1.0,0.0,-3610.0,1.0,0.0
7500,3870.0,0.9599999785423279,0.0,-3620.0,1.0,0.0
7520,3890.0,1.0,0.0,-3530.0,1.0,0.0
7540,3860.0,1.0,0.0,-3580.0,1.0,0.0
7560,3910.0,0.9599999785423279,0.0,-3640.0,1.0,0.0
7580,3990.0,1.0,0.0,-3590.0,1.0,0.0
7600,3980.0,1.0,0.0,-3620.0,1.0,0.0
7620,3970.0,0.9599999785423279,0.0,-3620.0,1.0,0.0
7640,3980.0,0.9599999785423279,0.0,-3540.0,1.0,0.0
7660,3960.0,1.0,0.0,-3520.0,1.0,0.0
7680,3920.0,1.0,0.0,-3600.0,1.0,0.0
7700,3900.0,1.0,0.0,-3620.0,1.0,0.0
7720,3870.0,1.0,0.0,-3600.0,1.0,0.0
7740,3890.0,1.0,0.0,-3550.0,1.0,0.0
7760,3990.0,1.0,0.0,-3600.0,1.0,0.0
7780,3970.0,0.9599999785423279,0.0,-3660.0,1.0,0.0
7800,4070.0,0.9599999785423279,0.0,-3630.0,1.0,0.0
7820,4010.0,0.9599999785423279,0.0,-3540.0,0.9599999785423279,0.0
7840,3960.0,0.9599999785423279,0.0,-3630.0,1.0,0.0
7860,3980.0,0.9599999785423279,0.0,-3680.0,1.0,0.0
7880,3900.0,1.0,0.0,-3610.0,0.9599999785423279,0.0
7900,3890.0,0.9599999785423279,0.0,-3590.0,0.9599999785423279,0.0
7920,4010.0,1.0,0.0,-3570.0,1.0,0.0
7940,3990.0,1.0,0.0,-3610.0,1.0,0.0
7960,3950.0,0.9599999785423279,0.0,-3600.0,1.0,0.0
7980,4040.0,1.0,0.0,-3590.0,1.0,0.0
8000,3930.0,1.0,0.0,-3640.0,1.0,0.0
8020,4030.0,1.0,0.0,-3650.0,1.0,0.0
8040,3920.0,1.0,0.0,-3630.0,1.0,0.0
8060,3990.0,1.0,0.0,-3650.0,1.0,0.0
8080,3920.0,1.0,0.0,-3610.0,1.0,0.0
8100,3930.0,1.0,0.0,-3730.0,1.0,0.0
8120,4000.0,1.0,0.0,-3640.0,1.0,0.0
8140,4000.0,0.9200000166893005,0.0,-3630.0,1.0,0.0
8160,4000.0,0.9599999785423279,0.0,-3630.0,1.0,0.0
8180,3930.0,1.0,0.0,-3570.0,1.0,0.0
8200,3890.0,0.9200000166893005,0.0,-3650.0,1.0,0.0
8220,3930.0,1.0,0.0,-3640.0,1.0,0.0
8240,3930.0,1.0,0.0,-3640.0,1.0,0.0
8260,3970.0,1.0,0.0,-3560.0,1.0,0.0
8280,4010.0,0.9200000166893005,0.0,-3620.0,1.0,0.0
8300,4040.0,1.0,0.0,-3650.0,1.0,0.0
8320,4060.0,1.0,0.0,-3640.0,1.0,0.0
8340,4030.0,0.9599999785423279,0.0,-3630.0,1.0,0.0
8360,3990.0,1.0,0.0,-3650.0,1.0,0.0
8380,3930.0,1.0,0.0,-3660.0,1.0,0.0
8400,3880.0,1.0,0.0,-3660.0,1.0,0.0
8420,3910.0,1.0,0.0,-3620.0,1.0,0.0
8440,3980.0,1.0,0.0,-3680.0,1.0,0.0
8460,3970.0,1.0,0.0,-3630.0,1.0,0.0
8480,3980.0,1.0,0.0,-3680.0,1.0,0.0
8500,4090.0,0.9200000166893005,0.0,-3530.0,1.0,0.0
8520,4010.0,1.0,0.0,-3630.0,1.0,0.0
8540,3880.0,0.9200000166893005,0.0,-3660.0,1.0,0.0
8560,3880.0,1.0,0.0,-3650.0,1.0,0.0
8580,3920.0,0.9599999785423279,0.0,-3650.0,1.0,0.0
8600,3970.0,0.9599999785423279,0.0,-3610.0,1.0,0.0
8620,3930.0,1.0,0.0,-3650.0,1.0,0.0
8640,3900.0,1.0,0.0,-3630.0,1.0,0.0
8660,3960.0,1.0,0.0,-3640.0,1.0,0.0
8680,4040.0,0.9599999785423279,0.0,-3590.0,1.0,0.0
8700,3980.0,1.0,0.0,-3630.0,1.0,0.0
8720,3960.0,0.9599999785423279,0.0,-3590.0,1.0,0.0
8740,3960.0,0.800000011920929,0.0,-3640.0,1.0,0.0
8760,3970.0,1.0,0.0,-3510.0,1.0,0.0
8780,3990.0,1.0,0.0,-3630.0,1.0,0.0
8800,3920.0,0.9200000166893005,0.0,-3560.0,1.0,0.0
8820,4000.0,1.0,0.0,-3650.0,1.0,0.0
8840,3960.0,0.9200000166893005,0.0,-3630.0,1.0,0.0
8860,4020.0,1.0,0.0,-3550.0,1.0,0.0
8880,3970.0,1.0,0.0,-3620.0,1.0,0.0
8900,3980.0,1.0,0.0,-3530.0,1.0,0.0
8920,3910.0,0.8399999737739563,0.0,-3530.0,1.0,0.0
8940,3940.0,1.0,0.0,-3580.0,1.0,0.0
8960,4010.0,0.9599999785423279,0.0,-3590.0,1.0,0.0
8980,3970.0,0.9599999785423279,0.0,-3610.0,1.0,0.0
9000,3950.0,1.0,0.0,-3570.0,1.0,0.0
9020,3940.0,1.0,0.0,-3530.0,1.0,0.0
9040,3940.0,1.0,0.0,-3590.0,1.0,0.0
9060,3940.0,1.0,0.0,-3730.0,1.0,0.0
9080,4020.0,1.0,0.0,-3580.0,1.0,0.0
9100,3900.0,1.0,0.0,-3610.0,1.0,0.0
9120,4000.0,0.9599999785423279,0.0,-3660.0,1.0,0.0
9140,3880.0,1.0,0.0,-3600.0,1.0,0.0
9160,4010.0,1.0,0.0,-3610.0,1.0,0.0
9180,3990.0,1.0,0.0,-3600.0,1.0,0.0
9200,4060.0,0.9599999785423279,0.0,-3600.0,1.0,0.0
9220,3950.0,1.0,0.0,-3610.0,1.0,0.0
9240,3980.0,1.0,0.0,-3630.0,1.0,0.0
9260,3970.0,1.0,0.0,-3580.0,1.0,0.0
9280,4020.0,1.0,0.0,-3630.0,1.0,0.0
9300,3900.0,0.9200000166893005,0.0,-3590.0,1.0,0.0
9320,3990.0,1.0,0.0,-3630.0,1.0,0.0
9340,3970.0,0.9599999785423279,0.0,-3660.0,1.0,0.0
9360,3930.0,0.9599999785423279,0.0,-3580.0,1.0,0.0
9380,4040.0,1.0,0.0,-3660.0,1.0,0.0
9400,4020.0,1.0,0.0,-3650.0,1.0,0.0
9420,4020.0,0.8399999737739563,0.0,-3600.0,1.0,0.0
9440,3970.0,1.0,0.0,-3570.0,1.0,0.0
9460,4040.0,0.9599999785423279,0.0,-3660.0,1.0,0.0
9480,3980.0,1.0,0.0,-3630.0,1.0,0.0
9500,4050.0,1.0,0.0,-3590.0,1.0,0.0
9520,4120.0,0.9599999785423279,0.0,-3610.0,0.9599999785423279,0.0
9540,4030.0,0.9599999785423279,0.0,-3600.0,1.0,0.0
9560,4020.0,1.0,0.0,-3600.0,1.0,0.0
9580,3980.0,1.0,0.0,-3560.0,1.0,0.0
9600,4020.0,1.0,0.0,-3590.0,1.0,0.0
9620,4050.0,1.0,0.0,-3610.0,1.0,0.0
9640,3990.0,1.0,0.0,-3610.0,1.0,0.0
9660,4010.0,1.0,0.0,-3600.0,1.0,0.0
9680,4090.0,1.0,0.0,-3630.0,1.0,0.0
9700,4080.0,0.800000011920929,0.0,-3580.0,1.0,0.0
9720,4080.0,0.800000011920929,0.0,-3660.0,1.0,0.0
9740,3910.0,1.0,0.0,-3610.0,0.9599999785423279,0.0
9760,4000.0,1.0,0.0,-3590.0,1.0,0.0
9780,4040.0,0.9599999785423279,0.0,-3680.0,1.0,0.0
9800,4050.0,1.0,0.0,-3630.0,1.0,0.0
9820,4010.0,0.9599999785423279,0.0,-3720.0,1.0,0.0
9840,4020.0,1.0,0.0,-3660.0,1.0,0.0
9860,4080.0,0.800000011920929,0.0,-3560.0,1.0,0.0
9880,4000.0,1.0,0.0,-3670.0,1.0,0.0
9900,3980.0,0.9200000166893005,0.0,-3600.0,1.0,0.0
9920,3960.0,1.0,0.0,-3710.0,1.0,0.0
9940,3970.0,1.0,0.0,-3670.0,1.0,0.0
9960,4060.0,1.0,0.0,-3600.0,1.0,0.0
9980,4020.0,1.0,0.0,-3600.0,1.0,0.0
10000,4010.0,1.0,0.0,-3650.0,1.0,0.0
10020,4050.0,0.9599999785423279,0.0,-3630.0,1.0,0.0
10040,4010.0,1.0,0.0,-3680.0,1.0,0.0
10060,4090.0,0.9599999785423279,0.0,-3570.0,1.0,0.0
10080,4080.0,0.9599999785423279,0.0,-3580.0,1.0,0.0
10100,4210.0,0.9200000166893005,0.0,-3630.0,1.0,0.0
10120,4040.0,1.0,0.0,-3660.0,1.0,0.0
10140,4100.0,1.0,0.0,-3740.0,1.0,0.0
10160,4070.0,0.9599999785423279,0.0,-3640.0,1.0,0.0
10180,4060.0,1.0,0.0,-3590.0,1.0,0.0
10200,3960.0,0.9200000166893005,0.0,-3530.0,1.0,0.0
10220,4000.0,1.0,0.0,-3630.0,1.0,0.0
10240,4070.0,0.9599999785423279,0.0,-3590.0,1.0,0.0
10260,4050.0,1.0,0.0,-3600.0,1.0,0.0
10280,4020.0,1.0,0.0,-3600.0,1.0,0.0
10300,4020.0,1.0,0.0,-3590.0,1.0,0.0
10320,4100.0,0.9599999785423279,0.0,-3620.0,1.0,0.0
10340,4150.0,1.0,0.0,-3630.0,1.0,0.0
10360,4100.0,1.0,0.0,-3640.0,1.0,0.0
10380,3970.0,1.0,0.0,-3630.0,1.0,0.0
10400,4060.0,0.9599999785423279,0.0,-3570.0,1.0,0.0
10420,4040.0,1.0,0.0,-3690.0,1.0,0.0
10440,4060.0,1.0,0.0,-3660.0,1.0,0.0
10460,3960.0,1.0,0.0,-3700.0,1.0,0.0
10480,4050.0,0.9599999785423279,0.0,-3690.0,1.0,0.0
10500,4090.0,1.0,0.0,-3730.0,1.0,0.0
10520,4120.0,0.800000011920929,0.0,-3720.0,1.0,0.0
10540,4190.0,1.0,0.0,-3690.0,1.0,0.0
10560,4180.0,1.0,0.0,-3700.0,1.0,0.0
10580,4130.0,0.800000011920929,0.0,-3650.0,1.0,0.0
10600,4180.0,0.8799999952316284,0.0,-3590.0,1.0,0.0
10620,4100.0,0.9599999785423279,0.0,-3750.0,1.0,0.0
10640,4190.0,1.0,0.0,-3710.0,1.0,0.0
10660,4050.0,0.800000011920929,0.0,-3670.0,1.0,0.0
10680,4140.0,1.0,0.0,-3650.0,1.0,0.0
10700,4140.0,1.0,0.0,-3560.0,1.0,0.0
10720,4160.0,1.0,0.0,-3670.0,1.0,0.0
10740,4080.0,1.0,0.0,-3650.0,1.0,0.0
10760,4120.0,1.0,0.0,-3700.0,1.0,0.0
10780,4110.0,0.800000011920929,0.0,-3670.0,1.0,0.0
10800,4110.0,1.0,0.0,-3780.0,1.0,0.0
10820,4080.0,1.0,0.0,-3760.0,1.0,0.0
10840,3980.0,1.0,0.0,-3790.0,1.0,0.0
10860,3990.0,1.0,0.0,-3800.0,1.0,0.0
10880,4070.0,1.0,0.0,-3760.0,1.0,0.0
10900,4180.0,1.0,0.0,-3750.0,1.0,0.0
10920,4010.0,0.9599999785423279,0.0,-3680.0,1.0,0.0
10940,4140.0,1.0,0.0,-3760.0,1.0,0.0
10960,4210.0,0.8399999737739563,0.0,-3740.0,1.0,0.0
10980,4170.0,0.8399999737739563,0.0,-3710.0,1.0,0.0
11000,4160.0,0.9599999785423279,0.0,-3730.0,1.0,0.0
11020,4130.0,0.800000011920929,0.0,-3760.0,1.0,0.0
11040,4120.0,1.0,0.0,-3760.0,1.0,0.0
11060,4020.0,1.0,0.0,-3680.0,1.0,0.0
11080,3980.0,0.8799999952316284,0.0,-3720.0,1.0,0.0
11100,4090.0,1.0,0.0,-3650.0,1.0,0.0
11120,3980.0,1.0,0.0,-3740.0,1.0,0.0
11140,4120.0,1.0,0.0,-3710.0,1.0,0.0
11160,4020.0,1.0,0.0,-3730.0,1.0,0.0
11180,4130.0,1.0,0.0,-3720.0,1.0,0.0
11200,4080.0,1.0,0.0,-3660.0,1.0,0.0
11220,4120.0,0.8799999952316284,0.0,-3730.0,1.0,0.0
11240,4090.0,1.0,0.0,-3670.0,1.0,0.0
11260,4050.0,1.0,0.0,-3670.0,1.0,0.0
11280,4020.0,1.0,0.0,-3680.0,1.0,0.0
11300,4010.0,1.0,0.0,-3600.0,1.0,0.0
11320,4140.0,1.0,0.0,-3650.0,1.0,0.0
11340,4140.0,0.9599999785423279,0.0,-3740.0,1.0,0.0
11360,4160.0,1.0,0.0,-3680.0,1.0,0.0
11380,4130.0,1.0,0.0,-3670.0,1.0,0.0
11400,4190.0,1.0,0.0,-3660.0,1.0,0.0
11420,4190.0,1.0,0.0,-3680.0,1.0,0.0
11440,4070.0,1.0,0.0,-3620.0,0.9599999785423279,0.0
11460,4050.0,1.0,0.0,-3670.0,1.0,0.0
11480,4110.0,1.0,0.0,-3750.0,1.0,0.0
11500,4030.0,0.9200000166893005,0.0,-3660.0,1.0,0.0
11520,4030.0,1.0,0.0,-3670.0,1.0,0.0
11540,4080.0,1.0,0.0,-3680.0,1.0,0.0
11560,4140.0,1.0,0.0,-3760.0,1.0,0.0
11580,4090.0,1.0,0.0,-3740.0,1.0,0.0
11600,4160.0,1.0,0.0,-3780.0,1.0,0.0
11620,4200.0,1.0,0.0,-3760.0,1.0,0.0
11640,4360.0,1.0,0.0,-3750.0,1.0,0.0
11660,4180.0,0.9599999785423279,0.0,-3780.0,1.0,0.0
11680,4100.0,1.0,0.0,-3740.0,1.0,0.0
11700,4100.0,1.0,0.0,-3680.0,1.0,0.0
11720,4080.0,1.0,0.0,-3630.0,1.0,0.0
11740,4190.0,1.0,0.0,-3720.0,1.0,0.0
11760,4260.0,0.9599999785423279,0.0,-3770.0,1.0,0.0
11780,4110.0,1.0,0.0,-3720.0,1.0,0.0
11800,4250.0,1.0,0.0,-3700.0,1.0,0.0
11820,4150.0,1.0,0.0,-3680.0,1.0,0.0
11840,4100.0,1.0,0.0,-3700.0,1.0,0.0
11860,4120.0,1.0,0.0,-3770.0,1.0,0.0
11880,4000.0,0.9599999785423279,0.0,-3710.0,1.0,0.0
11900,3940.0,1.0,0.0,-3630.0,1.0,0.0
11920,4100.0,1.0,0.0,-3710.0,1.0,0.0
11940,4130.0,0.9599999785423279,0.0,-3680.0,1.0,0.0
11960,4100.0,1.0,0.0,-3770.0,1.0,0.0
11980,4140.0,0.9599999785423279,0.0,-3710.0,1.0,0.0
12000,4170.0,1.0,0.0,-3670.0,1.0,0.0
12020,4250.0,0.9599999785423279,0.0,-3730.0,1.0,0.0
12040,4160.0,1.0,0.0,-3720.0,1.0,0.0
12060,4060.0,1.0,0.0,-3740.0,1.0,0.0
12080,4100.0,1.0,0.0,-3650.0,1.0,0.0
12100,4130.0,1.0,0.0,-3650.0,1.0,0.0
12120,4090.0,1.0,0.0,-3730.0,1.0,0.0
12140,4030.0,1.0,0.0,-3780.0,1.0,0.0
12160,4120.0,1.0,0.0,-3700.0,1.0,0.0
12180,4180.0,1.0,0.0,-3680.0,1.0,0.0
12200,4150.0,1.0,0.0,-3730.0,1.0,0.0
12220,4240.0,1.0,0.0,-3730.0,1.0,0.0
12240,4190.0,0.9200000166893005,0.0,-3820.0,1.0,0.0
12260,4140.0,1.0,0.0,-3740.0,1.0,0.0
12280,4140.0,1.0,0.0,-3760.0,1.0,0.0
12300,4160.0,1.0,0.0,-3730.0,1.0,0.0
12320,4210.0,0.9599999785423279,0.0,-3750.0,1.0,0.0
12340,4100.0,1.0,0.0,-3800.0,1.0,0.0
12360,4010.0,0.9200000166893005,0.0,-3770.0,1.0,0.0
12380,4030.0,1.0,0.0,-3660.0,1.0,0.0
12400,4190.0,1.0,0.0,-3750.0,1.0,0.0
12420,4180.0,1.0,0.0,-3730.0,1.0,0.0
12440,4100.0,1.0,0.0,-3770.0,1.0,0.0
12460,4110.0,1.0,0.0,-3740.0,1.0,0.0
12480,4090.0,1.0,0.0,-3680.0,1.0,0.0
12500,4130.0,1.0,0.0,-3720.0,1.0,0.0
12520,4290.0,1.0,0.0,-3740.0,1.0,0.0
12540,4210.0,1.0,0.0,-3800.0,1.0,0.0
12560,4110.0,1.0,0.0,-3740.0,1.0,0.0
12580,4100.0,1.0,0.0,-3750.0,1.0,0.0
12600,4220.0,1.0,0.0,-3650.0,1.0,0.0
12620,4230.0,1.0,0.0,-3750.0,1.0,0.0
12640,4180.0,1.0,0.0,-3730.0,1.0,0.0
12660,4120.0,1.0,0.0,-3670.0,1.0,0.0
12680,4080.0,1.0,0.0,-3700.0,1.0,0.0
12700,4200.0,1.0,0.0,-3720.0,1.0,0.0
12720,4200.0,1.0,0.0,-3710.0,1.0,0.0
12740,4160.0,1.0,0.0,-3740.0,1.0,0.0
12760,4110.0,1.0,0.0,-3700.0,1.0,0.0
12780,4080.0,0.8399999737739563,0.0,-3850.0,1.0,0.0
12800,4040.0,1.0,0.0,-3740.0,1.0,0.0
12820,4090.0,1.0,0.0,-3840.0,1.0,0.0
12840,4110.0,1.0,0.0,-3740.0,1.0,0.0
12860,4290.0,1.0,0.0,-3700.0,1.0,0.0
12880,4160.0,1.0,0.0,-3670.0,1.0,0.0
12900,4190.0,1.0,0.0,-3700.0,1.0,0.0
12920,4230.0,1.0,0.0,-3730.0,1.0,0.0
12940,4100.0,1.0,0.0,-3820.0,1.0,0.0
12960,4090.0,1.0,0.0,-3710.0,1.0,0.0
12980,4170.0,1.0,0.0,-3710.0,1.0,0.0
13000,4150.0,1.0,0.0,-3740.0,1.0,0.0
13020,4100.0,1.0,0.0,-3770.0,1.0,0.0
13040,4200.0,1.0,0.0,-3710.0,1.0,0.0
13060,4150.0,1.0,0.0,-3740.0,1.0,0.0
13080,4180.0,0.9599999785423279,0.0,-3780.0,1.0,0.0
13100,4160.0,1.0,0.0,-3720.0,1.0,0.0
13120,4200.0,1.0,0.0,-3740.0,1.0,0.0
13140,4130.0,1.0,0.0,-3780.0,1.0,0.0
13160,4050.0,1.0,0.0,-3790.0,1.0,0.0
13180,4030.0,0.9599999785423279,0.0,-3780.0,1.0,0.0
13200,4130.0,1.0,0.0,-3740.0,1.0,0.0
13220,4190.0,1.0,0.0,-3790.0,1.0,0.0
13240,4170.0,0.8799999952316284,0.0,-3820.0,1.0,0.0
13260,4140.0,1.0,0.0,-3770.0,1.0,0.0
13280,4110.0,1.0,0.0,-3770.0,1.0,0.0
13300,4100.0,1.0,0.0,-3750.0,1.0,0.0
13320,3980.0,1.0,0.0,-3750.0,1.0,0.0
13340,4080.0,1.0,0.0,-3710.0,1.0,0.0
13360,4140.0,1.0,0.0,-3620.0,1.0,0.0
13380,4130.0,1.0,0.0,-3750.0,1.0,0.0
13400,4080.0,1.0,0.0,-3840.0,1.0,0.0
13420,4160.0,1.0,0.0,-3720.0,1.0,0.0
13440,4140.0,1.0,0.0,-3760.0,1.0,0.0
13460,4170.0,1.0,0.0,-3750.0,1.0,0.0
13480,4170.0,1.0,0.0,-3810.0,1.0,0.0
13500,4200.0,1.0,0.0,-3810.0,1.0,0.0
13520,4140.0,1.0,0.0,-3660.0,1.0,0.0
13540,4120.0,1.0,0.0,-3780.0,1.0,0.0
13560,4210.0,1.0,0.0,-3760.0,1.0,0.0
13580,4310.0,1.0,0.0,-3650.0,1.0,0.0
13600,4240.0,1.0,0.0,-3740.0,1.0,0.0
13620,4060.0,1.0,0.0,-3740.0,1.0,0.0
13640,3980.0,1.0,0.0,-3820.0,1.0,0.0
13660,4070.0,1.0,0.0,-3890.0,1.0,0.0
13680,4250.0,1.0,0.0,-3800.0,1.0,0.0
13700,4180.0,1.0,0.0,-3870.0,1.0,0.0
13720,4160.0,1.0,0.0,-3930.0,1.0,0.0
13740,4180.0,1.0,0.0,-3840.0,1.0,0.0
13760,4070.0,1.0,0.0,-3770.0,1.0,0.0
13780,4080.0,1.0,0.0,-3750.0,1.0,0.0
13800,3960.0,1.0,0.0,-3670.0,1.0,0.0
13820,3930.0,1.0,0.0,-3810.0,1.0,0.0
13840,4050.0,1.0,0.0,-3740.0,1.0,0.0
13860,4090.0,1.0,0.0,-3740.0,1.0,0.0
13880,4060.0,1.0,0.0,-3730.0,1.0,0.0
13900,3960.0,1.0,0.0,-3740.0,1.0,0.0
13920,3880.0,1.0,0.0,-3810.0,1.0,0.0
13940,3900.0,1.0,0.0,-3660.0,1.0,0.0
13960,3950.0,1.0,0.0,-3770.0,1.0,0.0
13980,4120.0,1.0,0.0,-3800.0,1.0,0.0
14000,3980.0,1.0,0.0,-3910.0,1.0,0.0
14020,4010.0,1.0,0.0,-3810.0,1.0,0.0
14040,4030.0,1.0,0.0,-3840.0,1.0,0.0
14060,3980.0,0.9599999785423279,0.0,-3700.0,1.0,0.0
14080,4110.0,1.0,0.0,-3740.0,1.0,0.0
14100,4070.0,1.0,0.0,-3700.0,1.0,0.0
14120,3910.0,1.0,0.0,-3850.0,1.0,0.0
14140,4030.0,1.0,0.0,-3780.0,1.0,0.0
14160,4050.0,1.0,0.0,-3720.0,1.0,0.0
14180,4120.0,1.0,0.0,-3760.0,1.0,0.0
14200,4130.0,1.0,0.0,-3810.0,1.0,0.0
14220,3960.0,1.0,0.0,-3760.0,1.0,0.0
14240,3930.0,1.0,0.0,-3760.0,1.0,0.0
14260,4000.0,1.0,0.0,-3770.0,1.0,0.0
14280,4000.0,1.0,0.0,-3840.0,1.0,0.0
14300,3880.0,1.0,0.0,-3750.0,1.0,0.0
14320,4020.0,1.0,0.0,-3800.0,0.9599999785423279,0.0
14340,4050.0,1.0,0.0,-3630.0,1.0,0.0
14360,4120.0,1.0,0.0,-3730.0,1.0,0.0
14380,4080.0,1.0,0.0,-3720.0,1.0,0.0
14400,4130.0,1.0,0.0,-3660.0,1.0,0.0
14420,4090.0,1.0,0.0,-3670.0,0.9599999785423279,0.0
14440,4050.0,1.0,0.0,-3690.0,1.0,0.0
14460,4060.0,1.0,0.0,-3730.0,1.0,0.0
14480,4020.0,1.0,0.0,-3760.0,1.0,0.0
14500,3960.0,1.0,0.0,-3700.0,1.0,0.0
14520,4010.0,1.0,0.0,-3740.0,1.0,0.0
14540,4030.0,1.0,0.0,-3690.0,1.0,0.0
14560,4140.0,1.0,0.0,-3700.0,1.0,0.0
14580,4030.0,1.0,0.0,-3690.0,1.0,0.0
14600,4030.0,1.0,0.0,-3680.0,1.0,0.0
14620,4100.0,1.0,0.0,-3760.0,1.0,0.0
14640,4100.0,1.0,0.0,-3700.0,1.0,0.0
14660,4020.0,1.0,0.0,-3790.0,1.0,0.0
14680,3870.0,1.0,0.0,-3750.0,1.0,0.0
14700,3960.0,1.0,0.0,-3700.0,1.0,0.0
14720,4040.0,1.0,0.0,-3770.0,1.0,0.0
14740,3980.0,1.0,0.0,-3800.0,1.0,0.0
14760,3990.0,1.0,0.0,-3790.0,1.0,0.0
14780,4030.0,1.0,0.0,-3720.0,1.0,0.0
14800,4040.0,1.0,0.0,-3720.0,1.0,0.0
14820,4140.0,1.0,0.0,-3690.0,1.0,0.0
14840,4040.0,1.0,0.0,-3800.0,1.0,0.0
14860,4010.0,1.0,0.0,-3720.0,1.0,0.0
14880,4020.0,1.0,0.0,-3750.0,1.0,0.0
14900,4020.0,1.0,0.0,-3630.0,1.0,0.0
14920,4160.0,1.0,0.0,-3680.0,1.0,0.0
14940,4030.0,1.0,0.0,-3660.0,1.0,0.0
14960,4080.0,1.0,0.0,-3690.0,1.0,0.0
14980,4090.0,1.0,0.0,-3750.0,1.0,0.0
15000,4130.0,0.9599999785423279,0.0,-3720.0,1.0,0.0
15020,4100.0,1.0,0.0,-3640.0,1.0,0.0
15040,4090.0,1.0,0.0,-3630.0,1.0,0.0
15060,3960.0,1.0,0.0,-3610.0,0.9599999785423279,0.0
15080,3910.0,1.0,0.0,-3690.0,1.0,0.0
15100,3970.0,1.0,0.0,-3780.0,1.0,0.0
15120,4070.0,1.0,0.0,-3810.0,1.0,0.0
15140,3930.0,1.0,0.0,-3760.0,1.0,0.0
15160,3990.0,1.0,0.0,-3760.0,1.0,0.0
15180,4130.0,1.0,0.0,-3830.0,1.0,0.0
15200,4130.0,1.0,0.0,-3780.0,1.0,0.0
15220,4030.0,1.0,0.0,-3620.0,1.0,0.0
15240,3980.0,1.0,0.0,-3750.0,1.0,0.0
15260,3910.0,1.0,0.0,-3780.0,1.0,0.0
15280,3920.0,1.0,0.0,-3790.0,1.0,0.0
15300,3980.0,1.0,0.0,-3770.0,1.0,0.0
15320,4000.0,1.0,0.0,-3650.0,1.0,0.0
15340,3940.0,1.0,0.0,-3680.0,1.0,0.0
15360,3960.0,1.0,0.0,-3820.0,1.0,0.0
15380,4030.0,1.0,0.0,-3670.0,1.0,0.0
15400,4010.0,1.0,0.0,-3670.0,1.0,0.0
15420,4020.0,1.0,0.0,-3800.0,1.0,0.0
15440,3820.0,1.0,0.0,-3700.0,1.0,0.0
15460,3970.0,1.0,0.0,-3710.0,1.0,0.0
15480,4090.0,1.0,0.0,-3750.0,1.0,0.0
15500,3970.0,1.0,0.0,-3690.0,1.0,0.0
15520,3890.0,1.0,0.0,-3660.0,1.0,0.0
15540,3930.0,1.0,0.0,-3550.0,1.0,0.0
15560,4050.0,1.0,0.0,-3660.0,1.0,0.0
15580,4110.0,1.0,0.0,-3760.0,1.0,0.0
15600,4060.0,1.0,0.0,-3740.0,1.0,0.0
15620,4040.0,1.0,0.0,-3660.0,1.0,0.0
15640,4080.0,1.0,0.0,-3670.0,1.0,0.0
15660,4130.0,1.0,0.0,-3610.0,1.0,0.0
15680,4070.0,1.0,0.0,-3650.0,1.0,0.0
15700,4050.0,1.0,0.0,-3590.0,1.0,0.0
15720,4150.0,1.0,0.0,-3650.0,1.0,0.0
15740,4130.0,1.0,0.0,-3670.0,0.9599999785423279,0.0
15760,4160.0,1.0,0.0,-3800.0,1.0,0.0
15780,4100.0,1.0,0.0,-3840.0,1.0,0.0
15800,4050.0,1.0,0.0,-3700.0,1.0,0.0
15820,4070.0,1.0,0.0,-3740.0,1.0,0.0
15840,4040.0,1.0,0.0,-3820.0,1.0,0.0
15860,4060.0,1.0,0.0,-3900.0,1.0,0.0
15880,3970.0,1.0,0.0,-3790.0,1.0,0.0
15900,3930.0,1.0,0.0,-3800.0,1.0,0.0
15920,3960.0,1.0,0.0,-3790.0,1.0,0.0
15940,4140.0,1.0,0.0,-3650.0,1.0,0.0
15960,4130.0,0.9599999785423279,0.0,-3690.0,1.0,0.0
15980,3990.0,1.0,0.0,-3830.0,1.0,0.0
16000,4130.0,1.0,0.0,-3780.0,1.0,0.0
16020,4060.0,1.0,0.0,-3820.0,0.9599999785423279,0.0
16040,4110.0,1.0,0.0,-3890.0,1.0,0.0
16060,4170.0,1.0,0.0,-3880.0,1.0,0.0
16080,4000.0,1.0,0.0,-3950.0,1.0,0.0
16100,3880.0,1.0,0.0,-3830.0,1.0,0.0
16120,3890.0,1.0,0.0,-3960.0,1.0,0.0
16140,3880.0,1.0,0.0,-4040.0,1.0,0.0
16160,3860.0,1.0,0.0,-4010.0,1.0,0.0
16180,3850.0,1.0,0.0,-3930.0,1.0,0.0
16200,3930.0,1.0,0.0,-3910.0,1.0,0.0
16220,3940.0,1.0,0.0,-3950.0,1.0,0.0
16240,3990.0,1.0,0.0,-3950.0,1.0,0.0
16260,3940.0,1.0,0.0,-3930.0,1.0,0.0
16280,3840.0,1.0,0.0,-3910.0,1.0,0.0
16300,3950.0,1.0,0.0,-4110.0,1.0,0.0
16320,3850.0,1.0,0.0,-3950.0,1.0,0.0
16340,3740.0,1.0,0.0,-3900.0,1.0,0.0
16360,3680.0,1.0,0.0,-3870.0,1.0,0.0
16380,3580.0,1.0,0.0,-3920.0,1.0,0.0
16400,3740.0,1.0,0.0,-3930.0,1.0,0.0
16420,3720.0,1.0,0.0,-3870.0,1.0,0.0
16440,3690.0,1.0,0.0,-3950.0,1.0,0.0
16460,3810.0,1.0,0.0,-3960.0,1.0,0.0
16480,3820.0,1.0,0.0,-3930.0,1.0,0.0
16500,3870.0,1.0,0.0,-4070.0,1.0,0.0
16520,3960.0,1.0,0.0,-3990.0,1.0,0.0
16540,3870.0,0.9599999785423279,0.0,-4060.0,1.0,0.0
16560,3840.0,1.0,0.0,-3990.0,1.0,0.0
16580,3700.0,1.0,0.0,-4020.0,1.0,0.0
16600,3600.0,1.0,0.0,-4110.0,1.0,0.0
16620,3590.0,1.0,0.0,-4110.0,1.0,0.0
16640,3560.0,1.0,0.0,-4050.0,1.0,0.0
16660,3590.0,1.0,0.0,-4080.0,1.0,0.0
16680,3570.0,1.0,0.0,-4000.0,1.0,0.0
16700,3460.0,1.0,0.0,-3950.0,1.0,0.0
16720,3620.0,1.0,0.0,-3990.0,1.0,0.0
16740,3750.0,1.0,0.0,-4050.0,1.0,0.0
16760,3900.0,1.0,0.0,-4120.0,1.0,0.0
16780,3870.0,1.0,0.0,-4130.0,1.0,0.0
16800,3760.0,1.0,0.0,-4100.0,1.0,0.0
16820,3750.0,1.0,0.0,-4100.0,1.0,0.0
16840,3800.0,1.0,0.0,-4280.0,1.0,0.0
16860,3670.0,1.0,0.0,-4250.0,1.0,0.0
16880,3780.0,1.0,0.0,-4210.0,1.0,0.0
16900,3710.0,1.0,0.0,-4230.0,1.0,0.0
16920,3640.0,1.0,0.0,-4140.0,1.0,0.0
16940,3700.0,1.0,0.0,-4230.0,1.0,0.0
16960,3700.0,1.0,0.0,-4170.0,1.0,0.0
16980,3550.0,1.0,0.0,-4190.0,1.0,0.0
17000,3550.0,1.0,0.0,-4360.0,1.0,0.0
17020,3670.0,1.0,0.0,-4330.0,1.0,0.0
17040,3720.0,1.0,0.0,-4280.0,1.0,0.0
17060,3750.0,1.0,0.0,-4390.0,1.0,0.0
17080,3840.0,1.0,0.0,-4330.0,1.0,0.0
17100,3880.0,1.0,0.0,-4300.0,1.0,0.0
17120,3900.0,1.0,0.0,-4290.0,1.0,0.0
17140,3750.0,1.0,0.0,-4210.0,1.0,0.0
17160,3650.0,1.0,0.0,-4320.0,1.0,0.0
17180,3630.0,1.0,0.0,-4200.0,1.0,0.0
17200,3670.0,1.0,0.0,-4310.0,1.0,0.0
17220,3680.0,1.0,0.0,-4370.0,1.0,0.0
17240,3680.0,1.0,0.0,-4350.0,1.0,0.0
17260,3640.0,1.0,0.0,-4440.0,1.0,0.0
17280,3780.0,1.0,0.0,-4310.0,1.0,0.0
17300,3830.0,1.0,0.0,-4250.0,1.0,0.0
17320,3880.0,1.0,0.0,-4180.0,1.0,0.0
17340,4000.0,1.0,0.0,-4170.0,1.0,0.0
17360,4040.0,1.0,0.0,-4230.0,1.0,0.0
17380,4050.0,1.0,0.0,-4160.0,1.0,0.0
17400,3940.0,1.0,0.0,-4220.0,1.0,0.0
17420,3910.0,1.0,0.0,-4190.0,1.0,0.0
17440,4000.0,1.0,0.0,-4130.0,1.0,0.0
17460,3930.0,1.0,0.0,-4100.0,1.0,0.0
17480,4040.0,1.0,0.0,-3980.0,1.0,0.0
17500,4030.0,1.0,0.0,-4140.0,1.0,0.0
17520,3920.0,1.0,0.0,-4130.0,1.0,0.0
17540,3930.0,1.0,0.0,-4120.0,1.0,0.0
17560,4050.0,1.0,0.0,-4160.0,1.0,0.0
17580,4080.0,1.0,0.0,-4160.0,1.0,0.0
17600,4080.0,1.0,0.0,-4220.0,1.0,0.0
17620,4080.0,1.0,0.0,-4130.0,1.0,0.0
17640,4150.0,1.0,0.0,-4030.0,1.0,0.0
17660,4200.0,0.9599999785423279,0.0,-4180.0,1.0,0.0
17680,4210.0,1.0,0.0,-4170.0,1.0,0.0
17700,4130.0,1.0,0.0,-4260.0,1.0,0.0
17720,4240.0,1.0,0.0,-4290.0,1.0,0.0
17740,4140.0,1.0,0.0,-4240.0,1.0,0.0
17760,4080.0,1.0,0.0,-4280.0,1.0,0.0
17780,4040.0,1.0,0.0,-4190.0,1.0,0.0
17800,3990.0,1.0,0.0,-4260.0,1.0,0.0
17820,3900.0,1.0,0.0,-4280.0,1.0,0.0
17840,3930.0,0.9599999785423279,0.0,-4150.0,1.0,0.0
17860,3860.0,1.0,0.0,-4090.0,1.0,0.0
17880,3910.0,1.0,0.0,-4010.0,1.0,0.0
17900,4030.0,1.0,0.0,-4070.0,1.0,0.0
17920,3880.0,1.0,0.0,-4080.0,1.0,0.0
17940,3970.0,1.0,0.0,-3980.0,0.9599999785423279,0.0
17960,4060.0,1.0,0.0,-4110.0,1.0,0.0
17980,4050.0,1.0,0.0,-4080.0,1.0,0.0
18000,4120.0,1.0,0.0,-4190.0,1.0,0.0
18020,4050.0,1.0,0.0,-4080.0,1.0,0.0
18040,4120.0,1.0,0.0,-4060.0,1.0,0.0
18060,4110.0,1.0,0.0,-4250.0,1.0,0.0
18080,4070.0,1.0,0.0,-4170.0,1.0,0.0
18100,4120.0,1.0,0.0,-4110.0,1.0,0.0
18120,4230.0,1.0,0.0,-4060.0,1.0,0.0
18140,4220.0,1.0,0.0,-3960.0,1.0,0.0
18160,4220.0,1.0,0.0,-4020.0,1.0,0.0
18180,4320.0,1.0,0.0,-4000.0,1.0,0.0
18200,4240.0,1.0,0.0,-4020.0,1.0,0.0
18220,4140.0,1.0,0.0,-3990.0,1.0,0.0
18240,4220.0,1.0,0.0,-3920.0,1.0,0.0
18260,4380.0,1.0,0.0,-3980.0,1.0,0.0
18280,4330.0,1.0,0.0,-3880.0,1.0,0.0
18300,4290.0,1.0,0.0,-3970.0,1.0,0.0
18320,4410.0,1.0,0.0,-4070.0,1.0,0.0
18340,4510.0,0.9599999785423279,0.0,-3950.0,1.0,0.0
18360,4440.0,1.0,0.0,-3920.0,1.0,0.0
18380,4480.0,1.0,0.0,-3860.0,0.9599999785423279,0.0
18400,4480.0,1.0,0.0,-3890.0,1.0,0.0
18420,4460.0,1.0,0.0,-3910.0,1.0,0.0
18440,4420.0,1.0,0.0,-3840.0,1.0,0.0
18460,4350.0,1.0,0.0,-3780.0,1.0,0.0
18480,4390.0,1.0,0.0,-3810.0,1.0,0.0
18500,4400.0,0.9599999785423279,0.0,-3830.0,1.0,0.0
18520,4440.0,1.0,0.0,-3880.0,1.0,0.0
18540,4350.0,1.0,0.0,-3780.0,1.0,0.0
18560,4440.0,1.0,0.0,-3880.0,1.0,0.0
18580,4540.0,1.0,0.0,-3890.0,1.0,0.0
18600,4590.0,1.0,0.0,-3920.0,1.0,0.0
18620,4560.0,1.0,0.0,-3760.0,1.0,0.0
18640,4490.0,1.0,0.0,-3610.0,1.0,0.0
18660,4570.0,1.0,0.0,-3810.0,1.0,0.0
18680,4580.0,1.0,0.0,-3800.0,1.0,0.0
18700,4470.0,1.0,0.0,-3840.0,1.0,0.0
18720,4420.0,1.0,0.0,-3960.0,1.0,0.0
18740,4350.0,1.0,0.0,-3970.0,1.0,0.0
18760,4310.0,1.0,0.0,-3850.0,1.0,0.0
18780,4340.0,1.0,0.0,-3760.0,1.0,0.0
18800,4200.0,1.0,0.0,-3760.0,1.0,0.0
18820,4110.0,1.0,0.0,-3710.0,1.0,0.0
18840,4030.0,1.0,0.0,-3650.0,1.0,0.0
18860,4030.0,1.0,0.0,-3680.0,1.0,0.0
18880,3990.0,0.9599999785423279,0.0,-3750.0,1.0,0.0
18900,3950.0,1.0,0.0,-3790.0,1.0,0.0
18920,3890.0,1.0,0.0,-3860.0,1.0,0.0
18940,3980.0,1.0,0.0,-3840.0,1.0,0.0
18960,4060.0,1.0,0.0,-3910.0,1.0,0.0
18980,4150.0,1.0,0.0,-3810.0,1.0,0.0
19000,4080.0,0.9599999785423279,0.0,-3880.0,1.0,0.0
19020,4170.0,1.0,0.0,-3740.0,1.0,0.0
19040,4330.0,1.0,0.0,-3790.0,1.0,0.0
19060,4240.0,1.0,0.0,-3750.0,1.0,0.0
19080,4120.0,1.0,0.0,-3650.0,1.0,0.0
19100,4120.0,1.0,0.0,-3630.0,1.0,0.0
19120,4060.0,1.0,0.0,-3700.0,1.0,0.0
19140,4000.0,0.9599999785423279,0.0,-3710.0,1.0,0.0
19160,4000.0,1.0,0.0,-3690.0,1.0,0.0
19180,4040.0,1.0,0.0,-3550.0,1.0,0.0
19200,4020.0,1.0,0.0,-3550.0,1.0,0.0
19220,4000.0,1.0,0.0,-3500.0,1.0,0.0
19240,3890.0,0.9599999785423279,0.0,-3610.0,1.0,0.0
19260,4010.0,1.0,0.0,-3580.0,1.0,0.0
19280,3940.0,1.0,0.0,-3520.0,1.0,0.0
19300,4010.0,0.8799999952316284,0.0,-3510.0,1.0,0.0
19320,4030.0,1.0,0.0,-3490.0,1.0,0.0
19340,4160.0,1.0,0.0,-3490.0,1.0,0.0
19360,4050.0,1.0,0.0,-3590.0,1.0,0.0
19380,4030.0,0.9599999785423279,0.0,-3500.0,1.0,0.0
19400,4110.0,1.0,0.0,-3660.0,1.0,0.0
19420,3980.0,0.9599999785423279,0.0,-3630.0,1.0,0.0
19440,4070.0,1.0,0.0,-3720.0,1.0,0.0
19460,4140.0,1.0,0.0,-3890.0,1.0,0.0
19480,4240.0,1.0,0.0,-3740.0,1.0,0.0
19500,4360.0,1.0,0.0,-3710.0,1.0,0.0
19520,4290.0,0.9599999785423279,0.0,-3570.0,0.9599999785423279,0.0
19540,4220.0,1.0,0.0,-3590.0,1.0,0.0
19560,4370.0,1.0,0.0,-3740.0,1.0,0.0
19580,4510.0,1.0,0.0,-3620.0,1.0,0.0
19600,4530.0,1.0,0.0,-3600.0,1.0,0.0
19620,4390.0,0.9599999785423279,0.0,-3540.0,1.0,0.0
19640,4230.0,0.8799999952316284,0.0,-3570.0,1.0,0.0
19660,4170.0,1.0,0.0,-3700.0,1.0,0.0
19680,4120.0,0.9599999785423279,0.0,-3530.0,1.0,0.0
19700,4120.0,1.0,0.0,-3510.0,1.0,0.0
19720,4200.0,1.0,0.0,-3380.0,1.0,0.0
19740,4330.0,1.0,0.0,-3500.0,1.0,0.0
19760,4350.0,1.0,0.0,-3550.0,1.0,0.0
19780,4370.0,1.0,0.0,-3450.0,1.0,0.0
19800,4470.0,0.9599999785423279,0.0,-3550.0,1.0,0.0
19820,4540.0,1.0,0.0,-3470.0,1.0,0.0
19840,4710.0,1.0,0.0,-3490.0,1.0,0.0
19860,4800.0,0.9599999785423279,0.0,-3510.0,1.0,0.0
19880,4730.0,0.9599999785423279,0.0,-3460.0,1.0,0.0
19900,4840.0,1.0,0.0,-3410.0,1.0,0.0
19920,4740.0,1.0,0.0,-3240.0,1.0,0.0
19940,4820.0,1.0,0.0,-3220.0,1.0,0.0
19960,4750.0,0.8399999737739563,0.0,-3240.0,1.0,0.0
19980,4660.0,1.0,0.0,-3220.0,1.0,0.0
20000,4290.0,1.0,0.0,-4490.0,1.0,0.0
20020,4400.0,1.0,0.0,-4380.0,1.0,0.0
20040,4460.0,0.9599999785423279,0.0,-4530.0,1.0,0.0
20060,4520.0,0.9599999785423279,0.0,-4370.0,1.0,0.0
20080,4480.0,0.9200000166893005,0.0,-4260.0,1.0,0.0
20100,4410.0,1.0,0.0,-4190.0,1.0,0.0
20120,4320.0,1.0,0.0,-4030.0,1.0,0.0
20140,4380.0,1.0,0.0,-3920.0,0.9599999785423279,0.0
20160,4370.0,1.0,0.0,-3740.0,1.0,0.0
20180,4300.0,1.0,0.0,-3680.0,1.0,0.0
20200,4270.0,0.9200000166893005,0.0,-3570.0,1.0,0.0
20220,4260.0,1.0,0.0,-3500.0,1.0,0.0
20240,4180.0,1.0,0.0,-3400.0,1.0,0.0
20260,4250.0,1.0,0.0,-3310.0,1.0,0.0
20280,4360.0,1.0,0.0,-3200.0,1.0,0.0
20300,4350.0,1.0,0.0,-3050.0,1.0,0.0
20320,4290.0,0.9599999785423279,0.0,-3020.0,1.0,0.0
20340,4310.0,1.0,0.0,-2950.0,0.9599999785423279,0.0
20360,4400.0,1.0,0.0,-2880.0,1.0,0.0
20380,4390.0,1.0,0.0,-2860.0,1.0,0.0
20400,4340.0,1.0,0.0,-2820.0,1.0,0.0
20420,4230.0,1.0,0.0,-2930.0,1.0,0.0
20440,4150.0,0.9200000166893005,0.0,-2970.0,1.0,0.0
20460,4050.0,1.0,0.0,-2930.0,1.0,0.0
20480,4050.0,1.0,0.0,-2920.0,1.0,0.0
20500,4040.0,1.0,0.0,-3000.0,1.0,0.0
20520,4170.0,1.0,0.0,-2950.0,1.0,0.0
20540,4150.0,0.8799999952316284,0.0,-2990.0,1.0,0.0
20560,4070.0,0.9599999785423279,0.0,-2930.0,1.0,0.0
20580,4100.0,1.0,0.0,-2800.0,1.0,0.0
20600,4110.0,0.9200000166893005,0.0,-2820.0,1.0,0.0
20620,4160.0,0.8799999952316284,0.0,-2920.0,1.0,0.0
20640,4220.0,1.0,0.0,-2980.0,1.0,0.0
20660,4110.0,1.0,0.0,-2900.0,1.0,0.0
20680,4090.0,0.9200000166893005,0.0,-2900.0,1.0,0.0
20700,4060.0,1.0,0.0,-2950.0,1.0,0.0
20720,4090.0,0.9599999785423279,0.0,-2940.0,1.0,0.0
20740,4230.0,1.0,0.0,-3030.0,1.0,0.0
20760,4280.0,1.0,0.0,-3040.0,1.0,0.0
20780,4300.0,1.0,0.0,-2980.0,1.0,0.0
20800,4260.0,0.9599999785423279,0.0,-2950.0,1.0,0.0
20820,4220.0,0.9599999785423279,0.0,-2860.0,1.0,0.0
20840,4160.0,0.9599999785423279,0.0,-2990.0,1.0,0.0
20860,4260.0,0.9200000166893005,0.0,-2950.0,1.0,0.0
20880,4290.0,0.9599999785423279,0.0,-2890.0,1.0,0.0
20900,4310.0,1.0,0.0,-2980.0,1.0,0.0
20920,4380.0,1.0,0.0,-2880.0,1.0,0.0
20940,4400.0,1.0,0.0,-2910.0,1.0,0.0
20960,4260.0,0.9599999785423279,0.0,-2920.0,1.0,0.0
20980,4190.0,1.0,0.0,-2820.0,1.0,0.0
21000,4140.0,1.0,0.0,-2730.0,1.0,0.0
21020,4030.0,1.0,0.0,-2830.0,1.0,0.0
21040,4070.0,1.0,0.0,-2930.0,1.0,0.0
21060,4150.0,1.0,0.0,-2890.0,1.0,0.0
21080,4100.0,0.8399999737739563,0.0,-2770.0,1.0,0.0
21100,4180.0,1.0,0.0,-2940.0,1.0,0.0
21120,4130.0,1.0,0.0,-2970.0,1.0,0.0
21140,4150.0,1.0,0.0,-3010.0,1.0,0.0
21160,4230.0,1.0,0.0,-3130.0,0.9599999785423279,0.0
21180,4160.0,0.9599999785423279,0.0,-3080.0,1.0,0.0
21200,4290.0,1.0,0.0,-3250.0,1.0,0.0
21220,4180.0,1.0,0.0,-3310.0,1.0,0.0
21240,4240.0,0.9200000166893005,0.0,-3380.0,1.0,0.0
21260,4290.0,1.0,0.0,-3320.0,1.0,0.0
21280,4200.0,1.0,0.0,-3190.0,1.0,0.0
21300,4310.0,0.9599999785423279,0.0,-3290.0,1.0,0.0
21320,4290.0,0.9599999785423279,0.0,-3150.0,1.0,0.0
21340,4310.0,0.9200000166893005,0.0,-3170.0,1.0,0.0
21360,4340.0,0.8399999737739563,0.0,-3240.0,1.0,0.0
21380,4170.0,1.0,0.0,-3140.0,1.0,0.0
21400,4210.0,0.9599999785423279,0.0,-3250.0,1.0,0.0
21420,4330.0,0.9200000166893005,0.0,-3230.0,1.0,0.0
21440,4250.0,1.0,0.0,-3310.0,1.0,0.0
21460,4260.0,1.0,0.0,-3280.0,1.0,0.0
21480,4330.0,1.0,0.0,-3210.0,1.0,0.0
21500,4330.0,0.9599999785423279,0.0,-3290.0,1.0,0.0
21520,4260.0,0.8399999737739563,0.0,-3180.0,1.0,0.0
21540,4270.0,0.9599999785423279,0.0,-3080.0,1.0,0.0
21560,4330.0,1.0,0.0,-3200.0,1.0,0.0
21580,4450.0,0.9599999785423279,0.0,-3140.0,1.0,0.0
21600,4480.0,1.0,0.0,-3180.0,1.0,0.0
21620,4520.0,1.0,0.0,-3170.0,1.0,0.0
21640,4590.0,1.0,0.0,-3110.0,1.0,0.0
21660,4540.0,1.0,0.0,-3170.0,1.0,0.0
21680,4500.0,1.0,0.0,-3020.0,1.0,0.0
21700,4480.0,1.0,0.0,-3080.0,1.0,0.0
21720,4410.0,0.9599999785423279,0.0,-2970.0,1.0,0.0
21740,4450.0,1.0,0.0,-2880.0,0.9599999785423279,0.0
21760,4400.0,1.0,0.0,-2950.0,1.0,0.0
21780,4460.0,1.0,0.0,-2840.0,1.0,0.0
21800,4470.0,1.0,0.0,-2940.0,0.8399999737739563,0.0
21820,4380.0,1.0,0.0,-2920.0,1.0,0.0
21840,4370.0,0.8799999952316284,0.0,-2930.0,1.0,0.0
21860,4530.0,0.800000011920929,0.0,-2940.0,1.0,0.0
21880,4580.0,0.9200000166893005,0.0,-2810.0,1.0,0.0
21900,4700.0,1.0,0.0,-2890.0,0.8799999952316284,0.0
21920,4760.0,1.0,0.0,-2990.0,1.0,0.0
21940,4750.0,1.0,0.0,-2850.0,1.0,0.0
21960,4680.0,1.0,0.0,-3000.0,1.0,0.0
21980,4770.0,1.0,0.0,-3040.0,1.0,0.0
22000,4770.0,1.0,0.0,-2990.0,1.0,0.0
22020,4800.0,1.0,0.0,-3040.0,1.0,0.0
22040,4770.0,1.0,0.0,-3060.0,1.0,0.0
22060,4870.0,1.0,0.0,-3190.0,1.0,0.0
22080,5000.0,0.9599999785423279,0.0,-3150.0,1.0,0.0
22100,4990.0,1.0,0.0,-3170.0,1.0,0.0
22120,5010.0,1.0,0.0,-3280.0,1.0,0.0
22140,4960.0,1.0,0.0,-3200.0,1.0,0.0
22160,4910.0,1.0,0.0,-3160.0,1.0,0.0
22180,4780.0,1.0,0.0,-3140.0,1.0,0.0
22200,4780.0,1.0,0.0,-3160.0,1.0,0.0
22220,4820.0,1.0,0.0,-3140.0,1.0,0.0
22240,4770.0,0.9599999785423279,0.0,-3170.0,1.0,0.0
22260,4820.0,1.0,0.0,-3130.0,1.0,0.0
22280,4900.0,1.0,0.0,-3120.0,1.0,0.0
22300,4830.0,0.9200000166893005,0.0,-3090.0,1.0,0.0
22320,4730.0,1.0,0.0,-3130.0,1.0,0.0
22340,4620.0,1.0,0.0,-2940.0,1.0,0.0
22360,4690.0,1.0,0.0,-2970.0,1.0,0.0
22380,4670.0,1.0,0.0,-2980.0,1.0,0.0
22400,4610.0,1.0,0.0,-3010.0,1.0,0.0
22420,4570.0,1.0,0.0,-3000.0,1.0,0.0
22440,4470.0,1.0,0.0,-3150.0,1.0,0.0
22460,4330.0,1.0,0.0,-3080.0,1.0,0.0
22480,4360.0,1.0,0.0,-3180.0,1.0,0.0
22500,4320.0,1.0,0.0,-3100.0,1.0,0.0
22520,4450.0,1.0,0.0,-3160.0,1.0,0.0
22540,4330.0,0.8399999737739563,0.0,-3100.0,1.0,0.0
22560,4200.0,1.0,0.0,-3130.0,1.0,0.0
22580,4110.0,1.0,0.0,-3250.0,1.0,0.0
22600,4200.0,1.0,0.0,-3230.0,1.0,0.0
22620,4190.0,1.0,0.0,-3270.0,1.0,0.0
22640,4160.0,1.0,0.0,-3230.0,1.0,0.0
22660,4310.0,1.0,0.0,-3140.0,1.0,0.0
22680,4400.0,1.0,0.0,-3270.0,1.0,0.0
22700,4530.0,1.0,0.0,-3260.0,1.0,0.0
22720,4610.0,1.0,0.0,-3240.0,1.0,0.0
22740,4690.0,0.9599999785423279,0.0,-3240.0,1.0,0.0
22760,4740.0,1.0,0.0,-3150.0,1.0,0.0
22780,4740.0,1.0,0.0,-3240.0,1.0,0.0
22800,4680.0,1.0,0.0,-3300.0,1.0,0.0
22820,4750.0,1.0,0.0,-3300.0,1.0,0.0
22840,4650.0,0.9599999785423279,0.0,-3420.0,1.0,0.0
22860,4690.0,1.0,0.0,-3400.0,0.9599999785423279,0.0
22880,4560.0,1.0,0.0,-3310.0,1.0,0.0
22900,4520.0,1.0,0.0,-3470.0,1.0,0.0
22920,4590.0,0.9599999785423279,0.0,-3470.0,1.0,0.0
22940,4640.0,1.0,0.0,-3520.0,1.0,0.0
22960,4710.0,1.0,0.0,-3460.0,1.0,0.0
22980,4670.0,1.0,0.0,-3490.0,1.0,0.0
23000,4740.0,1.0,0.0,-3620.0,1.0,0.0
23020,4710.0,1.0,0.0,-3640.0,1.0,0.0
23040,4680.0,1.0,0.0,-3710.0,1.0,0.0
23060,4680.0,1.0,0.0,-3680.0,1.0,0.0
23080,4680.0,1.0,0.0,-3680.0,1.0,0.0
23100,4630.0,1.0,0.0,-3680.0,1.0,0.0
23120,4590.0,1.0,0.0,-3640.0,1.0,0.0
23140,4650.0,1.0,0.0,-3750.0,1.0,0.0
23160,4620.0,0.9599999785423279,0.0,-3720.0,1.0,0.0
23180,4540.0,1.0,0.0,-3650.0,1.0,0.0
23200,4400.0,1.0,0.0,-3730.0,1.0,0.0
23220,4290.0,1.0,0.0,-3600.0,1.0,0.0
23240,4240.0,1.0,0.0,-3670.0,1.0,0.0
23260,4310.0,0.9599999785423279,0.0,-3640.0,1.0,0.0
23280,4380.0,1.0,0.0,-3560.0,1.0,0.0
23300,4250.0,1.0,0.0,-3710.0,1.0,0.0
23320,4370.0,1.0,0.0,-3580.0,1.0,0.0
23340,4410.0,1.0,0.0,-3570.0,1.0,0.0
23360,4410.0,1.0,0.0,-3560.0,1.0,0.0
23380,4430.0,1.0,0.0,-3680.0,1.0,0.0
23400,4300.0,1.0,0.0,-3750.0,1.0,0.0
23420,4310.0,0.9599999785423279,0.0,-3680.0,1.0,0.0
23440,4260.0,1.0,0.0,-3740.0,1.0,0.0
23460,4290.0,0.9599999785423279,0.0,-3920.0,1.0,0.0
23480,4290.0,1.0,0.0,-3750.0,1.0,0.0
23500,4350.0,1.0,0.0,-3810.0,1.0,0.0
23520,4220.0,0.9599999785423279,0.0,-3650.0,1.0,0.0
23540,4220.0,1.0,0.0,-3820.0,1.0,0.0
23560,4220.0,1.0,0.0,-3960.0,1.0,0.0
23580,4050.0,1.0,0.0,-3870.0,1.0,0.0
23600,4000.0,1.0,0.0,-3900.0,1.0,0.0
23620,3930.0,1.0,0.0,-3750.0,1.0,0.0
23640,4030.0,1.0,0.0,-3690.0,1.0,0.0
23660,4090.0,1.0,0.0,-3830.0,1.0,0.0
23680,4050.0,1.0,0.0,-3730.0,1.0,0.0
23700,3970.0,1.0,0.0,-3860.0,1.0,0.0
23720,4070.0,1.0,0.0,-3820.0,1.0,0.0
23740,4130.0,0.9200000166893005,0.0,-3850.0,1.0,0.0
23760,3990.0,1.0,0.0,-3850.0,1.0,0.0
23780,3960.0,1.0,0.0,-3750.0,1.0,0.0
23800,3970.0,1.0,0.0,-3630.0,1.0,0.0
23820,4100.0,1.0,0.0,-3680.0,1.0,0.0
23840,4090.0,1.0,0.0,-3650.0,1.0,0.0
23860,4080.0,1.0,0.0,-3720.0,1.0,0.0
23880,4010.0,1.0,0.0,-3770.0,1.0,0.0
23900,4040.0,1.0,0.0,-3730.0,1.0,0.0
23920,4070.0,1.0,0.0,-3800.0,1.0,0.0
23940,3930.0,1.0,0.0,-3670.0,1.0,0.0
23960,3940.0,1.0,0.0,-3830.0,1.0,0.0
23980,4030.0,1.0,0.0,-3750.0,1.0,0.0
24000,4030.0,1.0,0.0,-3750.0,1.0,0.0
24020,4200.0,0.9599999785423279,0.0,-3850.0,1.0,0.0
24040,4340.0,1.0,0.0,-3800.0,1.0,0.0
24060,4180.0,1.0,0.0,-3730.0,1.0,0.0
24080,4230.0,1.0,0.0,-3810.0,1.0,0.0
24100,4310.0,1.0,0.0,-3810.0,1.0,0.0
24120,4260.0,1.0,0.0,-3910.0,1.0,0.0
24140,4270.0,1.0,0.0,-3890.0,1.0,0.0
24160,4240.0,0.9599999785423279,0.0,-3950.0,1.0,0.0
24180,4170.0,1.0,0.0,-3900.0,1.0,0.0
24200,4170.0,1.0,0.0,-3810.0,1.0,0.0
24220,4170.0,1.0,0.0,-3960.0,1.0,0.0
24240,4210.0,1.0,0.0,-3770.0,1.0,0.0
24260,4290.0,1.0,0.0,-3810.0,1.0,0.0
24280,4330.0,1.0,0.0,-3750.0,1.0,0.0
24300,4180.0,0.8799999952316284,0.0,-3830.0,1.0,0.0
24320,4200.0,1.0,0.0,-3840.0,1.0,0.0
24340,4280.0,1.0,0.0,-3810.0,1.0,0.0
24360,4310.0,1.0,0.0,-3960.0,1.0,0.0
24380,4230.0,1.0,0.0,-4070.0,1.0,0.0
24400,4240.0,1.0,0.0,-4000.0,1.0,0.0
24420,4300.0,1.0,0.0,-4140.0,1.0,0.0
24440,4250.0,1.0,0.0,-4170.0,1.0,0.0
24460,4260.0,1.0,0.0,-4090.0,1.0,0.0
24480,4310.0,1.0,0.0,-4230.0,1.0,0.0
24500,4280.0,1.0,0.0,-4320.0,1.0,0.0
24520,4220.0,1.0,0.0,-4370.0,1.0,0.0
24540,4310.0,1.0,0.0,-4320.0,1.0,0.0
24560,4350.0,1.0,0.0,-4220.0,1.0,0.0
24580,4370.0,1.0,0.0,-4240.0,1.0,0.0
24600,4210.0,1.0,0.0,-4230.0,1.0,0.0
24620,4240.0,1.0,0.0,-4240.0,1.0,0.0
24640,4160.0,1.0,0.0,-4190.0,1.0,0.0
24660,4110.0,1.0,0.0,-4190.0,1.0,0.0
24680,4020.0,1.0,0.0,-4260.0,1.0,0.0
24700,3900.0,1.0,0.0,-4170.0,1.0,0.0
24720,3900.0,1.0,0.0,-4130.0,1.0,0.0
24740,3920.0,1.0,0.0,-4270.0,1.0,0.0
24760,3790.0,1.0,0.0,-4120.0,1.0,0.0
24780,3730.0,1.0,0.0,-4120.0,1.0,0.0
24800,3900.0,1.0,0.0,-4110.0,1.0,0.0
24820,3830.0,1.0,0.0,-4050.0,1.0,0.0
24840,3750.0,1.0,0.0,-4200.0,1.0,0.0
24860,3910.0,1.0,0.0,-4300.0,1.0,0.0
24880,3940.0,1.0,0.0,-4240.0,1.0,0.0
24900,3940.0,1.0,0.0,-4320.0,1.0,0.0
24920,3990.0,1.0,0.0,-4180.0,1.0,0.0
24940,3870.0,1.0,0.0,-4210.0,1.0,0.0
24960,3950.0,1.0,0.0,-4150.0,1.0,0.0
24980,3860.0,1.0,0.0,-4260.0,1.0,0.0
25000,3860.0,1.0,0.0,-4330.0,1.0,0.0
25020,3690.0,1.0,0.0,-4270.0,1.0,0.0
25040,3700.0,0.9599999785423279,0.0,-4380.0,1.0,0.0
25060,3720.0,1.0,0.0,-4260.0,1.0,0.0
25080,3700.0,1.0,0.0,-4230.0,1.0,0.0
25100,3830.0,1.0,0.0,-4330.0,1.0,0.0
25120,3940.0,1.0,0.0,-4270.0,1.0,0.0
25140,3970.0,1.0,0.0,-4380.0,1.0,0.0
25160,4100.0,1.0,0.0,-4340.0,1.0,0.0
25180,3930.0,1.0,0.0,-4260.0,1.0,0.0
25200,3880.0,1.0,0.0,-4420.0,1.0,0.0
25220,3790.0,1.0,0.0,-4260.0,1.0,0.0
25240,3700.0,1.0,0.0,-4180.0,1.0,0.0
25260,3610.0,1.0,0.0,-4190.0,1.0,0.0
25280,3540.0,1.0,0.0,-4170.0,1.0,0.0
25300,3540.0,1.0,0.0,-4290.0,1.0,0.0
25320,3650.0,1.0,0.0,-4260.0,1.0,0.0
25340,3840.0,1.0,0.0,-4210.0,1.0,0.0
25360,3810.0,1.0,0.0,-4340.0,1.0,0.0
25380,3870.0,1.0,0.0,-4240.0,1.0,0.0
25400,3850.0,1.0,0.0,-4260.0,1.0,0.0
25420,3960.0,1.0,0.0,-4150.0,1.0,0.0
25440,3860.0,1.0,0.0,-4010.0,1.0,0.0
25460,3860.0,1.0,0.0,-4140.0,1.0,0.0
25480,3710.0,1.0,0.0,-4060.0,1.0,0.0
25500,3610.0,1.0,0.0,-4130.0,1.0,0.0
25520,3770.0,1.0,0.0,-4130.0,1.0,0.0
25540,3810.0,1.0,0.0,-4080.0,0.9599999785423279,0.0
25560,3820.0,1.0,0.0,-4120.0,1.0,0.0
25580,3800.0,1.0,0.0,-4090.0,1.0,0.0
25600,3770.0,1.0,0.0,-4190.0,1.0,0.0
25620,3810.0,1.0,0.0,-4150.0,1.0,0.0
25640,3770.0,1.0,0.0,-4030.0,1.0,0.0
25660,3820.0,1.0,0.0,-4000.0,1.0,0.0
25680,3820.0,1.0,0.0,-3940.0,1.0,0.0
25700,3900.0,1.0,0.0,-4010.0,1.0,0.0
25720,3850.0,1.0,0.0,-3930.0,1.0,0.0
25740,3810.0,1.0,0.0,-3990.0,1.0,0.0
25760,3810.0,1.0,0.0,-4070.0,1.0,0.0
25780,3860.0,1.0,0.0,-4040.0,1.0,0.0
25800,3910.0,1.0,0.0,-3990.0,1.0,0.0
25820,3780.0,1.0,0.0,-4030.0,1.0,0.0
25840,3790.0,0.9599999785423279,0.0,-3880.0,1.0,0.0
25860,3760.0,1.0,0.0,-4030.0,1.0,0.0
25880,3940.0,1.0,0.0,-3970.0,1.0,0.0
25900,3900.0,1.0,0.0,-3860.0,1.0,0.0
25920,3720.0,1.0,0.0,-3920.0,1.0,0.0
25940,3680.0,1.0,0.0,-3880.0,1.0,0.0
25960,3870.0,1.0,0.0,-4010.0,1.0,0.0
25980,3910.0,1.0,0.0,-4120.0,1.0,0.0
26000,4020.0,1.0,0.0,-3980.0,1.0,0.0
26020,3880.0,1.0,0.0,-3970.0,1.0,0.0
26040,3830.0,1.0,0.0,-3840.0,1.0,0.0
26060,3860.0,1.0,0.0,-3890.0,1.0,0.0
26080,3900.0,1.0,0.0,-3940.0,1.0,0.0
26100,3850.0,1.0,0.0,-3910.0,1.0,0.0
26120,3820.0,1.0,0.0,-3890.0,1.0,0.0
26140,3810.0,1.0,0.0,-3920.0,1.0,0.0
26160,3830.0,1.0,0.0,-3880.0,1.0,0.0
26180,3830.0,1.0,0.0,-3980.0,1.0,0.0
26200,3810.0,0.9599999785423279,0.0,-3840.0,1.0,0.0
26220,3870.0,1.0,0.0,-3790.0,1.0,0.0
26240,3860.0,1.0,0.0,-3850.0,1.0,0.0
26260,3940.0,1.0,0.0,-3800.0,1.0,0.0
26280,3900.0,1.0,0.0,-3920.0,1.0,0.0
26300,3880.0,1.0,0.0,-3850.0,1.0,0.0
26320,4000.0,1.0,0.0,-3750.0,1.0,0.0
26340,3980.0,0.9599999785423279,0.0,-3760.0,1.0,0.0
26360,4010.0,1.0,0.0,-3740.0,1.0,0.0
26380,4100.0,1.0,0.0,-3740.0,1.0,0.0
26400,4100.0,1.0,0.0,-3720.0,1.0,0.0
26420,4040.0,1.0,0.0,-3840.0,1.0,0.0
26440,4010.0,1.0,0.0,-3790.0,1.0,0.0
26460,4040.0,1.0,0.0,-3860.0,1.0,0.0
26480,4000.0,1.0,0.0,-3960.0,1.0,0.0
26500,4090.0,1.0,0.0,-3800.0,1.0,0.0
26520,4120.0,1.0,0.0,-3810.0,1.0,0.0
26540,3970.0,1.0,0.0,-3680.0,1.0,0.0
26560,3940.0,1.0,0.0,-3800.0,1.0,0.0
26580,4140.0,1.0,0.0,-3820.0,1.0,0.0
26600,4130.0,1.0,0.0,-3830.0,1.0,0.0
26620,3960.0,1.0,0.0,-3860.0,1.0,0.0
26640,4090.0,1.0,0.0,-3780.0,1.0,0.0
26660,4190.0,1.0,0.0,-3700.0,1.0,0.0
26680,4110.0,1.0,0.0,-3830.0,1.0,0.0
26700,4080.0,1.0,0.0,-3680.0,1.0,0.0
26720,4090.0,1.0,0.0,-3780.0,1.0,0.0
26740,3950.0,1.0,0.0,-3850.0,1.0,0.0
26760,3940.0,1.0,0.0,-3830.0,1.0,0.0
26780,3990.0,1.0,0.0,-3690.0,1.0,0.0
26800,4030.0,1.0,0.0,-3570.0,1.0,0.0
26820,4020.0,0.9599999785423279,0.0,-3710.0,1.0,0.0
26840,4040.0,1.0,0.0,-3730.0,1.0,0.0
26860,3990.0,1.0,0.0,-3690.0,1.0,0.0
26880,4010.0,1.0,0.0,-3690.0,1.0,0.0
26900,3930.0,1.0,0.0,-3630.0,1.0,0.0
26920,4000.0,1.0,0.0,-3790.0,1.0,0.0
26940,4070.0,1.0,0.0,-3710.0,1.0,0.0
26960,4090.0,1.0,0.0,-3640.0,1.0,0.0
26980,4070.0,1.0,0.0,-3620.0,0.9599999785423279,0.0
27000,4070.0,1.0,0.0,-3640.0,1.0,0.0
27020,4010.0,0.9599999785423279,0.0,-3770.0,1.0,0.0
27040,3930.0,1.0,0.0,-3720.0,1.0,0.0
27060,4000.0,1.0,0.0,-3700.0,1.0,0.0
27080,3950.0,1.0,0.0,-3750.0,1.0,0.0
27100,3900.0,1.0,0.0,-3640.0,1.0,0.0
27120,3930.0,1.0,0.0,-3670.0,1.0,0.0
27140,4000.0,1.0,0.0,-3680.0,1.0,0.0
27160,3840.0,1.0,0.0,-3620.0,1.0,0.0
27180,3890.0,1.0,0.0,-3730.0,1.0,0.0
27200,3970.0,1.0,0.0,-3590.0,1.0,0.0
27220,3990.0,1.0,0.0,-3680.0,1.0,0.0
27240,4000.0,1.0,0.0,-3730.0,1.0,0.0
27260,3950.0,1.0,0.0,-3570.0,1.0,0.0
27280,4100.0,1.0,0.0,-3700.0,1.0,0.0
27300,4090.0,1.0,0.0,-3650.0,1.0,0.0
27320,3990.0,1.0,0.0,-3710.0,1.0,0.0
27340,4040.0,1.0,0.0,-3720.0,1.0,0.0
27360,3980.0,1.0,0.0,-3690.0,1.0,0.0
27380,4080.0,1.0,0.0,-3750.0,1.0,0.0
27400,4000.0,1.0,0.0,-3660.0,1.0,0.0
27420,4000.0,1.0,0.0,-3770.0,1.0,0.0
27440,3950.0,1.0,0.0,-3710.0,1.0,0.0
27460,3960.0,1.0,0.0,-3690.0,1.0,0.0
27480,3950.0,1.0,0.0,-3760.0,1.0,0.0
27500,3950.0,1.0,0.0,-3650.0,1.0,0.0
27520,3940.0,1.0,0.0,-3780.0,1.0,0.0
27540,3900.0,1.0,0.0,-3700.0,1.0,0.0
27560,3920.0,1.0,0.0,-3700.0,1.0,0.0
27580,3890.0,1.0,0.0,-3680.0,1.0,0.0
27600,3990.0,1.0,0.0,-3650.0,1.0,0.0
27620,4000.0,1.0,0.0,-3720.0,1.0,0.0
27640,3960.0,1.0,0.0,-3770.0,1.0,0.0
27660,4040.0,1.0,0.0,-3700.0,1.0,0.0
27680,4020.0,1.0,0.0,-3760.0,1.0,0.0
27700,4000.0,1.0,0.0,-3710.0,1.0,0.0
27720,4150.0,1.0,0.0,-3660.0,1.0,0.0
27740,4140.0,1.0,0.0,-3670.0,1.0,0.0
27760,4160.0,1.0,0.0,-3730.0,1.0,0.0
27780,4090.0,1.0,0.0,-3680.0,1.0,0.0
27800,4120.0,1.0,0.0,-3670.0,1.0,0.0
27820,4270.0,1.0,0.0,-3680.0,1.0,0.0
27840,4310.0,1.0,0.0,-3770.0,1.0,0.0
27860,4180.0,1.0,0.0,-3750.0,1.0,0.0
27880,4120.0,1.0,0.0,-3730.0,1.0,0.0
27900,4140.0,1.0,0.0,-3720.0,1.0,0.0
27920,4150.0,1.0,0.0,-3700.0,1.0,0.0
27940,4060.0,1.0,0.0,-3800.0,1.0,0.0
27960,4060.0,1.0,0.0,-3690.0,1.0,0.0
27980,4100.0,1.0,0.0,-3650.0,1.0,0.0
28000,4210.0,1.0,0.0,-3750.0,1.0,0.0
28020,4030.0,0.8799999952316284,0.0,-3670.0,1.0,0.0
28040,4040.0,1.0,0.0,-3690.0,1.0,0.0
28060,4090.0,1.0,0.0,-3640.0,1.0,0.0
28080,4100.0,1.0,0.0,-3770.0,1.0,0.0
28100,4110.0,1.0,0.0,-3750.0,1.0,0.0
28120,4120.0,1.0,0.0,-3690.0,1.0,0.0
28140,4250.0,1.0,0.0,-3770.0,1.0,0.0
28160,4320.0,1.0,0.0,-3750.0,1.0,0.0
28180,4210.0,0.9599999785423279,0.0,-3670.0,1.0,0.0
28200,4160.0,1.0,0.0,-3770.0,1.0,0.0
28220,4210.0,1.0,0.0,-3650.0,1.0,0.0
28240,4240.0,1.0,0.0,-3720.0,1.0,0.0
28260,4160.0,0.9599999785423279,0.0,-3660.0,1.0,0.0
28280,4170.0,1.0,0.0,-3660.0,1.0,0.0
28300,4100.0,1.0,0.0,-3720.0,1.0,0.0
28320,4110.0,0.9599999785423279,0.0,-3660.0,1.0,0.0
28340,4120.0,1.0,0.0,-3690.0,1.0,0.0
28360,4060.0,1.0,0.0,-3680.0,1.0,0.0
28380,4070.0,1.0,0.0,-3710.0,1.0,0.0
28400,4120.0,1.0,0.0,-3760.0,1.0,0.0
28420,4060.0,1.0,0.0,-3700.0,1.0,0.0
28440,4100.0,1.0,0.0,-3770.0,1.0,0.0
28460,4050.0,1.0,0.0,-3680.0,1.0,0.0
28480,4090.0,1.0,0.0,-3700.0,1.0,0.0
28500,4090.0,1.0,0.0,-3690.0,1.0,0.0
28520,4090.0,1.0,0.0,-3610.0,1.0,0.0
28540,4100.0,1.0,0.0,-3660.0,1.0,0.0
28560,4040.0,1.0,0.0,-3680.0,1.0,0.0
28580,4150.0,1.0,0.0,-3620.0,1.0,0.0
28600,4120.0,0.9599999785423279,0.0,-3700.0,1.0,0.0
28620,4080.0,1.0,0.0,-3670.0,1.0,0.0
28640,4060.0,1.0,0.0,-3670.0,1.0,0.0
28660,4080.0,1.0,0.0,-3770.0,1.0,0.0
28680,4140.0,1.0,0.0,-3690.0,1.0,0.0
28700,4170.0,1.0,0.0,-3670.0,1.0,0.0
28720,4110.0,1.0,0.0,-3680.0,1.0,0.0
28740,4090.0,1.0,0.0,-3620.0,1.0,0.0
28760,4160.0,1.0,0.0,-3720.0,1.0,0.0
28780,4180.0,0.9599999785423279,0.0,-3630.0,1.0,0.0
28800,4070.0,0.9599999785423279,0.0,-3690.0,1.0,0.0
28820,4110.0,1.0,0.0,-3650.0,1.0,0.0
28840,4160.0,1.0,0.0,-3630.0,1.0,0.0
28860,4260.0,1.0,0.0,-3700.0,1.0,0.0
28880,4130.0,0.9599999785423279,0.0,-3640.0,1.0,0.0
28900,4160.0,1.0,0.0,-3730.0,1.0,0.0
28920,4190.0,1.0,0.0,-3720.0,1.0,0.0
28940,4220.0,0.9599999785423279,0.0,-3630.0,1.0,0.0
28960,4160.0,0.9599999785423279,0.0,-3680.0,1.0,0.0
28980,4070.0,1.0,0.0,-3660.0,1.0,0.0
29000,4040.0,1.0,0.0,-3680.0,1.0,0.0
29020,4030.0,1.0,0.0,-3620.0,1.0,0.0
29040,4020.0,0.9599999785423279,0.0,-3650.0,1.0,0.0
29060,4000.0,1.0,0.0,-3680.0,1.0,0.0
29080,4110.0,1.0,0.0,-3600.0,1.0,0.0
29100,4210.0,0.9599999785423279,0.0,-3700.0,1.0,0.0
29120,4220.0,0.9599999785423279,0.0,-3630.0,1.0,0.0
29140,4070.0,1.0,0.0,-3640.0,1.0,0.0
29160,4040.0,1.0,0.0,-3700.0,1.0,0.0
29180,4220.0,1.0,0.0,-3620.0,1.0,0.0
29200,4150.0,0.9200000166893005,0.0,-3710.0,1.0,0.0
29220,4050.0,1.0,0.0,-3650.0,1.0,0.0
29240,4130.0,1.0,0.0,-3680.0,1.0,0.0
29260,4070.0,1.0,0.0,-3730.0,1.0,0.0
29280,4140.0,1.0,0.0,-3670.0,1.0,0.0
29300,4070.0,1.0,0.0,-3650.0,1.0,0.0
29320,4030.0,1.0,0.0,-3690.0,1.0,0.0
29340,4060.0,1.0,0.0,-3700.0,1.0,0.0
29360,3980.0,1.0,0.0,-3720.0,1.0,0.0
29380,3830.0,1.0,0.0,-3690.0,1.0,0.0
29400,3980.0,1.0,0.0,-3700.0,1.0,0.0
29420,4030.0,1.0,0.0,-3650.0,1.0,0.0
29440,4040.0,1.0,0.0,-3760.0,1.0,0.0
29460,4040.0,1.0,0.0,-3710.0,1.0,0.0
29480,4110.0,1.0,0.0,-3660.0,1.0,0.0
29500,4180.0,0.9200000166893005,0.0,-3670.0,1.0,0.0
29520,4060.0,1.0,0.0,-3650.0,1.0,0.0
29540,4150.0,1.0,0.0,-3640.0,1.0,0.0
29560,4100.0,0.9599999785423279,0.0,-3700.0,1.0,0.0
29580,4060.0,1.0,0.0,-3590.0,1.0,0.0
29600,3960.0,1.0,0.0,-3600.0,1.0,0.0
29620,4070.0,0.9599999785423279,0.0,-3690.0,1.0,0.0
29640,4150.0,1.0,0.0,-3640.0,1.0,0.0
29660,4120.0,1.0,0.0,-3650.0,1.0,0.0
29680,4090.0,1.0,0.0,-3680.0,1.0,0.0
29700,4220.0,1.0,0.0,-3580.0,1.0,0.0
29720,4260.0,0.9200000166893005,0.0,-3600.0,1.0,0.0
29740,4340.0,0.9200000166893005,0.0,-3630.0,1.0,0.0
29760,4220.0,0.9599999785423279,0.0,-3610.0,1.0,0.0
29780,4160.0,1.0,0.0,-3770.0,1.0,0.0
29800,,,,,,
29820,4180.0,1.0,0.0,-3660.0,1.0,0.0
29840,4160.0,1.0,0.0,-3610.0,1.0,0.0
29860,4000.0,1.0,0.0,-3650.0,1.0,0.0
29880,4040.0,1.0,0.0,-3690.0,1.0,0.0
29900,4010.0,1.0,0.0,-3630.0,1.0,0.0
29920,4110.0,1.0,0.0,-3670.0,1.0,0.0
29940,4110.0,1.0,0.0,-3690.0,1.0,0.0
29960,4120.0,0.9599999785423279,0.0,-3640.0,1.0,0.0
29980,4120.0,1.0,0.0,-3700.0,1.0,0.0
30000,4240.0,0.9200000166893005,0.0,-3640.0,1.0,0.0
30020,4200.0,1.0,0.0,-3680.0,1.0,0.0
30040,4230.0,0.9200000166893005,0.0,-3670.0,1.0,0.0
30060,4160.0,0.9599999785423279,0.0,-3630.0,1.0,0.0
30080,4190.0,1.0,0.0,-3670.0,1.0,0.0
30100,4180.0,1.0,0.0,-3600.0,1.0,0.0
30120,4090.0,1.0,0.0,-3630.0,1.0,0.0
30140,3980.0,1.0,0.0,-3730.0,1.0,0.0
30160,4130.0,0.9599999785423279,0.0,-3660.0,1.0,0.0
30180,4080.0,1.0,0.0,-3710.0,1.0,0.0
30200,4040.0,0.9200000166893005,0.0,-3680.0,1.0,0.0
30220,4160.0,1.0,0.0,-3700.0,1.0,0.0
30240,4170.0,1.0,0.0,-3610.0,1.0,0.0
30260,4240.0,1.0,0.0,-3660.0,1.0,0.0
30280,4190.0,0.9599999785423279,0.0,-3650.0,1.0,0.0
30300,4180.0,1.0,0.0,-3650.0,1.0,0.0
30320,4280.0,1.0,0.0,-3680.0,1.0,0.0
30340,4140.0,1.0,0.0,-3730.0,1.0,0.0
30360,4150.0,0.9200000166893005,0.0,-3690.0,1.0,0.0
30380,4130.0,1.0,0.0,-3700.0,1.0,0.0
30400,4120.0,1.0,0.0,-3590.0,1.0,0.0
30420,3970.0,1.0,0.0,-3540.0,1.0,0.0
30440,4010.0,1.0,0.0,-3600.0,1.0,0.0
30460,4060.0,0.9599999785423279,0.0,-3640.0,1.0,0.0
30480,4130.0,1.0,0.0,-3700.0,1.0,0.0
30500,4150.0,0.9200000166893005,0.0,-3640.0,1.0,0.0
30520,4090.0,1.0,0.0,-3660.0,1.0,0.0
30540,4080.0,0.9599999785423279,0.0,-3720.0,1.0,0.0
30560,4100.0,1.0,0.0,-3570.0,1.0,0.0
30580,4040.0,0.9599999785423279,0.0,-3620.0,1.0,0.0
30600,4020.0,0.9599999785423279,0.0,-3590.0,1.0,0.0
30620,3980.0,1.0,0.0,-3630.0,1.0,0.0
30640,4050.0,1.0,0.0,-3670.0,1.0,0.0
30660,4040.0,1.0,0.0,-3570.0,0.9599999785423279,0.0
30680,4020.0,1.0,0.0,-3590.0,1.0,0.0
30700,4030.0,0.9599999785423279,0.0,-3620.0,1.0,0.0
30720,4020.0,1.0,0.0,-3590.0,1.0,0.0
30740,4050.0,1.0,0.0,-3650.0,1.0,0.0
30760,4080.0,0.9599999785423279,0.0,-3600.0,1.0,0.0
30780,4010.0,1.0,0.0,-3640.0,1.0,0.0
30800,4030.0,0.9599999785423279,0.0,-3650.0,1.0,0.0
30820,4120.0,0.9200000166893005,0.0,-3650.0,1.0,0.0
30840,3990.0,1.0,0.0,-3670.0,1.0,0.0
30860,4070.0,0.9599999785423279,0.0,-3550.0,1.0,0.0
30880,3950.0,0.9599999785423279,0.0,-3580.0,1.0,0.0
30900,4020.0,1.0,0.0,-3660.0,1.0,0.0
30920,3950.0,0.9599999785423279,0.0,-3610.0,1.0,0.0
30940,4030.0,0.9200000166893005,0.0,-3700.0,1.0,0.0
30960,3920.0,1.0,0.0,-3630.0,1.0,0.0
30980,3990.0,1.0,0.0,-3540.0,1.0,0.0
31000,4010.0,1.0,0.0,-3570.0,1.0,0.0
31020,4020.0,1.0,0.0,-3560.0,1.0,0.0
31040,3970.0,1.0,0.0,-3630.0,1.0,0.0
31060,3920.0,1.0,0.0,-3610.0,1.0,0.0
31080,3980.0,0.9599999785423279,0.0,-3540.0,1.0,0.0
31100,4010.0,1.0,0.0,-3580.0,1.0,0.0
31120,3910.0,0.9599999785423279,0.0,-3620.0,1.0,0.0
31140,3930.0,0.9200000166893005,0.0,-3540.0,1.0,0.0
31160,3960.0,1.0,0.0,-3630.0,1.0,0.0
31180,3940.0,0.9599999785423279,0.0,-3600.0,1.0,0.0
31200,3920.0,0.800000011920929,0.0,-3640.0,1.0,0.0
31220,3950.0,0.9599999785423279,0.0,-3680.0,1.0,0.0
31240,3900.0,0.8799999952316284,0.0,-3610.0,1.0,0.0
31260,4000.0,0.8399999737739563,0.0,-3620.0,1.0,0.0
31280,3980.0,0.9200000166893005,0.0,-3650.0,1.0,0.0
31300,3950.0,0.9599999785423279,0.0,-3630.0,1.0,0.0
31320,4010.0,1.0,0.0,-3670.0,1.0,0.0
31340,3990.0,1.0,0.0,-3640.0,1.0,0.0
31360,4010.0,0.800000011920929,0.0,-3640.0,1.0,0.0
31380,3980.0,1.0,0.0,-3620.0,1.0,0.0
31400,3990.0,1.0,0.0,-3610.0,1.0,0.0
31420,3890.0,1.0,0.0,-3680.0,1.0,0.0
31440,3860.0,0.9200000166893005,0.0,-3590.0,1.0,0.0
31460,3940.0,1.0,0.0,-3610.0,1.0,0.0
31480,3980.0,1.0,0.0,-3690.0,1.0,0.0
31500,3940.0,0.9200000166893005,0.0,-3580.0,1.0,0.0
31520,3980.0,1.0,0.0,-3630.0,1.0,0.0
31540,3990.0,0.9599999785423279,0.0,-3550.0,1.0,0.0
31560,3990.0,0.9599999785423279,0.0,-3610.0,1.0,0.0
31580,3950.0,1.0,0.0,-3620.0,1.0,0.0
31600,3890.0,1.0,0.0,-3670.0,1.0,0.0
31620,3960.0,0.9200000166893005,0.0,-3610.0,1.0,0.0
31640,3920.0,1.0,0.0,-3680.0,1.0,0.0
31660,3980.0,1.0,0.0,-3650.0,1.0,0.0
31680,3910.0,1.0,0.0,-3690.0,1.0,0.0
31700,3880.0,0.9200000166893005,0.0,-3630.0,0.9200000166893005,0.0
31720,3940.0,1.0,0.0,-3640.0,1.0,0.0
31740,4000.0,0.9599999785423279,0.0,-3660.0,1.0,0.0
31760,4000.0,0.8799999952316284,0.0,-3650.0,1.0,0.0
31780,4010.0,1.0,0.0,-3610.0,1.0,0.0
31800,3970.0,0.9200000166893005,0.0,-3600.0,1.0,0.0
31820,3990.0,0.9200000166893005,0.0,-3610.0,0.9599999785423279,0.0
31840,3970.0,0.9599999785423279,0.0,-3630.0,1.0,0.0
31860,3960.0,1.0,0.0,-3630.0,1.0,0.0
31880,3900.0,1.0,0.0,-3600.0,1.0,0.0
31900,4000.0,1.0,0.0,-3620.0,1.0,0.0
31920,3940.0,1.0,0.0,-3690.0,0.9599999785423279,0.0
31940,3980.0,1.0,0.0,-3620.0,1.0,0.0
31960,3920.0,1.0,0.0,-3600.0,1.0,0.0
31980,3850.0,1.0,0.0,-3660.0,1.0,0.0
32000,3910.0,1.0,0.0,-3610.0,1.0,0.0
32020,3820.0,1.0,0.0,-3590.0,1.0,0.0
32040,3840.0,1.0,0.0,-3700.0,1.0,0.0
32060,3930.0,1.0,0.0,-3670.0,1.0,0.0
32080,3900.0,0.9599999785423279,0.0,-3660.0,1.0,0.0
32100,3960.0,1.0,0.0,-3740.0,1.0,0.0
32120,3900.0,1.0,0.0,-3620.0,1.0,0.0
32140,3840.0,0.9200000166893005,0.0,-3670.0,1.0,0.0
32160,3950.0,0.9599999785423279,0.0,-3640.0,0.9599999785423279,0.0
32180,3990.0,1.0,0.0,-3600.0,1.0,0.0
32200,3950.0,0.9599999785423279,0.0,-3680.0,1.0,0.0
32220,3910.0,1.0,0.0,-3610.0,1.0,0.0
32240,3940.0,0.9200000166893005,0.0,-3650.0,1.0,0.0
32260,3930.0,0.9599999785423279,0.0,-3610.0,1.0,0.0
32280,4040.0,1.0,0.0,-3640.0,1.0,0.0
32300,3960.0,0.9200000166893005,0.0,-3660.0,1.0,0.0
32320,3870.0,1.0,0.0,-3640.0,1.0,0.0
32340,3920.0,1.0,0.0,-3720.0,1.0,0.0
32360,3930.0,1.0,0.0,-3670.0,1.0,0.0
32380,3900.0,1.0,0.0,-3680.0,1.0,0.0
32400,3860.0,1.0,0.0,-3690.0,0.9599999785423279,0.0
32420,3950.0,0.9200000166893005,0.0,-3720.0,1.0,0.0
32440,3950.0,0.8799999952316284,0.0,-3590.0,1.0,0.0
32460,3840.0,1.0,0.0,-3710.0,1.0,0.0
32480,3940.0,0.9599999785423279,0.0,-3710.0,1.0,0.0
32500,3840.0,0.9599999785423279,0.0,-3670.0,1.0,0.0
32520,3850.0,1.0,0.0,-3670.0,1.0,0.0
32540,3940.0,1.0,0.0,-3800.0,1.0,0.0
32560,3950.0,1.0,0.0,-3660.0,1.0,0.0
32580,3840.0,0.9599999785423279,0.0,-3660.0,1.0,0.0
32600,3940.0,1.0,0.0,-3700.0,0.9200000166893005,0.0
32620,3920.0,1.0,0.0,-3630.0,0.9599999785423279,0.0
32640,3980.0,1.0,0.0,-3720.0,1.0,0.0
32660,3820.0,1.0,0.0,-3710.0,1.0,0.0
32680,3820.0,0.9599999785423279,0.0,-3650.0,1.0,0.0
32700,3860.0,0.9599999785423279,0.0,-3640.0,1.0,0.0
32720,3880.0,1.0,0.0,-3670.0,1.0,0.0
32740,3860.0,1.0,0.0,-3600.0,1.0,0.0
32760,3860.0,1.0,0.0,-3680.0,1.0,0.0
32780,3850.0,1.0,0.0,-3690.0,1.0,0.0
32800,3850.0,0.9599999785423279,0.0,-3580.0,1.0,0.0
32820,3820.0,1.0,0.0,-3590.0,1.0,0.0
32840,3820.0,0.9599999785423279,0.0,-3680.0,0.9599999785423279,0.0
32860,3820.0,1.0,0.0,-3670.0,1.0,0.0
32880,3860.0,1.0,0.0,-3680.0,1.0,0.0
32900,3770.0,1.0,0.0,-3660.0,1.0,0.0
32920,3830.0,0.9599999785423279,0.0,-3560.0,0.8399999737739563,0.0
32940,3830.0,1.0,0.0,-3660.0,1.0,0.0
32960,3920.0,1.0,0.0,-3730.0,1.0,0.0
32980,3790.0,1.0,0.0,-3650.0,1.0,0.0
33000,3850.0,1.0,0.0,-3630.0,1.0,0.0
33020,3830.0,0.9599999785423279,0.0,-3660.0,0.9599999785423279,0.0
33040,3870.0,1.0,0.0,-3580.0,0.9599999785423279,0.0
33060,3790.0,1.0,0.0,-3710.0,1.0,0.0
33080,3750.0,1.0,0.0,-3680.0,1.0,0.0
33100,3820.0,1.0,0.0,-3700.0,1.0,0.0
33120,3870.0,0.9200000166893005,0.0,-3610.0,1.0,0.0
33140,3820.0,1.0,0.0,-3670.0,1.0,0.0
33160,3830.0,1.0,0.0,-3670.0,1.0,0.0
33180,3840.0,1.0,0.0,-3650.0,0.9599999785423279,0.0
33200,3790.0,1.0,0.0,-3760.0,1.0,0.0
33220,3840.0,0.9599999785423279,0.0,-3650.0,1.0,0.0
33240,3840.0,1.0,0.0,-3700.0,1.0,0.0
33260,3840.0,1.0,0.0,-3720.0,1.0,0.0
33280,3780.0,0.9599999785423279,0.0,-3670.0,1.0,0.0
33300,3850.0,0.9599999785423279,0.0,-3630.0,1.0,0.0
33320,3790.0,1.0,0.0,-3650.0,1.0,0.0
33340,3830.0,1.0,0.0,-3720.0,1.0,0.0
33360,3770.0,1.0,0.0,-3690.0,1.0,0.0
33380,3810.0,1.0,0.0,-3820.0,1.0,0.0
33400,3810.0,1.0,0.0,-3690.0,1.0,0.0
33420,3790.0,0.9599999785423279,0.0,-3670.0,1.0,0.0
33440,3780.0,0.9599999785423279,0.0,-3750.0,1.0,0.0
33460,3720.0,1.0,0.0,-3660.0,1.0,0.0
33480,3770.0,1.0,0.0,-3680.0,1.0,0.0
33500,3860.0,1.0,0.0,-3740.0,0.9599999785423279,0.0
33520,3790.0,1.0,0.0,-3700.0,1.0,0.0
33540,3820.0,1.0,0.0,-3770.0,1.0,0.0
33560,3720.0,0.9599999785423279,0.0,-3660.0,1.0,0.0
33580,3830.0,1.0,0.0,-3730.0,1.0,0.0
33600,3860.0,0.9599999785423279,0.0,-3670.0,1.0,0.0
33620,3760.0,1.0,0.0,-3630.0,0.9599999785423279,0.0
33640,3830.0,1.0,0.0,-3670.0,0.9200000166893005,0.0
33660,3820.0,0.9599999785423279,0.0,-3670.0,0.9599999785423279,0.0
33680,3800.0,1.0,0.0,-3700.0,1.0,0.0
33700,3740.0,1.0,0.0,-3750.0,1.0,0.0
33720,3800.0,1.0,0.0,-3800.0,1.0,0.0
33740,3810.0,0.9599999785423279,0.0,-3700.0,1.0,0.0
33760,3800.0,1.0,0.0,-3600.0,1.0,0.0
33780,3760.0,1.0,0.0,-3740.0,1.0,0.0
33800,3790.0,1.0,0.0,-3690.0,0.9599999785423279,0.0
33820,3790.0,1.0,0.0,-3690.0,1.0,0.0
33840,3780.0,1.0,0.0,-3630.0,1.0,0.0
33860,3810.0,1.0,0.0,-3730.0,1.0,0.0
33880,3800.0,1.0,0.0,-3710.0,0.9599999785423279,0.0
33900,3780.0,1.0,0.0,-3670.0,1.0,0.0
33920,3800.0,0.9599999785423279,0.0,-3690.0,1.0,0.0
33940,3740.0,1.0,0.0,-3760.0,1.0,0.0
33960,3780.0,0.9200000166893005,0.0,-3690.0,1.0,0.0
33980,3800.0,1.0,0.0,-3620.0,0.8799999952316284,0.0
34000,3790.0,1.0,0.0,-3670.0,1.0,0.0
34020,3830.0,1.0,0.0,-3670.0,1.0,0.0
34040,3830.0,1.0,0.0,-3750.0,1.0,0.0
34060,3780.0,0.9599999785423279,0.0,-3680.0,0.9599999785423279,0.0
34080,3810.0,1.0,0.0,-3710.0,1.0,0.0
34100,3790.0,0.9599999785423279,0.0,-3810.0,1.0,0.0
34120,3820.0,0.9599999785423279,0.0,-3710.0,1.0,0.0
34140,3770.0,1.0,0.0,-3810.0,0.9599999785423279,0.0
34160,3800.0,0.9599999785423279,0.0,-3750.0,1.0,0.0
34180,3790.0,1.0,0.0,-3790.0,1.0,0.0
34200,3840.0,0.9599999785423279,0.0,-3710.0,1.0,0.0
34220,3750.0,1.0,0.0,-3720.0,1.0,0.0
34240,3710.0,1.0,0.0,-3690.0,1.0,0.0
34260,3790.0,1.0,0.0,-3830.0,1.0,0.0
34280,3850.0,1.0,0.0,-3700.0,0.9599999785423279,0.0
34300,3840.0,1.0,0.0,-3690.0,1.0,0.0
34320,3750.0,0.9599999785423279,0.0,-3710.0,1.0,0.0
34340,3790.0,1.0,0.0,-3700.0,1.0,0.0
34360,3860.0,1.0,0.0,-3740.0,1.0,0.0
34380,3820.0,1.0,0.0,-3710.0,1.0,0.0
34400,3800.0,1.0,0.0,-3710.0,0.9200000166893005,0.0
34420,3840.0,0.9599999785423279,0.0,-3740.0,0.9599999785423279,0.0
34440,3820.0,1.0,0.0,-3640.0,0.8799999952316284,0.0
34460,3830.0,1.0,0.0,-3730.0,1.0,0.0
34480,3770.0,1.0,0.0,-3800.0,1.0,0.0
34500,3820.0,1.0,0.0,-3820.0,1.0,0.0
34520,3790.0,1.0,0.0,-3760.0,0.9599999785423279,0.0
34540,3810.0,1.0,0.0,-3720.0,0.9599999785423279,0.0
34560,3770.0,0.9599999785423279,0.0,-3640.0,1.0,0.0
34580,3800.0,0.9599999785423279,0.0,-3650.0,1.0,0.0
34600,3730.0,1.0,0.0,-3730.0,0.9599999785423279,0.0
34620,3760.0,1.0,0.0,-3710.0,1.0,0.0
34640,3850.0,1.0,0.0,-3670.0,1.0,0.0
34660,3850.0,1.0,0.0,-3780.0,1.0,0.0
34680,3870.0,0.9599999785423279,0.0,-3660.0,1.0,0.0
34700,3850.0,1.0,0.0,-3680.0,1.0,0.0
34720,3790.0,1.0,0.0,-3730.0,1.0,0.0
34740,3820.0,1.0,0.0,-3660.0,1.0,0.0
34760,3830.0,1.0,0.0,-3650.0,1.0,0.0
34780,3820.0,1.0,0.0,-3730.0,1.0,0.0
34800,3810.0,0.9599999785423279,0.0,-3680.0,1.0,0.0
34820,3820.0,0.9599999785423279,0.0,-3690.0,1.0,0.0
34840,3790.0,1.0,0.0,-3650.0,1.0,0.0
34860,3830.0,1.0,0.0,-3640.0,1.0,0.0
34880,3840.0,0.9599999785423279,0.0,-3660.0,1.0,0.0
34900,3790.0,1.0,0.0,-3700.0,1.0,0.0
34920,3760.0,1.0,0.0,-3710.0,1.0,0.0
34940,3740.0,1.0,0.0,-3760.0,1.0,0.0
34960,3750.0,1.0,0.0,-3640.0,0.9599999785423279,0.0
34980,3810.0,0.9599999785423279,0.0,-3710.0,1.0,0.0
35000,3760.0,0.9599999785423279,0.0,-3720.0,1.0,0.0
35020,3800.0,0.9599999785423279,0.0,-3670.0,0.9599999785423279,0.0
35040,3850.0,1.0,0.0,-3690.0,1.0,0.0
35060,3930.0,1.0,0.0,-3610.0,1.0,0.0
35080,3830.0,1.0,0.0,-3740.0,1.0,0.0
35100,3810.0,1.0,0.0,-3670.0,1.0,0.0
35120,3800.0,1.0,0.0,-3780.0,1.0,0.0
35140,3940.0,0.9599999785423279,0.0,-3740.0,1.0,0.0
35160,3800.0,1.0,0.0,-3660.0,0.9599999785423279,0.0
35180,3810.0,1.0,0.0,-3640.0,1.0,0.0
35200,3880.0,1.0,0.0,-3700.0,0.9200000166893005,0.0
35220,3800.0,0.9599999785423279,0.0,-3750.0,1.0,0.0
35240,3790.0,1.0,0.0,-3660.0,1.0,0.0
35260,3800.0,0.9599999785423279,0.0,-3620.0,0.9599999785423279,0.0
35280,3780.0,1.0,0.0,-3780.0,1.0,0.0
35300,3740.0,1.0,0.0,-3780.0,1.0,0.0
35320,3760.0,1.0,0.0,-3660.0,0.9599999785423279,0.0
35340,3770.0,1.0,0.0,-3670.0,1.0,0.0
35360,3800.0,1.0,0.0,-3680.0,0.9200000166893005,0.0
35380,3800.0,1.0,0.0,-3750.0,1.0,0.0
35400,3810.0,0.9599999785423279,0.0,-3710.0,1.0,0.0
35420,3850.0,0.9599999785423279,0.0,-3720.0,0.800000011920929,0.0
35440,3790.0,1.0,0.0,-3700.0,1.0,0.0
35460,3870.0,1.0,0.0,-3760.0,1.0,0.0
35480,3810.0,1.0,0.0,-3660.0,0.9599999785423279,0.0
35500,3880.0,1.0,0.0,-3690.0,1.0,0.0
35520,3790.0,1.0,0.0,-3680.0,1.0,0.0
35540,3810.0,1.0,0.0,-3650.0,0.8799999952316284,0.0
35560,3800.0,1.0,0.0,-3720.0,1.0,0.0
35580,3780.0,1.0,0.0,-3710.0,1.0,0.0
35600,3810.0,1.0,0.0,-3700.0,1.0,0.0
35620,3770.0,1.0,0.0,-3590.0,0.800000011920929,0.0
35640,3770.0,1.0,0.0,-3690.0,1.0,0.0
35660,3860.0,1.0,0.0,-3740.0,0.8399999737739563,0.0
35680,3900.0,1.0,0.0,-3680.0,1.0,0.0
35700,3790.0,1.0,0.0,-3780.0,1.0,0.0
35720,3790.0,1.0,0.0,-3710.0,0.9599999785423279,0.0
35740,3760.0,1.0,0.0,-3720.0,1.0,0.0
35760,3760.0,1.0,0.0,-3780.0,1.0,0.0
35780,3760.0,1.0,0.0,-3740.0,0.9599999785423279,0.0
35800,3770.0,0.9599999785423279,0.0,-3740.0,1.0,0.0
35820,3780.0,1.0,0.0,-3690.0,1.0,0.0
35840,3880.0,1.0,0.0,-3730.0,1.0,0.0
35860,3850.0,1.0,0.0,-3720.0,1.0,0.0
35880,3830.0,1.0,0.0,-3790.0,1.0,0.0
35900,3820.0,1.0,0.0,-3760.0,0.9200000166893005,0.0
35920,3860.0,1.0,0.0,-3730.0,1.0,0.0
35940,3890.0,1.0,0.0,-3650.0,0.8799999952316284,0.0
35960,3780.0,1.0,0.0,-3730.0,1.0,0.0
35980,3830.0,1.0,0.0,-3820.0,1.0,0.0
36000,3860.0,1.0,0.0,-3700.0,0.9599999785423279,0.0
36020,3830.0,1.0,0.0,-3750.0,0.9599999785423279,0.0
36040,3850.0,0.9200000166893005,0.0,-3710.0,0.9599999785423279,0.0
36060,3850.0,1.0,0.0,-3750.0,1.0,0.0
36080,3920.0,1.0,0.0,-3750.0,0.9200000166893005,0.0
36100,3850.0,0.9599999785423279,0.0,-3800.0,1.0,0.0
36120,3830.0,1.0,0.0,-3760.0,1.0,0.0
36140,3790.0,1.0,0.0,-3700.0,1.0,0.0
36160,3800.0,1.0,0.0,-3730.0,1.0,0.0
36180,3790.0,1.0,0.0,-3630.0,0.9200000166893005,0.0
36200,3780.0,1.0,0.0,-3700.0,1.0,0.0
36220,3790.0,0.9599999785423279,0.0,-3670.0,0.9599999785423279,0.0
36240,3750.0,1.0,0.0,-3630.0,1.0,0.0
36260,3860.0,1.0,0.0,-3710.0,1.0,0.0
36280,3780.0,1.0,0.0,-3730.0,1.0,0.0
36300,3770.0,1.0,0.0,-3580.0,0.9599999785423279,0.0
36320,3850.0,1.0,0.0,-3740.0,0.9200000166893005,0.0
36340,3810.0,1.0,0.0,-3780.0,1.0,0.0
36360,3790.0,1.0,0.0,-3680.0,1.0,0.0
36380,3800.0,1.0,0.0,-3790.0,0.9599999785423279,0.0
36400,3820.0,1.0,0.0,-3800.0,0.9599999785423279,0.0
36420,3850.0,0.8399999737739563,0.0,-3830.0,1.0,0.0
36440,3800.0,1.0,0.0,-3870.0,1.0,0.0
36460,3890.0,1.0,0.0,-3750.0,0.9599999785423279,0.0
36480,3820.0,1.0,0.0,-3790.0,1.0,0.0
36500,3870.0,0.9599999785423279,0.0,-3850.0,1.0,0.0
36520,3800.0,1.0,0.0,-3790.0,0.800000011920929,0.0
36540,3840.0,1.0,0.0,-3730.0,0.800000011920929,0.0
36560,3810.0,1.0,0.0,-3800.0,1.0,0.0
36580,3790.0,0.9599999785423279,0.0,-3780.0,1.0,0.0
36600,3820.0,1.0,0.0,-3810.0,1.0,0.0
36620,3890.0,0.9599999785423279,0.0,-3830.0,0.9599999785423279,0.0
36640,3810.0,1.0,0.0,-3760.0,1.0,0.0
36660,3770.0,0.9599999785423279,0.0,-3790.0,1.0,0.0
36680,3790.0,1.0,0.0,-3760.0,0.9599999785423279,0.0
36700,3880.0,1.0,0.0,-3720.0,1.0,0.0
36720,3810.0,1.0,0.0,-3760.0,0.9599999785423279,0.0
36740,3750.0,1.0,0.0,-3650.0,1.0,0.0
36760,3830.0,1.0,0.0,-3660.0,1.0,0.0
36780,3890.0,1.0,0.0,-3770.0,0.8399999737739563,0.0
36800,3820.0,1.0,0.0,-3700.0,1.0,0.0
36820,3740.0,1.0,0.0,-3680.0,1.0,0.0
36840,3790.0,1.0,0.0,-3690.0,0.9200000166893005,0.0
36860,3810.0,1.0,0.0,-3680.0,1.0,0.0
36880,3810.0,1.0,0.0,-3720.0,1.0,0.0
36900,3820.0,1.0,0.0,-3750.0,1.0,0.0
36920,3810.0,1.0,0.0,-3750.0,1.0,0.0
36940,3850.0,1.0,0.0,-3690.0,1.0,0.0
36960,3900.0,1.0,0.0,-3780.0,1.0,0.0
36980,3860.0,1.0,0.0,-3680.0,1.0,0.0
37000,3880.0,1.0,0.0,-3730.0,0.9200000166893005,0.0
37020,3810.0,1.0,0.0,-3680.0,0.8399999737739563,0.0
37040,3830.0,1.0,0.0,-3710.0,1.0,0.0
37060,3820.0,1.0,0.0,-3740.0,1.0,0.0
37080,3830.0,1.0,0.0,-3690.0,0.800000011920929,0.0
37100,3790.0,1.0,0.0,-3730.0,1.0,0.0
37120,3780.0,1.0,0.0,-3700.0,1.0,0.0
37140,3780.0,1.0,0.0,-3700.0,0.9599999785423279,0.0
37160,3890.0,1.0,0.0,-3730.0,1.0,0.0
37180,3730.0,1.0,0.0,-3840.0,0.9200000166893005,0.0
37200,3810.0,1.0,0.0,-3730.0,1.0,0.0
37220,3880.0,1.0,0.0,-3800.0,1.0,0.0
37240,3910.0,1.0,0.0,-3820.0,0.9599999785423279,0.0
37260,3810.0,1.0,0.0,-3790.0,1.0,0.0
37280,3730.0,0.9200000166893005,0.0,-3780.0,0.800000011920929,0.0
37300,3790.0,0.9200000166893005,0.0,-3850.0,0.800000011920929,0.0
37320,3850.0,1.0,0.0,-3820.0,1.0,0.0
37340,3820.0,1.0,0.0,-3790.0,0.9200000166893005,0.0
37360,3830.0,1.0,0.0,-3790.0,0.9599999785423279,0.0
37380,3820.0,1.0,0.0,-3690.0,0.9200000166893005,0.0
37400,3750.0,1.0,0.0,-3760.0,0.9599999785423279,0.0
37420,3820.0,1.0,0.0,-3680.0,0.9599999785423279,0.0
37440,3770.0,1.0,0.0,-3740.0,1.0,0.0
37460,3810.0,1.0,0.0,-3850.0,0.9200000166893005,0.0
37480,3840.0,1.0,0.0,-3790.0,0.9599999785423279,0.0
37500,3820.0,1.0,0.0,-3750.0,1.0,0.0
37520,3840.0,1.0,0.0,-3750.0,1.0,0.0
37540,3820.0,1.0,0.0,-3690.0,0.9599999785423279,0.0
37560,3840.0,1.0,0.0,-3850.0,1.0,0.0
37580,3850.0,1.0,0.0,-3810.0,1.0,0.0
37600,3860.0,1.0,0.0,-3750.0,1.0,0.0
37620,3850.0,1.0,0.0,-3770.0,1.0,0.0
37640,3820.0,1.0,0.0,-3820.0,0.9200000166893005,0.0
37660,3790.0,1.0,0.0,-3870.0,1.0,0.0
37680,3790.0,1.0,0.0,-3910.0,1.0,0.0
37700,3850.0,1.0,0.0,-3770.0,0.9599999785423279,0.0
37720,3800.0,1.0,0.0,-3870.0,1.0,0.0
37740,3840.0,1.0,0.0,-3850.0,1.0,0.0
37760,3810.0,1.0,0.0,-3720.0,0.9599999785423279,0.0
37780,3840.0,1.0,0.0,-3800.0,1.0,0.0
37800,3820.0,1.0,0.0,-3900.0,1.0,0.0
37820,3850.0,1.0,0.0,-3790.0,0.9599999785423279,0.0
37840,3840.0,1.0,0.0,-3780.0,0.9599999785423279,0.0
37860,3850.0,1.0,0.0,-3750.0,0.800000011920929,0.0
37880,3840.0,1.0,0.0,-3760.0,0.800000011920929,0.0
37900,3770.0,1.0,0.0,-3800.0,0.9599999785423279,0.0
37920,3790.0,1.0,0.0,-3890.0,1.0,0.0
37940,3850.0,1.0,0.0,-3760.0,1.0,0.0
37960,3810.0,1.0,0.0,-3900.0,1.0,0.0
37980,3810.0,1.0,0.0,-3850.0,1.0,0.0
38000,3760.0,1.0,0.0,-3770.0,0.800000011920929,0.0
38020,3840.0,1.0,0.0,-3840.0,1.0,0.0
38040,3840.0,1.0,0.0,-3910.0,0.800000011920929,0.0
38060,3820.0,1.0,0.0,-3960.0,1.0,0.0
38080,3870.0,1.0,0.0,-3940.0,0.9599999785423279,0.0
38100,3820.0,1.0,0.0,-3850.0,1.0,0.0
38120,3780.0,1.0,0.0,-3860.0,1.0,0.0
38140,3840.0,1.0,0.0,-3880.0,0.9200000166893005,0.0
38160,3860.0,1.0,0.0,-3820.0,0.9599999785423279,0.0
38180,3780.0,1.0,0.0,-3740.0,1.0,0.0
38200,3770.0,1.0,0.0,-3890.0,0.9599999785423279,0.0
38220,3780.0,1.0,0.0,-3750.0,1.0,0.0
38240,3870.0,1.0,0.0,-3940.0,1.0,0.0
38260,3760.0,1.0,0.0,-3870.0,1.0,0.0
38280,3760.0,1.0,0.0,-3900.0,1.0,0.0
38300,3840.0,1.0,0.0,-3780.0,0.800000011920929,0.0
38320,3910.0,1.0,0.0,-3940.0,0.8799999952316284,0.0
38340,3830.0,1.0,0.0,-3880.0,1.0,0.0
38360,3840.0,1.0,0.0,-3950.0,1.0,0.0
38380,3830.0,1.0,0.0,-4010.0,0.9200000166893005,0.0
38400,3810.0,1.0,0.0,-3890.0,1.0,0.0
38420,3790.0,1.0,0.0,-3910.0,0.800000011920929,0.0
38440,3770.0,1.0,0.0,-3910.0,1.0,0.0
38460,3840.0,1.0,0.0,-3810.0,0.800000011920929,0.0
38480,3740.0,1.0,0.0,-3890.0,1.0,0.0
38500,3720.0,1.0,0.0,-3970.0,1.0,0.0
38520,3790.0,1.0,0.0,-3890.0,0.9200000166893005,0.0
38540,3800.0,1.0,0.0,-3920.0,0.800000011920929,0.0
38560,3760.0,1.0,0.0,-4000.0,0.8399999737739563,0.0
38580,3850.0,1.0,0.0,-3850.0,0.800000011920929,0.0
38600,3810.0,1.0,0.0,-3890.0,0.800000011920929,0.0
38620,3830.0,1.0,0.0,-3820.0,1.0,0.0
38640,3790.0,1.0,0.0,-3950.0,1.0,0.0
38660,3780.0,1.0,0.0,-3830.0,0.9599999785423279,0.0
38680,3800.0,1.0,0.0,-3760.0,1.0,0.0
38700,3840.0,1.0,0.0,-3830.0,1.0,0.0
38720,3750.0,1.0,0.0,-3960.0,0.9599999785423279,0.0
38740,3670.0,1.0,0.0,-3830.0,0.9200000166893005,0.0
38760,3800.0,1.0,0.0,-3820.0,1.0,0.0
38780,3850.0,1.0,0.0,-3920.0,1.0,0.0
38800,3820.0,1.0,0.0,-3840.0,1.0,0.0
38820,3820.0,1.0,0.0,-3920.0,1.0,0.0
38840,3820.0,1.0,0.0,-3970.0,0.800000011920929,0.0
38860,3850.0,1.0,0.0,-3970.0,0.800000011920929,0.0
38880,3830.0,1.0,0.0,-4050.0,1.0,0.0
38900,3820.0,1.0,0.0,-4020.0,0.9599999785423279,0.0
38920,3820.0,1.0,0.0,-4040.0,0.9200000166893005,0.0
38940,3800.0,1.0,0.0,-3960.0,1.0,0.0
38960,3770.0,1.0,0.0,-3930.0,1.0,0.0
38980,3810.0,1.0,0.0,-3830.0,1.0,0.0
39000,3810.0,1.0,0.0,-3780.0,1.0,0.0
39020,3880.0,1.0,0.0,-3690.0,1.0,0.0
39040,3860.0,1.0,0.0,-3570.0,1.0,0.0
39060,3830.0,1.0,0.0,-3740.0,0.800000011920929,0.0
39080,3870.0,1.0,0.0,-3690.0,0.8399999737739563,0.0
39100,3790.0,1.0,0.0,-3830.0,0.9599999785423279,0.0
39120,3820.0,1.0,0.0,-3870.0,1.0,0.0
39140,3800.0,1.0,0.0,-3820.0,1.0,0.0
39160,3850.0,1.0,0.0,-3890.0,1.0,0.0
39180,3810.0,1.0,0.0,-3950.0,1.0,0.0
39200,3820.0,1.0,0.0,-3880.0,1.0,0.0
39220,3780.0,1.0,0.0,-3920.0,0.9599999785423279,0.0
39240,3870.0,1.0,0.0,-3800.0,0.9599999785423279,0.0
39260,3760.0,1.0,0.0,-3950.0,1.0,0.0
39280,3790.0,1.0,0.0,-3970.0,1.0,0.0
39300,3840.0,1.0,0.0,-3960.0,0.800000011920929,0.0
39320,3880.0,1.0,0.0,-3970.0,1.0,0.0
39340,3850.0,1.0,0.0,-3910.0,0.8799999952316284,0.0
39360,3690.0,1.0,0.0,-3950.0,1.0,0.0
39380,3780.0,1.0,0.0,-3960.0,1.0,0.0
39400,3800.0,1.0,0.0,-3910.0,1.0,0.0
39420,3860.0,1.0,0.0,-3990.0,0.9599999785423279,0.0
39440,3840.0,1.0,0.0,-3920.0,0.800000011920929,0.0
39460,3880.0,1.0,0.0,-3800.0,0.800000011920929,0.0
39480,3830.0,1.0,0.0,-3930.0,0.9200000166893005,0.0
39500,3820.0,1.0,0.0,-3780.0,1.0,0.0
39520,3800.0,1.0,0.0,-3840.0,1.0,0.0
39540,3770.0,1.0,0.0,-3900.0,0.800000011920929,0.0
39560,3820.0,1.0,0.0,-3800.0,1.0,0.0
39580,3810.0,1.0,0.0,-3960.0,1.0,0.0
39600,3820.0,1.0,0.0,-3930.0,1.0,0.0
39620,3890.0,1.0,0.0,-3850.0,1.0,0.0
39640,3930.0,1.0,0.0,-3960.0,1.0,0.0
39660,3830.0,1.0,0.0,-3870.0,1.0,0.0
39680,3900.0,1.0,0.0,-3880.0,0.8799999952316284,0.0
39700,3910.0,1.0,0.0,-3860.0,1.0,0.0
39720,3840.0,1.0,0.0,-3930.0,1.0,0.0
39740,3810.0,1.0,0.0,-3960.0,1.0,0.0
39760,3890.0,1.0,0.0,-4020.0,0.800000011920929,0.0
39780,3900.0,1.0,0.0,-4020.0,0.800000011920929,0.0
39800,3860.0,1.0,0.0,-3930.0,0.9599999785423279,0.0
39820,3810.0,1.0,0.0,-3800.0,1.0,0.0
39840,3870.0,1.0,0.0,-3890.0,1.0,0.0
39860,3840.0,1.0,0.0,-3890.0,0.800000011920929,0.0
39880,3820.0,1.0,0.0,-3850.0,1.0,0.0
39900,3730.0,1.0,0.0,-3990.0,0.9599999785423279,0.0
39920,3840.0,1.0,0.0,-4020.0,0.800000011920929,0.0
39940,3970.0,1.0,0.0,-4090.0,1.0,0.0
39960,3850.0,1.0,0.0,-4140.0,0.800000011920929,0.0
39980,3790.0,1.0,0.0,-4110.0,1.0,0.0
40000,3830.0,1.0,0.0,-4110.0,0.9200000166893005,0.0
40020,3770.0,1.0,0.0,-4000.0,1.0,0.0
40040,3760.0,1.0,0.0,-3950.0,0.9599999785423279,0.0
40060,3860.0,1.0,0.0,-3890.0,1.0,0.0
40080,3940.0,1.0,0.0,-3950.0,0.8799999952316284,0.0
40100,3910.0,1.0,0.0,-4040.0,0.9200000166893005,0.0
40120,3840.0,1.0,0.0,-3930.0,0.9200000166893005,0.0
40140,3820.0,1.0,0.0,-3980.0,1.0,0.0
40160,3920.0,1.0,0.0,-4040.0,1.0,0.0
40180,3810.0,1.0,0.0,-4110.0,0.9200000166893005,0.0
40200,3940.0,1.0,0.0,-4130.0,1.0,0.0
40220,3880.0,1.0,0.0,-4100.0,1.0,0.0
40240,3860.0,1.0,0.0,-4030.0,0.9200000166893005,0.0
40260,3890.0,1.0,0.0,-3910.0,0.8399999737739563,0.0
40280,3940.0,1.0,0.0,-3950.0,0.800000011920929,0.0
40300,3850.0,1.0,0.0,-4010.0,0.8399999737739563,0.0
40320,3850.0,1.0,0.0,-3920.0,1.0,0.0
40340,3830.0,1.0,0.0,-4100.0,1.0,0.0
40360,3770.0,1.0,0.0,-4010.0,1.0,0.0
40380,3790.0,1.0,0.0,-3910.0,1.0,0.0
40400,3880.0,1.0,0.0,-3990.0,1.0,0.0
40420,3770.0,1.0,0.0,-4010.0,0.8399999737739563,0.0
40440,3870.0,1.0,0.0,-3980.0,1.0,0.0
40460,3890.0,1.0,0.0,-3860.0,0.8399999737739563,0.0
40480,3930.0,1.0,0.0,-3750.0,0.800000011920929,0.0
40500,3790.0,1.0,0.0,-3900.0,0.9200000166893005,0.0
40520,3810.0,1.0,0.0,-3860.0,0.9200000166893005,0.0
40540,3900.0,1.0,0.0,-3900.0,1.0,0.0
40560,3960.0,1.0,0.0,-3810.0,1.0,0.0
40580,3910.0,1.0,0.0,-3830.0,1.0,0.0
40600,3780.0,1.0,0.0,-3930.0,1.0,0.0
40620,3890.0,1.0,0.0,-3930.0,1.0,0.0
40640,3870.0,1.0,0.0,-3920.0,1.0,0.0
40660,3830.0,0.9599999785423279,0.0,-3900.0,1.0,0.0
40680,3780.0,1.0,0.0,-3960.0,1.0,0.0
40700,3740.0,1.0,0.0,-4030.0,1.0,0.0
40720,3810.0,1.0,0.0,-3980.0,1.0,0.0
40740,3800.0,1.0,0.0,-3910.0,1.0,0.0
40760,3840.0,1.0,0.0,-3830.0,0.800000011920929,0.0
40780,3820.0,1.0,0.0,-3970.0,1.0,0.0
40800,3840.0,1.0,0.0,-4050.0,1.0,0.0
40820,3890.0,1.0,0.0,-3930.0,1.0,0.0
40840,3860.0,1.0,0.0,-3890.0,1.0,0.0
40860,3850.0,1.0,0.0,-3910.0,1.0,0.0
40880,3900.0,1.0,0.0,-3900.0,0.9599999785423279,0.0
40900,3870.0,1.0,0.0,-3990.0,1.0,0.0
40920,3820.0,1.0,0.0,-3860.0,1.0,0.0
40940,3870.0,1.0,0.0,-3870.0,1.0,0.0
40960,3800.0,1.0,0.0,-3750.0,1.0,0.0
40980,3840.0,1.0,0.0,-3780.0,1.0,0.0
41000,3760.0,1.0,0.0,-3840.0,1.0,0.0
41020,3780.0,1.0,0.0,-3900.0,1.0,0.0
41040,3790.0,1.0,0.0,-3860.0,1.0,0.0
41060,3770.0,1.0,0.0,-3930.0,1.0,0.0
41080,3830.0,1.0,0.0,-3970.0,1.0,0.0
41100,3930.0,1.0,0.0,-4050.0,1.0,0.0
41120,3820.0,1.0,0.0,-3920.0,1.0,0.0
41140,3770.0,1.0,0.0,-3850.0,1.0,0.0
41160,3850.0,1.0,0.0,-3890.0,0.800000011920929,0.0
41180,3930.0,1.0,0.0,-3960.0,1.0,0.0
41200,4070.0,1.0,0.0,-4060.0,0.800000011920929,0.0
41220,3920.0,1.0,0.0,-4020.0,1.0,0.0
41240,3830.0,1.0,0.0,-3960.0,1.0,0.0
41260,3900.0,1.0,0.0,-4060.0,1.0,0.0
41280,3920.0,1.0,0.0,-4090.0,1.0,0.0
41300,3860.0,1.0,0.0,-4080.0,1.0,0.0
41320,3850.0,1.0,0.0,-4120.0,1.0,0.0
41340,3800.0,1.0,0.0,-4210.0,1.0,0.0
41360,3800.0,1.0,0.0,-4120.0,0.800000011920929,0.0
41380,3830.0,1.0,0.0,-4260.0,1.0,0.0
41400,3890.0,1.0,0.0,-4250.0,1.0,0.0
41420,3900.0,1.0,0.0,-4260.0,1.0,0.0
41440,3900.0,1.0,0.0,-4260.0,1.0,0.0
41460,3890.0,1.0,0.0,-4210.0,0.9200000166893005,0.0
41480,3860.0,1.0,0.0,-4260.0,1.0,0.0
41500,3950.0,1.0,0.0,-4170.0,0.9200000166893005,0.0
41520,3880.0,1.0,0.0,-4200.0,1.0,0.0
41540,3850.0,1.0,0.0,-4050.0,0.8799999952316284,0.0
41560,3910.0,1.0,0.0,-3960.0,1.0,0.0
41580,3850.0,1.0,0.0,-3960.0,0.9599999785423279,0.0
41600,3840.0,1.0,0.0,-3950.0,0.9599999785423279,0.0
41620,3840.0,1.0,0.0,-4020.0,0.800000011920929,0.0
41640,3880.0,1.0,0.0,-4110.0,1.0,0.0
41660,3780.0,1.0,0.0,-4040.0,1.0,0.0
41680,3800.0,1.0,0.0,-3970.0,1.0,0.0
41700,3870.0,1.0,0.0,-4010.0,1.0,0.0
41720,3940.0,1.0,0.0,-3970.0,1.0,0.0
41740,3880.0,1.0,0.0,-4050.0,0.8799999952316284,0.0
41760,3930.0,1.0,0.0,-4180.0,1.0,0.0
41780,3800.0,1.0,0.0,-4120.0,0.800000011920929,0.0
41800,3900.0,1.0,0.0,-4240.0,1.0,0.0
41820,3860.0,1.0,0.0,-4240.0,1.0,0.0
41840,3910.0,1.0,0.0,-4190.0,1.0,0.0
41860,3850.0,1.0,0.0,-4280.0,1.0,0.0
41880,3890.0,1.0,0.0,-4140.0,0.8399999737739563,0.0
41900,3790.0,1.0,0.0,-4230.0,1.0,0.0
41920,3740.0,1.0,0.0,-4170.0,1.0,0.0
41940,3870.0,1.0,0.0,-4090.0,1.0,0.0
41960,3810.0,1.0,0.0,-4180.0,1.0,0.0
41980,3840.0,1.0,0.0,-4070.0,1.0,0.0
42000,3820.0,1.0,0.0,-4090.0,1.0,0.0
42020,3860.0,1.0,0.0,-4130.0,1.0,0.0
42040,3870.0,1.0,0.0,-4100.0,1.0,0.0
42060,3930.0,1.0,0.0,-4100.0,1.0,0.0
42080,3960.0,1.0,0.0,-3970.0,0.9200000166893005,0.0
42100,3950.0,1.0,0.0,-3980.0,1.0,0.0
42120,3960.0,1.0,0.0,-3970.0,1.0,0.0
42140,3960.0,1.0,0.0,-3910.0,1.0,0.0
42160,4030.0,1.0,0.0,-3920.0,1.0,0.0
42180,3970.0,1.0,0.0,-3940.0,1.0,0.0
42200,4000.0,1.0,0.0,-3950.0,1.0,0.0
42220,3900.0,1.0,0.0,-3990.0,1.0,0.0
42240,3930.0,1.0,0.0,-3820.0,1.0,0.0
42260,3930.0,1.0,0.0,-3990.0,1.0,0.0
42280,3880.0,1.0,0.0,-3960.0,1.0,0.0
42300,3840.0,1.0,0.0,-3980.0,1.0,0.0
42320,3900.0,1.0,0.0,-4050.0,1.0,0.0
42340,3960.0,1.0,0.0,-3910.0,1.0,0.0
42360,3940.0,1.0,0.0,-4060.0,1.0,0.0
42380,3840.0,1.0,0.0,-3880.0,1.0,0.0
42400,3870.0,1.0,0.0,-3780.0,1.0,0.0
42420,4010.0,1.0,0.0,-3840.0,1.0,0.0
42440,3990.0,1.0,0.0,-3860.0,1.0,0.0
42460,3900.0,1.0,0.0,-3860.0,1.0,0.0
42480,4010.0,1.0,0.0,-3770.0,1.0,0.0
42500,4210.0,1.0,0.0,-3810.0,1.0,0.0
42520,4150.0,1.0,0.0,-3910.0,1.0,0.0
42540,4030.0,1.0,0.0,-3850.0,1.0,0.0
42560,4130.0,1.0,0.0,-3840.0,1.0,0.0
42580,4110.0,1.0,0.0,-3840.0,1.0,0.0
42600,4110.0,1.0,0.0,-3960.0,1.0,0.0
42620,4090.0,1.0,0.0,-4040.0,1.0,0.0
42640,3980.0,1.0,0.0,-3990.0,1.0,0.0
42660,3990.0,1.0,0.0,-3870.0,1.0,0.0
42680,4110.0,1.0,0.0,-3810.0,1.0,0.0
42700,4080.0,1.0,0.0,-3860.0,0.9599999785423279,0.0
42720,3940.0,1.0,0.0,-3900.0,1.0,0.0
42740,3960.0,1.0,0.0,-3850.0,1.0,0.0
42760,3960.0,1.0,0.0,-3960.0,1.0,0.0
42780,3960.0,1.0,0.0,-3890.0,1.0,0.0
42800,3970.0,1.0,0.0,-3840.0,1.0,0.0
42820,3990.0,1.0,0.0,-3840.0,1.0,0.0
42840,4060.0,1.0,0.0,-3780.0,1.0,0.0
42860,4200.0,1.0,0.0,-3900.0,1.0,0.0
42880,4230.0,1.0,0.0,-3760.0,1.0,0.0
42900,4200.0,1.0,0.0,-3670.0,1.0,0.0
42920,4250.0,1.0,0.0,-3790.0,1.0,0.0
42940,4290.0,1.0,0.0,-3650.0,1.0,0.0
42960,4320.0,1.0,0.0,-3730.0,1.0,0.0
42980,4290.0,1.0,0.0,-3810.0,1.0,0.0
43000,4130.0,1.0,0.0,-3800.0,1.0,0.0
43020,4160.0,1.0,0.0,-3700.0,1.0,0.0
43040,4170.0,1.0,0.0,-3580.0,1.0,0.0
43060,4150.0,1.0,0.0,-3660.0,1.0,0.0
43080,4060.0,1.0,0.0,-3680.0,1.0,0.0
43100,4110.0,1.0,0.0,-3640.0,1.0,0.0
43120,4300.0,1.0,0.0,-3630.0,1.0,0.0
43140,4260.0,1.0,0.0,-3610.0,1.0,0.0
43160,4120.0,1.0,0.0,-3730.0,1.0,0.0
43180,4250.0,1.0,0.0,-3630.0,1.0,0.0
43200,4380.0,1.0,0.0,-3670.0,1.0,0.0
43220,4280.0,1.0,0.0,-3760.0,1.0,0.0
43240,4240.0,1.0,0.0,-3610.0,0.9599999785423279,0.0
43260,4340.0,1.0,0.0,-3670.0,1.0,0.0
43280,4330.0,1.0,0.0,-3640.0,1.0,0.0
43300,4480.0,1.0,0.0,-3780.0,1.0,0.0
43320,4460.0,1.0,0.0,-3620.0,1.0,0.0
43340,4320.0,1.0,0.0,-3610.0,0.9599999785423279,0.0
43360,4370.0,1.0,0.0,-3710.0,1.0,0.0
43380,4480.0,1.0,0.0,-3600.0,1.0,0.0
43400,4360.0,1.0,0.0,-3760.0,1.0,0.0
43420,4220.0,1.0,0.0,-3600.0,1.0,0.0
43440,4240.0,1.0,0.0,-3540.0,1.0,0.0
43460,4240.0,1.0,0.0,-3700.0,1.0,0.0
43480,4270.0,1.0,0.0,-3600.0,1.0,0.0
43500,4330.0,1.0,0.0,-3770.0,1.0,0.0
43520,4360.0,1.0,0.0,-3890.0,1.0,0.0
43540,4430.0,1.0,0.0,-3760.0,1.0,0.0
43560,4510.0,1.0,0.0,-3630.0,1.0,0.0
43580,4620.0,1.0,0.0,-3520.0,1.0,0.0
43600,4540.0,1.0,0.0,-3550.0,1.0,0.0
43620,4520.0,1.0,0.0,-3430.0,1.0,0.0
43640,4640.0,1.0,0.0,-3460.0,1.0,0.0
43660,4630.0,1.0,0.0,-3470.0,1.0,0.0
43680,4770.0,1.0,0.0,-3420.0,1.0,0.0
43700,4580.0,1.0,0.0,-3440.0,1.0,0.0
43720,4610.0,1.0,0.0,-3420.0,1.0,0.0
43740,4590.0,1.0,0.0,-3430.0,1.0,0.0
43760,4580.0,1.0,0.0,-3460.0,1.0,0.0
43780,4470.0,1.0,0.0,-3560.0,1.0,0.0
43800,4360.0,1.0,0.0,-3520.0,1.0,0.0
43820,4540.0,1.0,0.0,-3480.0,1.0,0.0
43840,4550.0,1.0,0.0,-3540.0,1.0,0.0
43860,4390.0,1.0,0.0,-3450.0,1.0,0.0
43880,4470.0,1.0,0.0,-3350.0,0.9599999785423279,0.0
43900,4660.0,1.0,0.0,-3480.0,1.0,0.0
43920,4690.0,1.0,0.0,-3370.0,1.0,0.0
43940,4780.0,1.0,0.0,-3450.0,1.0,0.0
43960,4710.0,1.0,0.0,-3320.0,1.0,0.0
43980,4620.0,1.0,0.0,-3260.0,1.0,0.0
44000,4610.0,1.0,0.0,-3320.0,1.0,0.0
44020,4520.0,0.9599999785423279,0.0,-3240.0,1.0,0.0
44040,4400.0,1.0,0.0,-3350.0,1.0,0.0
44060,4420.0,1.0,0.0,-3320.0,1.0,0.0
44080,4600.0,1.0,0.0,-3360.0,0.9599999785423279,0.0
44100,4650.0,1.0,0.0,-3480.0,1.0,0.0
44120,4720.0,1.0,0.0,-3390.0,1.0,0.0
44140,4700.0,1.0,0.0,-3460.0,1.0,0.0
44160,4900.0,1.0,0.0,-3390.0,1.0,0.0
44180,5030.0,1.0,0.0,-3290.0,1.0,0.0
44200,5020.0,1.0,0.0,-3440.0,1.0,0.0
44220,4880.0,1.0,0.0,-3360.0,1.0,0.0
44240,4810.0,1.0,0.0,-3370.0,1.0,0.0
44260,4800.0,1.0,0.0,-3230.0,1.0,0.0
44280,4790.0,1.0,0.0,-3250.0,1.0,0.0
44300,4840.0,1.0,0.0,-3360.0,1.0,0.0
44320,4760.0,1.0,0.0,-3350.0,1.0,0.0
44340,4780.0,1.0,0.0,-3360.0,1.0,0.0
44360,4890.0,1.0,0.0,-3220.0,1.0,0.0
44380,5010.0,1.0,0.0,-3350.0,1.0,0.0
44400,4880.0,1.0,0.0,-3440.0,1.0,0.0
44420,5040.0,1.0,0.0,-3360.0,1.0,0.0
44440,5150.0,1.0,0.0,-3370.0,1.0,0.0
44460,5160.0,1.0,0.0,-3350.0,1.0,0.0
44480,5000.0,1.0,0.0,-3430.0,1.0,0.0
44500,5030.0,1.0,0.0,-3440.0,1.0,0.0
44520,5170.0,1.0,0.0,-3340.0,1.0,0.0
44540,5080.0,1.0,0.0,-3470.0,1.0,0.0
44560,5060.0,1.0,0.0,-3460.0,1.0,0.0
44580,4880.0,1.0,0.0,-3560.0,1.0,0.0
44600,4790.0,1.0,0.0,-3570.0,1.0,0.0
44620,4930.0,1.0,0.0,-3410.0,1.0,0.0
44640,4980.0,1.0,0.0,-3480.0,1.0,0.0
44660,4850.0,1.0,0.0,-3370.0,1.0,0.0
44680,4920.0,1.0,0.0,-3440.0,1.0,0.0
44700,4890.0,1.0,0.0,-3410.0,1.0,0.0
44720,4900.0,1.0,0.0,-3270.0,1.0,0.0
44740,4800.0,1.0,0.0,-3280.0,1.0,0.0
44760,4870.0,1.0,0.0,-3340.0,1.0,0.0
44780,4970.0,1.0,0.0,-3470.0,1.0,0.0
44800,5030.0,1.0,0.0,-3520.0,1.0,0.0
44820,5080.0,1.0,0.0,-3450.0,1.0,0.0
44840,5060.0,1.0,0.0,-3580.0,1.0,0.0
44860,5060.0,1.0,0.0,-3670.0,1.0,0.0
44880,5150.0,1.0,0.0,-3690.0,1.0,0.0
44900,5000.0,1.0,0.0,-3710.0,1.0,0.0
44920,4870.0,1.0,0.0,-3630.0,1.0,0.0
44940,4750.0,1.0,0.0,-3630.0,1.0,0.0
44960,4950.0,1.0,0.0,-3510.0,1.0,0.0
44980,4900.0,1.0,0.0,-3540.0,1.0,0.0
45000,5070.0,1.0,0.0,-3500.0,1.0,0.0
45020,4960.0,1.0,0.0,-3520.0,1.0,0.0
45040,5140.0,1.0,0.0,-3510.0,1.0,0.0
45060,5140.0,1.0,0.0,-3430.0,1.0,0.0
45080,5190.0,1.0,0.0,-3580.0,1.0,0.0
45100,5010.0,1.0,0.0,-3490.0,1.0,0.0
45120,5060.0,1.0,0.0,-3510.0,1.0,0.0
45140,5230.0,1.0,0.0,-3580.0,1.0,0.0
45160,5150.0,0.9599999785423279,0.0,-3560.0,1.0,0.0
45180,5040.0,1.0,0.0,-3490.0,1.0,0.0
45200,4960.0,1.0,0.0,-3410.0,1.0,0.0
45220,5080.0,1.0,0.0,-3280.0,1.0,0.0
45240,5090.0,1.0,0.0,-3360.0,1.0,0.0
45260,,,,,,
45280,4890.0,0.800000011920929,0.0,,,
45300,,,,-3160.0,0.800000011920929,0.0
45320,4690.0,0.800000011920929,0.0,,,
45340,,,,-2960.0,0.800000011920929,0.0
45360,4500.0,0.8399999737739563,0.0,,,
45380,,,,-2760.0,0.800000011920929,0.0
45400,4300.0,0.800000011920929,0.0,,,
45420,,,,-2560.0,0.800000011920929,0.0
45440,4100.0,0.800000011920929,0.0,,,
45460,,,,-2360.0,0.8399999737739563,0.0
45480,3900.0,0.800000011920929,0.0,,,
45500,,,,-2560.0,0.9200000166893005,0.0
45520,3980.0,1.0,0.0,-2720.0,1.0,0.0
45540,4090.0,1.0,0.0,-2870.0,1.0,0.0
45560,4070.0,1.0,0.0,-3010.0,1.0,0.0
45580,4060.0,1.0,0.0,-3100.0,1.0,0.0
45600,4120.0,1.0,0.0,-3180.0,1.0,0.0
45620,4250.0,1.0,0.0,-3200.0,1.0,0.0
45640,4410.0,1.0,0.0,-3240.0,1.0,0.0
45660,4530.0,1.0,0.0,-3240.0,1.0,0.0
45680,4530.0,1.0,0.0,-3290.0,1.0,0.0
45700,4590.0,1.0,0.0,-3440.0,1.0,0.0
45720,4470.0,0.9599999785423279,0.0,-3530.0,1.0,0.0
45740,4350.0,1.0,0.0,-3450.0,1.0,0.0
45760,4390.0,1.0,0.0,-3420.0,1.0,0.0
45780,4500.0,1.0,0.0,-3530.0,1.0,0.0
45800,4620.0,1.0,0.0,-3650.0,1.0,0.0
45820,4620.0,1.0,0.0,-3600.0,1.0,0.0
45840,4590.0,1.0,0.0,-3470.0,1.0,0.0
45860,4510.0,1.0,0.0,-3580.0,1.0,0.0
45880,4640.0,1.0,0.0,-3630.0,1.0,0.0
45900,4610.0,1.0,0.0,-3560.0,1.0,0.0
45920,4610.0,1.0,0.0,-3500.0,1.0,0.0
45940,4680.0,1.0,0.0,-3420.0,1.0,0.0
45960,4780.0,1.0,0.0,-3520.0,1.0,0.0
45980,4780.0,1.0,0.0,-3500.0,1.0,0.0
46000,4910.0,1.0,0.0,-3400.0,1.0,0.0
46020,4710.0,1.0,0.0,-3400.0,1.0,0.0
46040,4750.0,1.0,0.0,-3420.0,1.0,0.0
46060,4780.0,1.0,0.0,-3470.0,1.0,0.0
46080,4680.0,0.9599999785423279,0.0,-3530.0,1.0,0.0
46100,4590.0,1.0,0.0,-3520.0,1.0,0.0
46120,4520.0,1.0,0.0,-3510.0,1.0,0.0
46140,4520.0,1.0,0.0,-3600.0,1.0,0.0
46160,4500.0,1.0,0.0,-3680.0,1.0,0.0
46180,4510.0,1.0,0.0,-3570.0,1.0,0.0
46200,4450.0,1.0,0.0,-3590.0,1.0,0.0
46220,4440.0,1.0,0.0,-3640.0,1.0,0.0
46240,4620.0,1.0,0.0,-3560.0,1.0,0.0
46260,4720.0,1.0,0.0,-3600.0,1.0,0.0
46280,4690.0,1.0,0.0,-3540.0,1.0,0.0
46300,4590.0,1.0,0.0,-3440.0,1.0,0.0
46320,4580.0,1.0,0.0,-3500.0,1.0,0.0
46340,4700.0,1.0,0.0,-3400.0,1.0,0.0
46360,4670.0,1.0,0.0,-3480.0,1.0,0.0
46380,4550.0,1.0,0.0,-3310.0,1.0,0.0
46400,4660.0,1.0,0.0,-3220.0,1.0,0.0
46420,4700.0,1.0,0.0,-3340.0,1.0,0.0
46440,4740.0,1.0,0.0,-3430.0,1.0,0.0
46460,4810.0,1.0,0.0,-3430.0,1.0,0.0
46480,4840.0,1.0,0.0,-3320.0,1.0,0.0
46500,4880.0,1.0,0.0,-3350.0,1.0,0.0
46520,5040.0,1.0,0.0,-3450.0,1.0,0.0
46540,4890.0,1.0,0.0,-3270.0,1.0,0.0
46560,4980.0,1.0,0.0,-3430.0,1.0,0.0
46580,4910.0,1.0,0.0,-3410.0,1.0,0.0
46600,4940.0,1.0,0.0,-3380.0,1.0,0.0
46620,4880.0,1.0,0.0,-3390.0,1.0,0.0
46640,4720.0,1.0,0.0,-3420.0,1.0,0.0
46660,4730.0,1.0,0.0,-3430.0,1.0,0.0
46680,4780.0,1.0,0.0,-3280.0,1.0,0.0
46700,4810.0,1.0,0.0,-3380.0,1.0,0.0
46720,4940.0,1.0,0.0,-3430.0,1.0,0.0
46740,4910.0,1.0,0.0,-3320.0,1.0,0.0
46760,4980.0,1.0,0.0,-3340.0,1.0,0.0
46780,5000.0,1.0,0.0,-3270.0,1.0,0.0
46800,4990.0,1.0,0.0,-3390.0,1.0,0.0
46820,5100.0,1.0,0.0,-3390.0,1.0,0.0
46840,4990.0,1.0,0.0,-3350.0,1.0,0.0
46860,4900.0,1.0,0.0,-3420.0,1.0,0.0
46880,4900.0,1.0,0.0,-3330.0,1.0,0.0
46900,4780.0,1.0,0.0,-3400.0,0.9599999785423279,0.0
46920,4840.0,1.0,0.0,-3320.0,1.0,0.0
46940,4850.0,1.0,0.0,-3280.0,1.0,0.0
46960,5020.0,1.0,0.0,-3320.0,1.0,0.0
46980,5170.0,1.0,0.0,-3180.0,1.0,0.0
47000,5210.0,1.0,0.0,-3320.0,1.0,0.0
47020,5150.0,1.0,0.0,-3300.0,1.0,0.0
47040,5260.0,1.0,0.0,-3190.0,1.0,0.0
47060,5310.0,1.0,0.0,-3190.0,1.0,0.0
47080,5350.0,1.0,0.0,-3190.0,1.0,0.0
47100,5210.0,1.0,0.0,-3340.0,1.0,0.0
47120,5110.0,1.0,0.0,-3250.0,1.0,0.0
47140,5170.0,1.0,0.0,-3230.0,1.0,0.0
47160,5130.0,1.0,0.0,-3270.0,1.0,0.0
47180,5050.0,0.9599999785423279,0.0,-3180.0,1.0,0.0
47200,5010.0,1.0,0.0,-3310.0,1.0,0.0
47220,5080.0,1.0,0.0,-3190.0,1.0,0.0
47240,5060.0,1.0,0.0,-3180.0,1.0,0.0
47260,5080.0,1.0,0.0,-3240.0,1.0,0.0
47280,5050.0,1.0,0.0,-3220.0,1.0,0.0
47300,5100.0,1.0,0.0,-3260.0,1.0,0.0
47320,5110.0,1.0,0.0,-3120.0,1.0,0.0
47340,5000.0,1.0,0.0,-3160.0,1.0,0.0
47360,4900.0,1.0,0.0,-3240.0,1.0,0.0
47380,4930.0,1.0,0.0,-3200.0,0.9599999785423279,0.0
47400,4990.0,1.0,0.0,-3210.0,1.0,0.0
47420,5040.0,1.0,0.0,-3110.0,1.0,0.0
47440,5100.0,1.0,0.0,-3100.0,1.0,0.0
47460,5010.0,1.0,0.0,-3270.0,1.0,0.0
47480,4960.0,1.0,0.0,-3260.0,1.0,0.0
47500,4820.0,1.0,0.0,-3300.0,1.0,0.0
47520,4830.0,1.0,0.0,-3110.0,1.0,0.0
47540,4780.0,1.0,0.0,-3160.0,1.0,0.0
47560,4820.0,1.0,0.0,-3270.0,1.0,0.0
47580,4720.0,1.0,0.0,-3220.0,1.0,0.0
47600,4700.0,1.0,0.0,-3270.0,1.0,0.0
47620,4850.0,1.0,0.0,-3250.0,1.0,0.0
47640,4760.0,0.9599999785423279,0.0,-3260.0,1.0,0.0
47660,4820.0,1.0,0.0,-3400.0,0.9599999785423279,0.0
47680,4700.0,1.0,0.0,-3330.0,1.0,0.0
47700,4530.0,1.0,0.0,-3330.0,1.0,0.0
47720,4570.0,1.0,0.0,-3310.0,1.0,0.0
47740,4540.0,1.0,0.0,-3220.0,1.0,0.0
47760,4460.0,1.0,0.0,-3400.0,1.0,0.0
47780,4430.0,1.0,0.0,-3320.0,0.9599999785423279,0.0
47800,4340.0,1.0,0.0,-3500.0,1.0,0.0
47820,4380.0,1.0,0.0,-3520.0,1.0,0.0
47840,4330.0,1.0,0.0,-3380.0,1.0,0.0
47860,4340.0,1.0,0.0,-3460.0,1.0,0.0
47880,4340.0,1.0,0.0,-3460.0,1.0,0.0
47900,4380.0,1.0,0.0,-3550.0,1.0,0.0
47920,4440.0,1.0,0.0,-3710.0,1.0,0.0
47940,4450.0,1.0,0.0,-3890.0,1.0,0.0
47960,4320.0,1.0,0.0,-3800.0,1.0,0.0
47980,4200.0,1.0,0.0,-3740.0,1.0,0.0
48000,4130.0,1.0,0.0,-3700.0,1.0,0.0
48020,4200.0,1.0,0.0,-3650.0,1.0,0.0
48040,4210.0,1.0,0.0,-3740.0,1.0,0.0
48060,4240.0,1.0,0.0,-3800.0,1.0,0.0
48080,4190.0,1.0,0.0,-3720.0,1.0,0.0
48100,4200.0,1.0,0.0,-3890.0,1.0,0.0
48120,4270.0,1.0,0.0,-3930.0,1.0,0.0
48140,4330.0,1.0,0.0,-3900.0,0.9599999785423279,0.0
48160,4310.0,1.0,0.0,-3990.0,1.0,0.0
48180,4290.0,1.0,0.0,-4060.0,1.0,0.0
48200,4350.0,1.0,0.0,-4120.0,1.0,0.0
48220,4370.0,1.0,0.0,-4120.0,1.0,0.0
48240,4220.0,1.0,0.0,-4160.0,0.9599999785423279,0.0
48260,4320.0,1.0,0.0,-4190.0,1.0,0.0
48280,4240.0,1.0,0.0,-4300.0,1.0,0.0
48300,4110.0,1.0,0.0,-4440.0,0.8799999952316284,0.0
48320,4000.0,1.0,0.0,-4420.0,0.800000011920929,0.0
48340,3930.0,1.0,0.0,-4490.0,1.0,0.0
48360,3970.0,0.9599999785423279,0.0,-4470.0,1.0,0.0
48380,3940.0,1.0,0.0,-4400.0,1.0,0.0
48400,3910.0,1.0,0.0,-4490.0,1.0,0.0
48420,3870.0,1.0,0.0,-4590.0,1.0,0.0
48440,3790.0,1.0,0.0,-4550.0,1.0,0.0
48460,3870.0,1.0,0.0,-4490.0,1.0,0.0
48480,3840.0,1.0,0.0,-4390.0,0.9599999785423279,0.0
48500,3900.0,1.0,0.0,-4420.0,1.0,0.0
48520,3740.0,1.0,0.0,-4560.0,1.0,0.0
48540,3900.0,1.0,0.0,-4460.0,1.0,0.0
48560,3750.0,1.0,0.0,-4320.0,1.0,0.0
48580,3720.0,1.0,0.0,-4250.0,1.0,0.0
48600,3740.0,1.0,0.0,-4240.0,1.0,0.0
48620,3720.0,1.0,0.0,-4240.0,1.0,0.0
48640,3740.0,1.0,0.0,-4420.0,1.0,0.0
48660,3580.0,1.0,0.0,-4290.0,0.8799999952316284,0.0
48680,3560.0,1.0,0.0,-4440.0,1.0,0.0
48700,3560.0,1.0,0.0,-4510.0,1.0,0.0
48720,3520.0,1.0,0.0,-4580.0,1.0,0.0
48740,3690.0,1.0,0.0,-4530.0,1.0,0.0
48760,3810.0,1.0,0.0,-4470.0,1.0,0.0
48780,3750.0,1.0,0.0,-4610.0,0.9200000166893005,0.0
48800,3800.0,1.0,0.0,-4680.0,0.9200000166893005,0.0
48820,3870.0,1.0,0.0,-4700.0,1.0,0.0
48840,3760.0,1.0,0.0,-4570.0,1.0,0.0
48860,3830.0,1.0,0.0,-4530.0,1.0,0.0
48880,3780.0,1.0,0.0,-4470.0,1.0,0.0
48900,3670.0,1.0,0.0,-4420.0,1.0,0.0
48920,3780.0,1.0,0.0,-4440.0,1.0,0.0
48940,3770.0,1.0,0.0,-4390.0,1.0,0.0
48960,3640.0,1.0,0.0,-4400.0,0.9599999785423279,0.0
48980,3620.0,1.0,0.0,-4400.0,1.0,0.0
49000,3570.0,1.0,0.0,-4270.0,0.9599999785423279,0.0
49020,3750.0,1.0,0.0,-4290.0,1.0,0.0
49040,3740.0,1.0,0.0,-4300.0,1.0,0.0
49060,3700.0,1.0,0.0,-4220.0,1.0,0.0
49080,3800.0,1.0,0.0,-4310.0,1.0,0.0
49100,3900.0,1.0,0.0,-4320.0,1.0,0.0
49120,3860.0,1.0,0.0,-4350.0,0.8799999952316284,0.0
49140,3790.0,1.0,0.0,-4300.0,0.9599999785423279,0.0
49160,3820.0,1.0,0.0,-4380.0,1.0,0.0
49180,3820.0,1.0,0.0,-4360.0,1.0,0.0
49200,3830.0,1.0,0.0,-4270.0,1.0,0.0
49220,3770.0,1.0,0.0,-4310.0,1.0,0.0
49240,3860.0,1.0,0.0,-4430.0,1.0,0.0
49260,3770.0,1.0,0.0,-4360.0,1.0,0.0
49280,3690.0,1.0,0.0,-4310.0,1.0,0.0
49300,3810.0,1.0,0.0,-4230.0,1.0,0.0
49320,3850.0,1.0,0.0,-4260.0,1.0,0.0
49340,3850.0,1.0,0.0,-4400.0,1.0,0.0
49360,3750.0,1.0,0.0,-4330.0,1.0,0.0
49380,3810.0,1.0,0.0,-4150.0,1.0,0.0
49400,3910.0,1.0,0.0,-4130.0,1.0,0.0
49420,3900.0,1.0,0.0,-4160.0,1.0,0.0
49440,3910.0,1.0,0.0,-4160.0,1.0,0.0
49460,3960.0,1.0,0.0,-4240.0,1.0,0.0
49480,3920.0,1.0,0.0,-4090.0,1.0,0.0
49500,3920.0,1.0,0.0,-4030.0,1.0,0.0
49520,3920.0,1.0,0.0,-4040.0,1.0,0.0
49540,3850.0,1.0,0.0,-4110.0,1.0,0.0
49560,3800.0,1.0,0.0,-4040.0,1.0,0.0
49580,3890.0,1.0,0.0,-4030.0,1.0,0.0
49600,3800.0,1.0,0.0,-4080.0,1.0,0.0
49620,3730.0,1.0,0.0,-3980.0,1.0,0.0
49640,3600.0,1.0,0.0,-3950.0,1.0,0.0
49660,3490.0,1.0,0.0,-3980.0,1.0,0.0
49680,3520.0,1.0,0.0,-3830.0,1.0,0.0
49700,3540.0,1.0,0.0,-3700.0,1.0,0.0
49720,3640.0,1.0,0.0,-3520.0,1.0,0.0
49740,3630.0,1.0,0.0,-3500.0,1.0,0.0
49760,3560.0,1.0,0.0,-3600.0,1.0,0.0
49780,3640.0,1.0,0.0,-3490.0,1.0,0.0
49800,3530.0,1.0,0.0,-3570.0,1.0,0.0
49820,3420.0,1.0,0.0,-3420.0,1.0,0.0
49840,3460.0,1.0,0.0,-3390.0,1.0,0.0
49860,3520.0,1.0,0.0,-3230.0,1.0,0.0
49880,3600.0,1.0,0.0,-3070.0,1.0,0.0
49900,3510.0,1.0,0.0,-2970.0,1.0,0.0
49920,3370.0,1.0,0.0,-2870.0,1.0,0.0
49940,3200.0,1.0,0.0,-2970.0,1.0,0.0
49960,3110.0,1.0,0.0,-2930.0,1.0,0.0
49980,2940.0,1.0,0.0,-2980.0,1.0,0.0
50000,2140.0,1.0,0.0,-4150.0,1.0,0.0
50020,2150.0,1.0,0.0,-4050.0,1.0,0.0
50040,2220.0,1.0,0.0,-4000.0,1.0,0.0
50060,2280.0,1.0,0.0,-3840.0,1.0,0.0
50080,2420.0,1.0,0.0,,,
50100,2270.0,1.0,0.0,-3900.0,1.0,0.0
50120,2240.0,1.0,0.0,-3780.0,1.0,0.0
50140,2340.0,1.0,0.0,-3920.0,1.0,0.0
50160,2280.0,1.0,0.0,-3910.0,1.0,0.0
50180,2260.0,1.0,0.0,-3900.0,1.0,0.0
50200,2310.0,1.0,0.0,-3770.0,1.0,0.0
50220,2250.0,0.9599999785423279,0.0,-3690.0,1.0,0.0
50240,2190.0,1.0,0.0,-3720.0,1.0,0.0
50260,2270.0,1.0,0.0,-3530.0,1.0,0.0
50280,2270.0,1.0,0.0,-3390.0,1.0,0.0
50300,2220.0,1.0,0.0,-3210.0,1.0,0.0
50320,2250.0,1.0,0.0,-3090.0,1.0,0.0
50340,2230.0,1.0,0.0,-3100.0,1.0,0.0
50360,2300.0,1.0,0.0,-3130.0,1.0,0.0
50380,2270.0,1.0,0.0,-3070.0,1.0,0.0
50400,2170.0,1.0,0.0,,,
50420,2180.0,1.0,0.0,-2920.0,1.0,0.0
50440,2140.0,1.0,0.0,-2850.0,1.0,0.0
50460,2210.0,1.0,0.0,-2710.0,1.0,0.0
50480,2260.0,1.0,0.0,-2710.0,1.0,0.0
50500,2330.0,1.0,0.0,-2610.0,1.0,0.0
50520,2440.0,1.0,0.0,,,
50540,2380.0,1.0,0.0,-2710.0,1.0,0.0
50560,2220.0,1.0,0.0,-2620.0,1.0,0.0
50580,2320.0,1.0,0.0,-2640.0,1.0,0.0
50600,2320.0,1.0,0.0,-2560.0,1.0,0.0
50620,2290.0,1.0,0.0,-2640.0,1.0,0.0
50640,2240.0,1.0,0.0,-2740.0,1.0,0.0
50660,2380.0,1.0,0.0,-2560.0,1.0,0.0
50680,2370.0,1.0,0.0,-2590.0,1.0,0.0
50700,2360.0,1.0,0.0,-2510.0,1.0,0.0
50720,2230.0,1.0,0.0,-2590.0,1.0,0.0
50740,2230.0,0.9599999785423279,0.0,-2600.0,1.0,0.0
50760,2280.0,1.0,0.0,-2460.0,1.0,0.0
50780,2240.0,1.0,0.0,-2490.0,1.0,0.0
50800,2390.0,1.0,0.0,-2450.0,1.0,0.0
50820,2350.0,1.0,0.0,-2390.0,1.0,0.0
50840,2230.0,1.0,0.0,-2430.0,1.0,0.0
50860,2330.0,1.0,0.0,-2320.0,1.0,0.0
50880,2440.0,1.0,0.0,-2390.0,1.0,0.0
50900,2620.0,1.0,0.0,-2490.0,1.0,0.0
50920,2600.0,1.0,0.0,-2590.0,1.0,0.0
50940,2590.0,1.0,0.0,-2640.0,1.0,0.0
50960,2620.0,1.0,0.0,-2670.0,1.0,0.0
50980,2540.0,1.0,0.0,-2840.0,1.0,0.0
51000,2610.0,1.0,0.0,-2830.0,1.0,0.0
51020,2610.0,1.0,0.0,-2770.0,1.0,0.0
51040,2570.0,1.0,0.0,-2760.0,1.0,0.0
51060,2390.0,1.0,0.0,-2660.0,1.0,0.0
51080,2490.0,1.0,0.0,-2700.0,1.0,0.0
51100,2510.0,1.0,0.0,-2740.0,1.0,0.0
51120,2430.0,1.0,0.0,-2730.0,1.0,0.0
51140,2440.0,1.0,0.0,-2610.0,1.0,0.0
51160,2570.0,1.0,0.0,-2650.0,1.0,0.0
51180,2580.0,1.0,0.0,-2540.0,1.0,0.0
51200,2550.0,1.0,0.0,-2510.0,1.0,0.0
51220,2440.0,1.0,0.0,-2610.0,1.0,0.0
51240,2430.0,1.0,0.0,-2510.0,1.0,0.0
51260,2550.0,1.0,0.0,-2480.0,1.0,0.0
51280,2510.0,1.0,0.0,-2400.0,1.0,0.0
51300,2410.0,1.0,0.0,-2390.0,1.0,0.0
51320,2480.0,0.9599999785423279,0.0,-2440.0,1.0,0.0
51340,2500.0,1.0,0.0,-2520.0,1.0,0.0
51360,2470.0,0.9200000166893005,0.0,-2530.0,1.0,0.0
51380,2410.0,1.0,0.0,-2480.0,1.0,0.0
51400,2450.0,1.0,0.0,-2360.0,1.0,0.0
51420,2510.0,1.0,0.0,-2280.0,1.0,0.0
51440,2570.0,1.0,0.0,-2190.0,1.0,0.0
51460,2590.0,1.0,0.0,-2340.0,1.0,0.0
51480,2580.0,1.0,0.0,-2280.0,1.0,0.0
51500,2450.0,1.0,0.0,-2290.0,1.0,0.0
51520,2490.0,1.0,0.0,-2260.0,0.9599999785423279,0.0
51540,2500.0,1.0,0.0,-2290.0,1.0,0.0
51560,2550.0,1.0,0.0,-2430.0,1.0,0.0
51580,2420.0,1.0,0.0,-2480.0,1.0,0.0
51600,2250.0,1.0,0.0,-2360.0,1.0,0.0
51620,2290.0,1.0,0.0,-2420.0,1.0,0.0
51640,2300.0,1.0,0.0,-2360.0,1.0,0.0
51660,2310.0,1.0,0.0,-2470.0,1.0,0.0
51680,2220.0,0.9200000166893005,0.0,-2420.0,1.0,0.0
51700,2210.0,1.0,0.0,-2410.0,1.0,0.0
51720,2130.0,1.0,0.0,-2260.0,1.0,0.0
51740,1990.0,1.0,0.0,-2210.0,1.0,0.0
51760,2150.0,1.0,0.0,-2360.0,1.0,0.0
51780,2040.0,1.0,0.0,-2270.0,1.0,0.0
51800,2090.0,1.0,0.0,-2310.0,1.0,0.0
51820,2170.0,1.0,0.0,-2340.0,1.0,0.0
51840,2170.0,1.0,0.0,-2300.0,1.0,0.0
51860,2360.0,1.0,0.0,-2350.0,1.0,0.0
51880,,,,-2280.0,0.8799999952316284,0.0
51900,2350.0,1.0,0.0,-2250.0,1.0,0.0
51920,,,,-2260.0,1.0,0.0
51940,2420.0,1.0,0.0,-2200.0,1.0,0.0
51960,2550.0,1.0,0.0,-2260.0,1.0,0.0
51980,2630.0,0.9599999785423279,0.0,-2380.0,1.0,0.0
52000,2730.0,1.0,0.0,-2450.0,1.0,0.0
52020,2760.0,1.0,0.0,-2470.0,1.0,0.0
52040,2740.0,1.0,0.0,-2580.0,1.0,0.0
52060,2890.0,1.0,0.0,-2640.0,1.0,0.0
52080,3010.0,1.0,0.0,-2590.0,1.0,0.0
52100,2900.0,1.0,0.0,-2710.0,1.0,0.0
52120,2830.0,1.0,0.0,-2820.0,1.0,0.0
52140,2660.0,1.0,0.0,-2870.0,1.0,0.0
52160,2800.0,1.0,0.0,-2820.0,1.0,0.0
52180,2940.0,1.0,0.0,-2790.0,1.0,0.0
52200,3020.0,1.0,0.0,-2900.0,1.0,0.0
52220,3120.0,1.0,0.0,-2880.0,1.0,0.0
52240,3280.0,1.0,0.0,-2930.0,1.0,0.0
52260,3270.0,1.0,0.0,-2950.0,1.0,0.0
52280,3280.0,1.0,0.0,-2990.0,1.0,0.0
52300,3220.0,1.0,0.0,-2980.0,0.9599999785423279,0.0
52320,3300.0,1.0,0.0,-3120.0,1.0,0.0
52340,3430.0,0.9599999785423279,0.0,-3110.0,1.0,0.0
52360,3310.0,1.0,0.0,-3210.0,1.0,0.0
52380,3440.0,1.0,0.0,-3110.0,1.0,0.0
52400,3310.0,1.0,0.0,-3160.0,1.0,0.0
52420,3140.0,1.0,0.0,-3330.0,1.0,0.0
52440,2970.0,1.0,0.0,-3310.0,1.0,0.0
52460,2860.0,1.0,0.0,-3410.0,0.9599999785423279,0.0
52480,2970.0,1.0,0.0,-3570.0,1.0,0.0
52500,2950.0,1.0,0.0,-3590.0,0.9599999785423279,0.0
52520,3040.0,1.0,0.0,-3610.0,1.0,0.0
52540,3080.0,1.0,0.0,-3670.0,1.0,0.0
52560,2950.0,1.0,0.0,-3750.0,1.0,0.0
52580,2920.0,1.0,0.0,-3660.0,1.0,0.0
52600,2830.0,1.0,0.0,-3720.0,1.0,0.0
52620,2850.0,1.0,0.0,-3750.0,1.0,0.0
52640,2890.0,0.9599999785423279,0.0,-3670.0,0.9200000166893005,0.0
52660,2790.0,1.0,0.0,-3820.0,1.0,0.0
52680,2710.0,1.0,0.0,-3860.0,1.0,0.0
52700,2810.0,1.0,0.0,-3980.0,1.0,0.0
52720,2780.0,1.0,0.0,-4020.0,1.0,0.0
52740,2770.0,1.0,0.0,-4070.0,1.0,0.0
52760,2680.0,1.0,0.0,-4070.0,1.0,0.0
52780,2620.0,1.0,0.0,-4210.0,1.0,0.0
52800,2460.0,1.0,0.0,-4140.0,1.0,0.0
52820,2470.0,1.0,0.0,-4170.0,1.0,0.0
52840,2370.0,1.0,0.0,-4100.0,1.0,0.0
52860,2320.0,1.0,0.0,-4010.0,1.0,0.0
52880,2280.0,1.0,0.0,-3910.0,0.9599999785423279,0.0
52900,2290.0,1.0,0.0,-3890.0,1.0,0.0
52920,2350.0,1.0,0.0,-3850.0,1.0,0.0
52940,2500.0,0.9599999785423279,0.0,-3870.0,0.9599999785423279,0.0
52960,2410.0,0.9599999785423279,0.0,-3920.0,1.0,0.0
52980,2490.0,1.0,0.0,-3960.0,1.0,0.0
53000,2470.0,1.0,0.0,-4140.0,1.0,0.0
53020,2370.0,0.9599999785423279,0.0,-4190.0,0.9200000166893005,0.0
53040,2440.0,1.0,0.0,-4210.0,1.0,0.0
53060,2580.0,0.8799999952316284,0.0,-4180.0,1.0,0.0
53080,2400.0,1.0,0.0,-4130.0,1.0,0.0
53100,2320.0,1.0,0.0,-4140.0,0.800000011920929,0.0
53120,2300.0,1.0,0.0,-4080.0,0.8399999737739563,0.0
53140,2390.0,1.0,0.0,-4010.0,0.9599999785423279,0.0
53160,2520.0,0.9200000166893005,0.0,-4060.0,1.0,0.0
53180,2610.0,1.0,0.0,-4120.0,1.0,0.0
53200,2650.0,1.0,0.0,-4160.0,0.9599999785423279,0.0
53220,2800.0,0.9599999785423279,0.0,-4130.0,0.8399999737739563,0.0
53240,2720.0,1.0,0.0,-4000.0,0.9200000166893005,0.0
53260,2760.0,1.0,0.0,-4000.0,0.800000011920929,0.0
53280,2720.0,1.0,0.0,-3850.0,0.8399999737739563,0.0
53300,2610.0,1.0,0.0,-3790.0,1.0,0.0
53320,2610.0,1.0,0.0,-3850.0,0.800000011920929,0.0
53340,2630.0,0.9599999785423279,0.0,-3830.0,0.800000011920929,0.0
53360,2520.0,1.0,0.0,-3770.0,1.0,0.0
53380,2590.0,1.0,0.0,-3760.0,0.800000011920929,0.0
53400,2630.0,1.0,0.0,-3680.0,1.0,0.0
53420,2590.0,1.0,0.0,-3660.0,0.800000011920929,0.0
53440,2550.0,1.0,0.0,-3800.0,1.0,0.0
53460,2480.0,1.0,0.0,-3900.0,0.9200000166893005,0.0
53480,2510.0,0.9599999785423279,0.0,-3900.0,0.8399999737739563,0.0
53500,2340.0,1.0,0.0,-3890.0,1.0,0.0
53520,2340.0,1.0,0.0,-3870.0,0.8799999952316284,0.0
53540,2400.0,1.0,0.0,-3830.0,0.8399999737739563,0.0
53560,2390.0,0.9599999785423279,0.0,-3800.0,1.0,0.0
53580,2380.0,1.0,0.0,-3810.0,0.800000011920929,0.0
53600,2380.0,1.0,0.0,-3720.0,0.8799999952316284,0.0
53620,2350.0,0.9599999785423279,0.0,-3610.0,0.8399999737739563,0.0
53640,2340.0,0.9200000166893005,0.0,-3650.0,0.8399999737739563,0.0
53660,2490.0,0.9599999785423279,0.0,-3730.0,0.8799999952316284,0.0
53680,2520.0,1.0,0.0,-3610.0,0.8399999737739563,0.0
53700,2460.0,1.0,0.0,-3510.0,0.9200000166893005,0.0
53720,2470.0,1.0,0.0,-3460.0,0.8399999737739563,0.0
53740,2470.0,1.0,0.0,-3310.0,0.9599999785423279,0.0
53760,2340.0,1.0,0.0,-3390.0,0.8799999952316284,0.0
53780,2340.0,1.0,0.0,-3280.0,0.9200000166893005,0.0
53800,2380.0,1.0,0.0,-3200.0,0.9200000166893005,0.0
53820,2330.0,1.0,0.0,-3240.0,1.0,0.0
53840,2300.0,1.0,0.0,-3160.0,1.0,0.0
53860,2220.0,1.0,0.0,-3080.0,0.8399999737739563,0.0
53880,2300.0,1.0,0.0,-3000.0,0.800000011920929,0.0
53900,2360.0,1.0,0.0,-3080.0,0.8399999737739563,0.0
53920,2440.0,0.9200000166893005,0.0,-3060.0,1.0,0.0
53940,2310.0,1.0,0.0,-2990.0,0.8399999737739563,0.0
53960,2200.0,1.0,0.0,-2920.0,0.8399999737739563,0.0
53980,2070.0,1.0,0.0,-2910.0,0.8799999952316284,0.0
54000,2000.0,1.0,0.0,-2790.0,0.8399999737739563,0.0
54020,2100.0,1.0,0.0,-2700.0,0.9599999785423279,0.0
54040,1990.0,0.9200000166893005,0.0,-2780.0,0.800000011920929,0.0
54060,1970.0,0.9200000166893005,0.0,-2660.0,1.0,0.0
54080,1870.0,1.0,0.0,-2600.0,0.9599999785423279,0.0
54100,1870.0,0.9599999785423279,0.0,-2580.0,0.8399999737739563,0.0
54120,1920.0,1.0,0.0,-2640.0,0.800000011920929,0.0
54140,2010.0,1.0,0.0,-2630.0,0.800000011920929,0.0
54160,1930.0,0.8799999952316284,0.0,-2600.0,0.800000011920929,0.0
54180,2010.0,0.9599999785423279,0.0,-2630.0,1.0,0.0
54200,1960.0,1.0,0.0,-2580.0,0.9599999785423279,0.0
54220,2010.0,1.0,0.0,-2680.0,0.800000011920929,0.0
54240,2020.0,0.9599999785423279,0.0,-2800.0,0.800000011920929,0.0
54260,1940.0,1.0,0.0,-2720.0,0.800000011920929,0.0
54280,1950.0,0.9200000166893005,0.0,-2780.0,0.800000011920929,0.0
54300,1940.0,0.9599999785423279,0.0,-2840.0,0.8799999952316284,0.0
54320,2030.0,0.8399999737739563,0.0,-2780.0,0.8799999952316284,0.0
54340,1930.0,1.0,0.0,-2840.0,1.0,0.0
54360,1850.0,1.0,0.0,-2740.0,0.800000011920929,0.0
54380,1730.0,0.9200000166893005,0.0,-2820.0,0.8399999737739563,0.0
54400,1710.0,1.0,0.0,-2990.0,0.800000011920929,0.0
54420,1670.0,1.0,0.0,-3010.0,0.800000011920929,0.0
54440,1670.0,1.0,0.0,-3090.0,1.0,0.0
54460,1630.0,1.0,0.0,-3090.0,0.8799999952316284,0.0
54480,1570.0,1.0,0.0,-3170.0,0.8399999737739563,0.0
54500,1640.0,0.9599999785423279,0.0,-3220.0,0.8399999737739563,0.0
54520,1610.0,1.0,0.0,-3240.0,1.0,0.0
54540,1610.0,1.0,0.0,-3310.0,0.9599999785423279,0.0
54560,1780.0,0.800000011920929,0.0,-3230.0,1.0,0.0
54580,1730.0,0.9200000166893005,0.0,-3310.0,0.800000011920929,0.0
54600,1720.0,0.9599999785423279,0.0,-3450.0,0.8799999952316284,0.0
54620,1620.0,1.0,0.0,-3530.0,0.9599999785423279,0.0
54640,1750.0,1.0,0.0,-3610.0,0.8799999952316284,0.0
54660,1840.0,0.800000011920929,0.0,-3600.0,0.9599999785423279,0.0
54680,1850.0,1.0,0.0,-3650.0,0.800000011920929,0.0
54700,1890.0,1.0,0.0,-3700.0,0.800000011920929,0.0
54720,1710.0,1.0,0.0,-3700.0,0.800000011920929,0.0
54740,1800.0,1.0,0.0,-3650.0,0.8799999952316284,0.0
54760,1720.0,1.0,0.0,-3520.0,0.8799999952316284,0.0
54780,1730.0,1.0,0.0,-3460.0,0.9599999785423279,0.0
54800,1770.0,1.0,0.0,-3470.0,0.8399999737739563,0.0
54820,1800.0,1.0,0.0,-3580.0,1.0,0.0
54840,1690.0,1.0,0.0,-3740.0,0.9599999785423279,0.0
54860,1720.0,0.9200000166893005,0.0,-3660.0,1.0,0.0
54880,1790.0,0.9599999785423279,0.0,-3670.0,1.0,0.0
54900,1660.0,1.0,0.0,-3700.0,0.800000011920929,0.0
54920,1610.0,0.9599999785423279,0.0,-3820.0,0.800000011920929,0.0
54940,1660.0,0.9200000166893005,0.0,-3830.0,0.9200000166893005,0.0
54960,1600.0,0.9200000166893005,0.0,-3870.0,1.0,0.0
54980,1590.0,1.0,0.0,-3790.0,0.9200000166893005,0.0
55000,1760.0,0.800000011920929,0.0,-3640.0,1.0,0.0
55020,1750.0,1.0,0.0,-3530.0,0.9200000166893005,0.0
55040,1790.0,1.0,0.0,-3480.0,1.0,0.0
55060,1610.0,1.0,0.0,-3480.0,0.8399999737739563,0.0
55080,1520.0,1.0,0.0,-3410.0,0.8799999952316284,0.0
55100,1630.0,1.0,0.0,-3370.0,0.800000011920929,0.0
55120,1730.0,0.9200000166893005,0.0,-3220.0,1.0,0.0
55140,1570.0,0.9599999785423279,0.0,-3240.0,0.9200000166893005,0.0
55160,1560.0,0.9599999785423279,0.0,-3260.0,0.9200000166893005,0.0
55180,1520.0,0.9599999785423279,0.0,-3280.0,1.0,0.0
55200,1340.0,0.800000011920929,0.0,-3390.0,0.800000011920929,0.0
55220,1360.0,1.0,0.0,-3390.0,0.8799999952316284,0.0
55240,1520.0,0.9599999785423279,0.0,-3500.0,1.0,0.0
55260,1520.0,1.0,0.0,-3420.0,1.0,0.0
55280,1450.0,1.0,0.0,-3340.0,1.0,0.0
55300,1410.0,1.0,0.0,-3280.0,0.8399999737739563,0.0
55320,1440.0,0.8399999737739563,0.0,-3350.0,0.8399999737739563,0.0
55340,1550.0,0.8399999737739563,0.0,-3310.0,0.9200000166893005,0.0
55360,1710.0,1.0,0.0,-3280.0,1.0,0.0
55380,1630.0,0.9200000166893005,0.0,-3330.0,0.8399999737739563,0.0
55400,1760.0,0.8399999737739563,0.0,-3220.0,0.800000011920929,0.0
55420,1700.0,1.0,0.0,-3270.0,1.0,0.0
55440,1700.0,0.9599999785423279,0.0,-3190.0,0.8399999737739563,0.0
55460,1850.0,0.8399999737739563,0.0,-3250.0,0.8399999737739563,0.0
55480,1840.0,1.0,0.0,-3190.0,0.8799999952316284,0.0
55500,1760.0,1.0,0.0,-3130.0,0.9599999785423279,0.0
55520,1830.0,1.0,0.0,-3150.0,1.0,0.0
55540,1820.0,0.9200000166893005,0.0,-3070.0,0.9200000166893005,0.0
55560,1880.0,0.8799999952316284,0.0,-3100.0,0.800000011920929,0.0
55580,2030.0,1.0,0.0,-3140.0,0.9200000166893005,0.0
55600,1980.0,1.0,0.0,-3190.0,0.9200000166893005,0.0
55620,1920.0,1.0,0.0,-3240.0,1.0,0.0
55640,1890.0,1.0,0.0,-3150.0,0.8399999737739563,0.0
55660,1900.0,1.0,0.0,-3250.0,0.8799999952316284,0.0
55680,1900.0,1.0,0.0,-3270.0,0.9200000166893005,0.0
55700,1760.0,0.9599999785423279,0.0,-3340.0,0.9200000166893005,0.0
55720,1730.0,0.9200000166893005,0.0,-3350.0,0.8799999952316284,0.0
55740,1680.0,1.0,0.0,-3360.0,0.800000011920929,0.0
55760,1620.0,1.0,0.0,-3480.0,0.9200000166893005,0.0
55780,1450.0,1.0,0.0,-3520.0,1.0,0.0
55800,1600.0,1.0,0.0,-3490.0,0.800000011920929,0.0
55820,1650.0,1.0,0.0,-3570.0,1.0,0.0
55840,1710.0,0.8399999737739563,0.0,-3550.0,1.0,0.0
55860,1750.0,0.9599999785423279,0.0,-3580.0,0.9599999785423279,0.0
55880,1830.0,1.0,0.0,-3620.0,0.8799999952316284,0.0
55900,1740.0,1.0,0.0,-3570.0,0.9200000166893005,0.0
55920,1800.0,1.0,0.0,-3630.0,0.800000011920929,0.0
55940,1790.0,1.0,0.0,-3570.0,0.8399999737739563,0.0
55960,1750.0,1.0,0.0,-3590.0,0.8799999952316284,0.0
55980,1760.0,0.8799999952316284,0.0,-3610.0,1.0,0.0
56000,1700.0,1.0,0.0,-3590.0,0.8799999952316284,0.0
56020,1790.0,1.0,0.0,-3490.0,0.8799999952316284,0.0
56040,1760.0,1.0,0.0,-3460.0,1.0,0.0
56060,1770.0,0.9200000166893005,0.0,-3510.0,0.9200000166893005,0.0
56080,1670.0,1.0,0.0,-3490.0,0.9599999785423279,0.0
56100,1780.0,0.9200000166893005,0.0,-3630.0,0.9599999785423279,0.0
56120,1820.0,1.0,0.0,-3720.0,0.8799999952316284,0.0
56140,1840.0,1.0,0.0,-3660.0,0.9200000166893005,0.0
56160,1830.0,1.0,0.0,-3570.0,0.800000011920929,0.0
56180,1850.0,1.0,0.0,-3470.0,0.8399999737739563,0.0
56200,1950.0,0.9200000166893005,0.0,-3410.0,0.9200000166893005,0.0
56220,1910.0,1.0,0.0,-3380.0,0.8399999737739563,0.0
56240,1910.0,1.0,0.0,-3320.0,0.9200000166893005,0.0
56260,1870.0,1.0,0.0,-3320.0,1.0,0.0
56280,1880.0,0.9599999785423279,0.0,-3330.0,0.800000011920929,0.0
56300,1980.0,1.0,0.0,-3290.0,1.0,0.0
56320,1960.0,1.0,0.0,-3310.0,0.800000011920929,0.0
56340,1980.0,1.0,0.0,-3350.0,0.8799999952316284,0.0
56360,1940.0,1.0,0.0,-3330.0,1.0,0.0
56380,1990.0,0.9200000166893005,0.0,-3450.0,0.800000011920929,0.0
56400,2120.0,1.0,0.0,-3430.0,1.0,0.0
56420,1960.0,1.0,0.0,-3440.0,0.8399999737739563,0.0
56440,2040.0,1.0,0.0,-3390.0,0.9200000166893005,0.0
56460,2050.0,1.0,0.0,-3330.0,0.800000011920929,0.0
56480,2160.0,0.9200000166893005,0.0,-3430.0,0.800000011920929,0.0
56500,2240.0,1.0,0.0,-3400.0,0.9599999785423279,0.0
56520,2360.0,1.0,0.0,-3420.0,0.8399999737739563,0.0
56540,2320.0,1.0,0.0,-3500.0,0.9599999785423279,0.0
56560,2340.0,0.9200000166893005,0.0,-3490.0,0.8799999952316284,0.0
56580,2340.0,1.0,0.0,-3580.0,0.800000011920929,0.0
56600,2300.0,1.0,0.0,-3710.0,0.800000011920929,0.0
56620,2230.0,0.9599999785423279,0.0,-3700.0,1.0,0.0
56640,2140.0,1.0,0.0,-3600.0,0.9200000166893005,0.0
56660,2220.0,0.9599999785423279,0.0,-3610.0,0.9599999785423279,0.0
56680,2350.0,0.9599999785423279,0.0,-3450.0,1.0,0.0
56700,2210.0,1.0,0.0,-3490.0,1.0,0.0
56720,2330.0,0.9200000166893005,0.0,-3490.0,1.0,0.0
56740,2330.0,1.0,0.0,-3470.0,0.9599999785423279,0.0
56760,2380.0,1.0,0.0,-3430.0,0.8799999952316284,0.0
56780,2330.0,1.0,0.0,-3370.0,0.9200000166893005,0.0
56800,2410.0,1.0,0.0,-3290.0,0.9599999785423279,0.0
56820,2450.0,1.0,0.0,-3240.0,0.800000011920929,0.0
56840,2390.0,1.0,0.0,-3150.0,0.9599999785423279,0.0
56860,2420.0,1.0,0.0,-3220.0,1.0,0.0
56880,2510.0,0.9599999785423279,0.0,-3230.0,0.9599999785423279,0.0
56900,2560.0,0.9599999785423279,0.0,-3100.0,1.0,0.0
56920,2490.0,1.0,0.0,-2950.0,1.0,0.0
56940,2460.0,0.8799999952316284,0.0,-2910.0,0.9599999785423279,0.0
56960,2570.0,1.0,0.0,-2960.0,1.0,0.0
56980,2550.0,1.0,0.0,-2910.0,1.0,0.0
57000,2560.0,1.0,0.0,-2980.0,0.8399999737739563,0.0
57020,2520.0,1.0,0.0,-3010.0,0.8799999952316284,0.0
57040,2520.0,0.9599999785423279,0.0,-3000.0,1.0,0.0
57060,2450.0,1.0,0.0,-3060.0,1.0,0.0
57080,2560.0,1.0,0.0,-2990.0,1.0,0.0
57100,2450.0,1.0,0.0,-3040.0,1.0,0.0
57120,2320.0,1.0,0.0,-3060.0,1.0,0.0
57140,2450.0,0.8799999952316284,0.0,-3030.0,1.0,0.0
57160,2410.0,0.9599999785423279,0.0,-3200.0,0.9599999785423279,0.0
57180,2270.0,1.0,0.0,-3220.0,1.0,0.0
57200,2260.0,1.0,0.0,-3350.0,1.0,0.0
57220,2380.0,1.0,0.0,-3310.0,1.0,0.0
57240,2400.0,1.0,0.0,-3210.0,0.9599999785423279,0.0
57260,2500.0,1.0,0.0,-3200.0,0.800000011920929,0.0
57280,2460.0,1.0,0.0,-3210.0,0.9599999785423279,0.0
57300,2520.0,1.0,0.0,-3130.0,1.0,0.0
57320,2410.0,1.0,0.0,-3100.0,1.0,0.0
57340,2470.0,0.8799999952316284,0.0,-3170.0,0.8799999952316284,0.0
57360,2470.0,1.0,0.0,-3210.0,1.0,0.0
57380,2470.0,1.0,0.0,-3270.0,1.0,0.0
57400,2500.0,1.0,0.0,-3270.0,0.8799999952316284,0.0
57420,2430.0,1.0,0.0,-3340.0,1.0,0.0
57440,2470.0,1.0,0.0,-3380.0,1.0,0.0
57460,2590.0,1.0,0.0,-3440.0,1.0,0.0
57480,2500.0,1.0,0.0,-3420.0,1.0,0.0
57500,2570.0,1.0,0.0,-3490.0,1.0,0.0
57520,2640.0,1.0,0.0,-3630.0,1.0,0.0
57540,2630.0,1.0,0.0,-3660.0,1.0,0.0
57560,2690.0,1.0,0.0,-3730.0,1.0,0.0
57580,2660.0,1.0,0.0,-3650.0,1.0,0.0
57600,2560.0,0.9599999785423279,0.0,-3680.0,1.0,0.0
57620,2510.0,1.0,0.0,-3720.0,1.0,0.0
57640,2510.0,1.0,0.0,-3630.0,1.0,0.0
57660,2670.0,1.0,0.0,-3690.0,1.0,0.0
57680,2650.0,1.0,0.0,-3620.0,0.9599999785423279,0.0
57700,2650.0,1.0,0.0,-3680.0,1.0,0.0
57720,2640.0,1.0,0.0,-3790.0,1.0,0.0
57740,2550.0,1.0,0.0,-3640.0,1.0,0.0
57760,2400.0,1.0,0.0,-3660.0,1.0,0.0
57780,2410.0,1.0,0.0,-3700.0,0.9599999785423279,0.0
57800,2320.0,1.0,0.0,-3670.0,1.0,0.0
57820,2350.0,1.0,0.0,-3720.0,1.0,0.0
57840,2390.0,1.0,0.0,-3770.0,1.0,0.0
57860,2490.0,1.0,0.0,-3850.0,1.0,0.0
57880,2460.0,1.0,0.0,-3930.0,1.0,0.0
57900,2430.0,1.0,0.0,-3830.0,1.0,0.0
57920,2570.0,1.0,0.0,-3930.0,1.0,0.0
57940,2610.0,1.0,0.0,-3850.0,1.0,0.0
57960,2710.0,1.0,0.0,-3820.0,1.0,0.0
57980,2770.0,1.0,0.0,-3730.0,1.0,0.0
58000,2730.0,1.0,0.0,-3670.0,1.0,0.0
58020,2680.0,1.0,0.0,-3700.0,1.0,0.0
58040,2630.0,1.0,0.0,-3730.0,1.0,0.0
58060,2630.0,1.0,0.0,-3690.0,1.0,0.0
58080,2720.0,1.0,0.0,-3630.0,1.0,0.0
58100,2640.0,1.0,0.0,-3560.0,1.0,0.0
58120,2660.0,1.0,0.0,-3470.0,1.0,0.0
58140,2680.0,1.0,0.0,-3560.0,1.0,0.0
58160,2630.0,1.0,0.0,-3520.0,1.0,0.0
58180,2500.0,1.0,0.0,-3470.0,1.0,0.0
58200,2490.0,1.0,0.0,-3440.0,1.0,0.0
58220,2430.0,1.0,0.0,-3270.0,1.0,0.0
58240,2420.0,1.0,0.0,-3310.0,1.0,0.0
58260,2360.0,1.0,0.0,-3120.0,1.0,0.0
58280,2410.0,1.0,0.0,-2970.0,1.0,0.0
58300,2270.0,1.0,0.0,-2850.0,1.0,0.0
58320,2400.0,1.0,0.0,-2680.0,1.0,0.0
58340,2480.0,1.0,0.0,-2630.0,1.0,0.0
58360,2520.0,1.0,0.0,-2460.0,1.0,0.0
58380,2570.0,1.0,0.0,-2350.0,1.0,0.0
58400,2460.0,1.0,0.0,-2420.0,1.0,0.0
58420,2550.0,1.0,0.0,-2410.0,1.0,0.0
58440,2620.0,0.9599999785423279,0.0,-2450.0,1.0,0.0
58460,2780.0,1.0,0.0,-2380.0,1.0,0.0
58480,2800.0,1.0,0.0,-2440.0,1.0,0.0
58500,2940.0,1.0,0.0,-2500.0,1.0,0.0
58520,3030.0,1.0,0.0,-2540.0,1.0,0.0
58540,3160.0,1.0,0.0,-2620.0,1.0,0.0
58560,3150.0,1.0,0.0,-2590.0,1.0,0.0
58580,3090.0,1.0,0.0,-2470.0,1.0,0.0
58600,2950.0,1.0,0.0,-2390.0,1.0,0.0
58620,2980.0,1.0,0.0,-2300.0,1.0,0.0
58640,2910.0,1.0,0.0,-2370.0,1.0,0.0
58660,2900.0,1.0,0.0,-2390.0,0.9599999785423279,0.0
58680,2840.0,1.0,0.0,-2480.0,1.0,0.0
58700,2970.0,1.0,0.0,-2490.0,1.0,0.0
58720,3010.0,1.0,0.0,-2470.0,1.0,0.0
58740,2970.0,1.0,0.0,-2540.0,1.0,0.0
58760,3010.0,1.0,0.0,-2530.0,1.0,0.0
58780,2980.0,1.0,0.0,-2530.0,1.0,0.0
58800,2960.0,1.0,0.0,-2480.0,1.0,0.0
58820,3080.0,1.0,0.0,-2490.0,1.0,0.0
58840,3060.0,1.0,0.0,-2640.0,1.0,0.0
58860,3000.0,1.0,0.0,-2550.0,1.0,0.0
58880,3110.0,1.0,0.0,-2500.0,1.0,0.0
58900,3130.0,1.0,0.0,-2630.0,1.0,0.0
58920,3090.0,1.0,0.0,-2580.0,1.0,0.0
58940,2960.0,1.0,0.0,-2440.0,1.0,0.0
58960,3070.0,1.0,0.0,-2470.0,1.0,0.0
58980,3040.0,1.0,0.0,-2530.0,1.0,0.0
59000,3170.0,1.0,0.0,-2680.0,1.0,0.0
59020,3070.0,1.0,0.0,-2680.0,1.0,0.0
59040,3060.0,1.0,0.0,-2710.0,1.0,0.0
59060,2970.0,1.0,0.0,-2650.0,1.0,0.0
59080,2940.0,1.0,0.0,-2800.0,1.0,0.0
59100,2950.0,1.0,0.0,-2780.0,1.0,0.0
59120,2840.0,1.0,0.0,-2750.0,1.0,0.0
59140,2880.0,1.0,0.0,-2920.0,1.0,0.0
59160,3000.0,1.0,0.0,-2900.0,1.0,0.0
59180,3030.0,1.0,0.0,-2900.0,1.0,0.0
59200,2940.0,1.0,0.0,-2950.0,1.0,0.0
59220,2850.0,1.0,0.0,-2910.0,1.0,0.0
59240,2760.0,1.0,0.0,-3000.0,1.0,0.0
59260,2900.0,1.0,0.0,-2960.0,1.0,0.0
59280,3040.0,1.0,0.0,-3110.0,1.0,0.0
59300,3030.0,1.0,0.0,-3140.0,1.0,0.0
59320,3160.0,1.0,0.0,-2990.0,1.0,0.0
59340,3190.0,1.0,0.0,-3020.0,1.0,0.0
59360,3240.0,1.0,0.0,-2920.0,1.0,0.0
59380,3270.0,1.0,0.0,-3000.0,1.0,0.0
59400,3180.0,1.0,0.0,-3040.0,1.0,0.0
59420,3270.0,1.0,0.0,-2950.0,1.0,0.0
59440,3340.0,1.0,0.0,-3090.0,1.0,0.0
59460,3420.0,1.0,0.0,-3080.0,1.0,0.0
59480,3430.0,1.0,0.0,-3230.0,0.9599999785423279,0.0
59500,3430.0,1.0,0.0,-3160.0,1.0,0.0
59520,3530.0,1.0,0.0,-3030.0,1.0,0.0
59540,3610.0,1.0,0.0,-3170.0,1.0,0.0
59560,3690.0,1.0,0.0,-3030.0,1.0,0.0
59580,3620.0,1.0,0.0,-3040.0,1.0,0.0
59600,3570.0,1.0,0.0,-3190.0,1.0,0.0
59620,3560.0,1.0,0.0,-3130.0,1.0,0.0
59640,3660.0,1.0,0.0,-3180.0,1.0,0.0
59660,3780.0,1.0,0.0,-3180.0,1.0,0.0
59680,3890.0,1.0,0.0,-3280.0,1.0,0.0
59700,3960.0,1.0,0.0,-3450.0,0.9599999785423279,0.0
59720,3890.0,1.0,0.0,-3410.0,1.0,0.0
59740,3840.0,1.0,0.0,-3400.0,1.0,0.0
59760,3770.0,1.0,0.0,-3490.0,1.0,0.0
59780,3870.0,1.0,0.0,-3360.0,0.9599999785423279,0.0
59800,4020.0,1.0,0.0,-3470.0,0.9599999785423279,0.0
59820,4040.0,1.0,0.0,-3560.0,1.0,0.0
59840,4060.0,1.0,0.0,-3500.0,1.0,0.0
59860,4040.0,1.0,0.0,-3560.0,1.0,0.0
59880,4110.0,1.0,0.0,-3540.0,1.0,0.0
59900,4140.0,1.0,0.0,-3650.0,1.0,0.0
59920,4130.0,1.0,0.0,-3750.0,1.0,0.0
59940,3990.0,1.0,0.0,-3910.0,1.0,0.0
59960,3930.0,1.0,0.0,-3940.0,1.0,0.0
59980,3980.0,1.0,0.0,-4020.0,1.0,0.0
60000,4390.0,1.0,0.0,-5040.0,1.0,0.0
60020,4490.0,1.0,0.0,-5050.0,1.0,0.0
60040,4340.0,1.0,0.0,-5000.0,1.0,0.0
60060,4260.0,1.0,0.0,-5000.0,1.0,0.0
60080,4290.0,1.0,0.0,-4990.0,1.0,0.0
60100,4320.0,1.0,0.0,-5110.0,1.0,0.0
60120,4460.0,1.0,0.0,-5080.0,0.9599999785423279,0.0
60140,4410.0,1.0,0.0,-5020.0,1.0,0.0
60160,4430.0,1.0,0.0,-4860.0,0.9599999785423279,0.0
60180,4510.0,1.0,0.0,-4840.0,1.0,0.0
60200,4560.0,1.0,0.0,-4840.0,1.0,0.0
60220,4460.0,1.0,0.0,-5020.0,0.9599999785423279,0.0
60240,4640.0,1.0,0.0,-5050.0,0.9200000166893005,0.0
60260,4740.0,1.0,0.0,-4900.0,1.0,0.0
60280,4820.0,1.0,0.0,-4890.0,1.0,0.0
60300,4810.0,1.0,0.0,-4740.0,1.0,0.0
60320,4810.0,1.0,0.0,-4670.0,1.0,0.0
60340,4890.0,1.0,0.0,-4660.0,1.0,0.0
60360,4870.0,1.0,0.0,-4530.0,1.0,0.0
60380,4920.0,1.0,0.0,-4390.0,1.0,0.0
60400,5010.0,1.0,0.0,-4430.0,1.0,0.0
60420,5010.0,1.0,0.0,-4300.0,1.0,0.0
60440,5060.0,1.0,0.0,-4190.0,1.0,0.0
60460,5040.0,1.0,0.0,-4120.0,1.0,0.0
60480,5030.0,1.0,0.0,-3980.0,1.0,0.0
60500,5040.0,1.0,0.0,-3970.0,1.0,0.0
60520,4990.0,1.0,0.0,-3790.0,1.0,0.0
60540,5150.0,1.0,0.0,-3660.0,1.0,0.0
60560,5350.0,1.0,0.0,-3650.0,1.0,0.0
60580,5280.0,1.0,0.0,-3520.0,1.0,0.0
60600,5290.0,0.9200000166893005,0.0,-3510.0,1.0,0.0
60620,5280.0,1.0,0.0,-3590.0,1.0,0.0
60640,5430.0,1.0,0.0,-3550.0,1.0,0.0
60660,5560.0,1.0,0.0,-3520.0,1.0,0.0
60680,5560.0,1.0,0.0,-3600.0,0.9599999785423279,0.0
60700,5580.0,1.0,0.0,-3550.0,1.0,0.0
60720,5560.0,0.9599999785423279,0.0,-3490.0,1.0,0.0
60740,5590.0,1.0,0.0,-3420.0,1.0,0.0
60760,5670.0,1.0,0.0,-3330.0,1.0,0.0
60780,5770.0,1.0,0.0,-3270.0,1.0,0.0
60800,5650.0,1.0,0.0,-3210.0,1.0,0.0
60820,5740.0,1.0,0.0,-3270.0,1.0,0.0
60840,5820.0,1.0,0.0,-3310.0,1.0,0.0
60860,5750.0,1.0,0.0,-3170.0,1.0,0.0
60880,5550.0,1.0,0.0,-3230.0,1.0,0.0
60900,5560.0,1.0,0.0,-3150.0,1.0,0.0
60920,5530.0,1.0,0.0,-3290.0,1.0,0.0
60940,5600.0,1.0,0.0,-3210.0,1.0,0.0
60960,5640.0,1.0,0.0,-3180.0,1.0,0.0
60980,5520.0,1.0,0.0,-3260.0,1.0,0.0
61000,5630.0,1.0,0.0,-3270.0,1.0,0.0
61020,5660.0,1.0,0.0,-3150.0,1.0,0.0
61040,5690.0,1.0,0.0,-3150.0,0.9599999785423279,0.0
61060,5660.0,0.9599999785423279,0.0,-3210.0,0.9599999785423279,0.0
61080,5690.0,1.0,0.0,-3230.0,1.0,0.0
61100,5610.0,1.0,0.0,-3310.0,1.0,0.0
61120,5710.0,1.0,0.0,-3220.0,1.0,0.0
61140,5680.0,1.0,0.0,-3120.0,1.0,0.0
61160,5760.0,1.0,0.0,-3290.0,1.0,0.0
61180,5680.0,1.0,0.0,-3280.0,1.0,0.0
61200,5590.0,1.0,0.0,-3200.0,1.0,0.0
61220,5720.0,1.0,0.0,-3250.0,1.0,0.0
61240,5650.0,1.0,0.0,-3140.0,1.0,0.0
61260,5490.0,0.9599999785423279,0.0,-3330.0,1.0,0.0
61280,5580.0,1.0,0.0,-3280.0,1.0,0.0
61300,5740.0,1.0,0.0,-3410.0,1.0,0.0
61320,5770.0,1.0,0.0,-3390.0,1.0,0.0
61340,5690.0,1.0,0.0,-3330.0,0.9599999785423279,0.0
61360,5600.0,1.0,0.0,-3360.0,1.0,0.0
61380,5570.0,1.0,0.0,-3360.0,1.0,0.0
61400,5560.0,1.0,0.0,-3300.0,1.0,0.0
61420,5590.0,1.0,0.0,-3290.0,1.0,0.0
61440,5600.0,0.9599999785423279,0.0,-3320.0,1.0,0.0
61460,5600.0,1.0,0.0,-3210.0,1.0,0.0
61480,5560.0,1.0,0.0,-3390.0,1.0,0.0
61500,5660.0,1.0,0.0,-3290.0,1.0,0.0
61520,5580.0,1.0,0.0,-3310.0,1.0,0.0
61540,5590.0,1.0,0.0,-3470.0,1.0,0.0
61560,5570.0,1.0,0.0,-3360.0,1.0,0.0
61580,5530.0,1.0,0.0,-3270.0,1.0,0.0
61600,5540.0,1.0,0.0,-3250.0,1.0,0.0
61620,5650.0,1.0,0.0,-3190.0,1.0,0.0
61640,5530.0,1.0,0.0,-3350.0,1.0,0.0
61660,5400.0,1.0,0.0,-3230.0,1.0,0.0
61680,5570.0,1.0,0.0,-3300.0,1.0,0.0
61700,5490.0,1.0,0.0,-3300.0,1.0,0.0
61720,5450.0,1.0,0.0,-3220.0,1.0,0.0
61740,5440.0,1.0,0.0,-3280.0,1.0,0.0
61760,5500.0,1.0,0.0,-3340.0,1.0,0.0
61780,5630.0,1.0,0.0,-3320.0,1.0,0.0
61800,5630.0,1.0,0.0,-3420.0,1.0,0.0
61820,5550.0,1.0,0.0,-3380.0,1.0,0.0
61840,5480.0,1.0,0.0,-3490.0,1.0,0.0
61860,5640.0,1.0,0.0,-3570.0,1.0,0.0
61880,5640.0,0.9599999785423279,0.0,-3400.0,1.0,0.0
61900,5440.0,1.0,0.0,-3500.0,1.0,0.0
61920,5340.0,1.0,0.0,-3480.0,1.0,0.0
61940,5280.0,1.0,0.0,-3440.0,1.0,0.0
61960,5260.0,1.0,0.0,-3490.0,1.0,0.0
61980,5210.0,1.0,0.0,-3410.0,1.0,0.0
62000,5350.0,1.0,0.0,-3530.0,1.0,0.0
62020,5290.0,1.0,0.0,-3450.0,1.0,0.0
62040,5210.0,1.0,0.0,-3440.0,1.0,0.0
62060,5400.0,1.0,0.0,-3430.0,1.0,0.0
62080,5430.0,1.0,0.0,-3330.0,1.0,0.0
62100,5400.0,1.0,0.0,-3370.0,1.0,0.0
62120,5350.0,1.0,0.0,-3350.0,1.0,0.0
62140,5470.0,1.0,0.0,-3530.0,1.0,0.0
62160,5330.0,1.0,0.0,-3580.0,1.0,0.0
62180,5330.0,1.0,0.0,-3470.0,1.0,0.0
62200,5170.0,0.9599999785423279,0.0,-3540.0,1.0,0.0
62220,5300.0,1.0,0.0,-3430.0,1.0,0.0
62240,5350.0,1.0,0.0,-3560.0,1.0,0.0
62260,5330.0,1.0,0.0,-3640.0,1.0,0.0
62280,5400.0,1.0,0.0,-3500.0,1.0,0.0
62300,5370.0,1.0,0.0,-3530.0,1.0,0.0
62320,5300.0,1.0,0.0,-3390.0,1.0,0.0
62340,5220.0,1.0,0.0,-3440.0,1.0,0.0
62360,5210.0,1.0,0.0,-3370.0,1.0,0.0
62380,5310.0,1.0,0.0,-3380.0,1.0,0.0
62400,5150.0,1.0,0.0,-3460.0,1.0,0.0
62420,5240.0,1.0,0.0,-3350.0,0.9599999785423279,0.0
62440,5360.0,1.0,0.0,-3460.0,1.0,0.0
62460,5450.0,1.0,0.0,-3590.0,1.0,0.0
62480,5380.0,0.9599999785423279,0.0,-3610.0,1.0,0.0
62500,5260.0,1.0,0.0,-3690.0,1.0,0.0
62520,5250.0,1.0,0.0,-3640.0,1.0,0.0
62540,5310.0,1.0,0.0,-3640.0,1.0,0.0
62560,5240.0,1.0,0.0,-3710.0,1.0,0.0
62580,5350.0,1.0,0.0,-3600.0,1.0,0.0
62600,5370.0,1.0,0.0,-3590.0,1.0,0.0
62620,5370.0,1.0,0.0,-3600.0,1.0,0.0
62640,5360.0,1.0,0.0,-3510.0,1.0,0.0
62660,5290.0,1.0,0.0,-3580.0,1.0,0.0
62680,5420.0,1.0,0.0,-3570.0,1.0,0.0
62700,5250.0,0.9599999785423279,0.0,-3530.0,1.0,0.0
62720,5190.0,0.9599999785423279,0.0,-3620.0,1.0,0.0
62740,5350.0,1.0,0.0,-3500.0,1.0,0.0
62760,5400.0,1.0,0.0,-3580.0,1.0,0.0
62780,5290.0,1.0,0.0,-3610.0,1.0,0.0
62800,5280.0,1.0,0.0,-3440.0,1.0,0.0
62820,5430.0,1.0,0.0,-3550.0,1.0,0.0
62840,5410.0,0.9599999785423279,0.0,-3550.0,1.0,0.0
62860,5300.0,1.0,0.0,-3570.0,1.0,0.0
62880,5170.0,0.9599999785423279,0.0,-3580.0,1.0,0.0
62900,5200.0,1.0,0.0,-3460.0,1.0,0.0
62920,5240.0,1.0,0.0,-3620.0,1.0,0.0
62940,5290.0,1.0,0.0,-3500.0,1.0,0.0
62960,5260.0,1.0,0.0,-3640.0,1.0,0.0
62980,5260.0,1.0,0.0,-3640.0,1.0,0.0
63000,5320.0,1.0,0.0,-3500.0,1.0,0.0
63020,5320.0,1.0,0.0,-3560.0,1.0,0.0
63040,5220.0,1.0,0.0,-3450.0,1.0,0.0
63060,5220.0,1.0,0.0,-3500.0,1.0,0.0
63080,5040.0,1.0,0.0,-3620.0,1.0,0.0
63100,5100.0,1.0,0.0,-3580.0,1.0,0.0
63120,5130.0,1.0,0.0,-3720.0,1.0,0.0
63140,5170.0,1.0,0.0,-3650.0,1.0,0.0
63160,5110.0,1.0,0.0,-3460.0,1.0,0.0
63180,5220.0,1.0,0.0,-3490.0,1.0,0.0
63200,5290.0,1.0,0.0,-3330.0,1.0,0.0
63220,5280.0,1.0,0.0,-3510.0,1.0,0.0
63240,5260.0,1.0,0.0,-3550.0,1.0,0.0
63260,5110.0,1.0,0.0,-3520.0,1.0,0.0
63280,5150.0,1.0,0.0,-3520.0,1.0,0.0
63300,5020.0,1.0,0.0,-3420.0,1.0,0.0
63320,4870.0,1.0,0.0,-3400.0,1.0,0.0
63340,4900.0,1.0,0.0,-3580.0,1.0,0.0
63360,4990.0,1.0,0.0,-3550.0,1.0,0.0
63380,5000.0,1.0,0.0,-3610.0,1.0,0.0
63400,5140.0,1.0,0.0,-3640.0,1.0,0.0
63420,4960.0,1.0,0.0,-3490.0,1.0,0.0
63440,4920.0,1.0,0.0,-3550.0,1.0,0.0
63460,4890.0,1.0,0.0,-3410.0,1.0,0.0
63480,4840.0,1.0,0.0,-3510.0,1.0,0.0
63500,4800.0,1.0,0.0,-3680.0,1.0,0.0
63520,4900.0,1.0,0.0,-3640.0,1.0,0.0
63540,4800.0,1.0,0.0,-3740.0,1.0,0.0
63560,4850.0,1.0,0.0,-3660.0,1.0,0.0
63580,4930.0,1.0,0.0,-3700.0,1.0,0.0
63600,5080.0,1.0,0.0,-3670.0,1.0,0.0
63620,4990.0,1.0,0.0,-3570.0,1.0,0.0
63640,4820.0,1.0,0.0,-3630.0,1.0,0.0
63660,4910.0,1.0,0.0,-3550.0,1.0,0.0
63680,4890.0,1.0,0.0,-3530.0,1.0,0.0
63700,4800.0,1.0,0.0,-3700.0,1.0,0.0
63720,4700.0,1.0,0.0,-3540.0,1.0,0.0
63740,4780.0,1.0,0.0,-3540.0,1.0,0.0
63760,4790.0,1.0,0.0,-3610.0,1.0,0.0
63780,4910.0,1.0,0.0,-3510.0,1.0,0.0
63800,4870.0,1.0,0.0,-3570.0,1.0,0.0
63820,4810.0,1.0,0.0,-3630.0,1.0,0.0
63840,4710.0,1.0,0.0,-3690.0,1.0,0.0
63860,4720.0,1.0,0.0,-3750.0,1.0,0.0
63880,4620.0,1.0,0.0,-3780.0,1.0,0.0
63900,4730.0,1.0,0.0,-3720.0,1.0,0.0
63920,4600.0,1.0,0.0,-3730.0,1.0,0.0
63940,4670.0,1.0,0.0,-3640.0,1.0,0.0
63960,4800.0,1.0,0.0,-3710.0,1.0,0.0
63980,4820.0,1.0,0.0,-3660.0,1.0,0.0
64000,4670.0,1.0,0.0,-3700.0,1.0,0.0
64020,4540.0,1.0,0.0,-3610.0,1.0,0.0
64040,4530.0,1.0,0.0,-3640.0,1.0,0.0
64060,4590.0,1.0,0.0,-3570.0,1.0,0.0
64080,4700.0,1.0,0.0,-3500.0,1.0,0.0
64100,4690.0,1.0,0.0,-3610.0,1.0,0.0
64120,4630.0,1.0,0.0,-3600.0,1.0,0.0
64140,4500.0,1.0,0.0,-3520.0,1.0,0.0
64160,4560.0,1.0,0.0,-3600.0,1.0,0.0
64180,4650.0,1.0,0.0,-3550.0,1.0,0.0
64200,4820.0,1.0,0.0,-3640.0,1.0,0.0
64220,4670.0,1.0,0.0,-3680.0,1.0,0.0
64240,4620.0,1.0,0.0,-3580.0,1.0,0.0
64260,4630.0,1.0,0.0,-3650.0,1.0,0.0
64280,4680.0,1.0,0.0,-3540.0,1.0,0.0
64300,4660.0,1.0,0.0,-3540.0,1.0,0.0
64320,4570.0,1.0,0.0,-3580.0,1.0,0.0
64340,4430.0,1.0,0.0,-3510.0,1.0,0.0
64360,4520.0,1.0,0.0,-3670.0,1.0,0.0
64380,4650.0,1.0,0.0,-3680.0,1.0,0.0
64400,4540.0,1.0,0.0,-3650.0,1.0,0.0
64420,4410.0,1.0,0.0,-3760.0,1.0,0.0
64440,4340.0,1.0,0.0,-3680.0,1.0,0.0
64460,4490.0,1.0,0.0,-3810.0,1.0,0.0
64480,4420.0,1.0,0.0,-3830.0,1.0,0.0
64500,4300.0,1.0,0.0,-3800.0,1.0,0.0
64520,4160.0,1.0,0.0,-3920.0,1.0,0.0
64540,4300.0,1.0,0.0,-3820.0,1.0,0.0
64560,4410.0,1.0,0.0,-3790.0,0.9200000166893005,0.0
64580,4420.0,1.0,0.0,-3820.0,0.9599999785423279,0.0
64600,4320.0,1.0,0.0,-3740.0,1.0,0.0
64620,4340.0,1.0,0.0,-3760.0,1.0,0.0
64640,4250.0,1.0,0.0,-3640.0,1.0,0.0
64660,4360.0,1.0,0.0,-3660.0,1.0,0.0
64680,4300.0,1.0,0.0,-3780.0,1.0,0.0
64700,4200.0,1.0,0.0,-3670.0,1.0,0.0
64720,4190.0,1.0,0.0,-3610.0,1.0,0.0
64740,4210.0,1.0,0.0,-3630.0,1.0,0.0
64760,4320.0,1.0,0.0,-3680.0,1.0,0.0
64780,4160.0,1.0,0.0,-3810.0,1.0,0.0
64800,4090.0,1.0,0.0,-3780.0,1.0,0.0
64820,4100.0,1.0,0.0,-3790.0,1.0,0.0
64840,4240.0,1.0,0.0,-3790.0,1.0,0.0
64860,4200.0,1.0,0.0,-3820.0,1.0,0.0
64880,4200.0,1.0,0.0,-3810.0,1.0,0.0
64900,4080.0,1.0,0.0,-3760.0,1.0,0.0
64920,4030.0,1.0,0.0,-3620.0,1.0,0.0
64940,4080.0,1.0,0.0,-3720.0,1.0,0.0
64960,4040.0,1.0,0.0,-3760.0,1.0,0.0
64980,3960.0,1.0,0.0,-3930.0,1.0,0.0
65000,4050.0,1.0,0.0,-3870.0,1.0,0.0
65020,4170.0,1.0,0.0,-3800.0,1.0,0.0
65040,4100.0,1.0,0.0,-3770.0,1.0,0.0
65060,4060.0,1.0,0.0,-3800.0,1.0,0.0
65080,3990.0,1.0,0.0,-3910.0,1.0,0.0
65100,4030.0,1.0,0.0,-3970.0,1.0,0.0
65120,4110.0,1.0,0.0,-3860.0,1.0,0.0
65140,3990.0,1.0,0.0,-3960.0,1.0,0.0
65160,3910.0,1.0,0.0,-3950.0,1.0,0.0
65180,3890.0,1.0,0.0,-3960.0,1.0,0.0
65200,3960.0,1.0,0.0,-3990.0,1.0,0.0
65220,4000.0,1.0,0.0,-3930.0,1.0,0.0
65240,3990.0,1.0,0.0,-3930.0,1.0,0.0
65260,3990.0,1.0,0.0,-3910.0,1.0,0.0
65280,4000.0,1.0,0.0,-3960.0,0.800000011920929,0.0
65300,4050.0,1.0,0.0,-4060.0,1.0,0.0
65320,3940.0,1.0,0.0,-4080.0,1.0,0.0
65340,3890.0,1.0,0.0,-4040.0,1.0,0.0
65360,3980.0,1.0,0.0,-4130.0,1.0,0.0
65380,4010.0,1.0,0.0,-4080.0,1.0,0.0
65400,3950.0,1.0,0.0,-4150.0,1.0,0.0
65420,3870.0,1.0,0.0,-4130.0,1.0,0.0
65440,3730.0,1.0,0.0,-4160.0,1.0,0.0
65460,3870.0,1.0,0.0,-4200.0,1.0,0.0
65480,3910.0,1.0,0.0,-4140.0,0.8799999952316284,0.0
65500,3840.0,1.0,0.0,-4210.0,0.800000011920929,0.0
65520,3830.0,1.0,0.0,-4260.0,0.800000011920929,0.0
65540,3910.0,1.0,0.0,-4230.0,1.0,0.0
65560,3890.0,1.0,0.0,-4160.0,0.9599999785423279,0.0
65580,3970.0,1.0,0.0,-4190.0,1.0,0.0
65600,3870.0,1.0,0.0,-4190.0,1.0,0.0
65620,3800.0,1.0,0.0,-4310.0,1.0,0.0
65640,3810.0,1.0,0.0,-4260.0,1.0,0.0
65660,3860.0,1.0,0.0,-4240.0,1.0,0.0
65680,3820.0,1.0,0.0,-4220.0,1.0,0.0
65700,3750.0,1.0,0.0,-4190.0,1.0,0.0
65720,3750.0,1.0,0.0,-4180.0,1.0,0.0
65740,3790.0,1.0,0.0,-4130.0,1.0,0.0
65760,3840.0,1.0,0.0,-4090.0,1.0,0.0
65780,3890.0,1.0,0.0,-4160.0,1.0,0.0
65800,3960.0,1.0,0.0,-4220.0,1.0,0.0
65820,3950.0,1.0,0.0,-4210.0,1.0,0.0
65840,3910.0,1.0,0.0,-4080.0,1.0,0.0
65860,3830.0,1.0,0.0,-4150.0,0.800000011920929,0.0
65880,3790.0,1.0,0.0,-4050.0,1.0,0.0
65900,3780.0,1.0,0.0,-4050.0,1.0,0.0
65920,3830.0,1.0,0.0,-4190.0,1.0,0.0
65940,3970.0,1.0,0.0,-4210.0,1.0,0.0
65960,3870.0,1.0,0.0,-4170.0,1.0,0.0
65980,3850.0,1.0,0.0,-4210.0,1.0,0.0
66000,3890.0,1.0,0.0,-4130.0,1.0,0.0
66020,3940.0,1.0,0.0,-4070.0,0.9599999785423279,0.0
66040,3860.0,1.0,0.0,-4010.0,1.0,0.0
66060,3880.0,1.0,0.0,-4080.0,1.0,0.0
66080,3840.0,1.0,0.0,-4040.0,1.0,0.0
66100,3860.0,1.0,0.0,-4090.0,1.0,0.0
66120,3910.0,1.0,0.0,-3970.0,1.0,0.0
66140,3820.0,1.0,0.0,-3930.0,1.0,0.0
66160,3870.0,1.0,0.0,-3920.0,0.9599999785423279,0.0
66180,3880.0,1.0,0.0,-3970.0,0.9599999785423279,0.0
66200,3860.0,1.0,0.0,-4010.0,1.0,0.0
66220,3880.0,1.0,0.0,-3970.0,1.0,0.0
66240,3850.0,1.0,0.0,-4020.0,0.8799999952316284,0.0
66260,3860.0,1.0,0.0,-4020.0,1.0,0.0
66280,3800.0,1.0,0.0,-3980.0,1.0,0.0
66300,3850.0,1.0,0.0,-4000.0,1.0,0.0
66320,3850.0,1.0,0.0,-4130.0,1.0,0.0
66340,3850.0,1.0,0.0,-4130.0,1.0,0.0
66360,3780.0,1.0,0.0,-4130.0,0.9599999785423279,0.0
66380,3820.0,1.0,0.0,-4030.0,0.9599999785423279,0.0
66400,3970.0,1.0,0.0,-4040.0,1.0,0.0
66420,3860.0,1.0,0.0,-3970.0,1.0,0.0
66440,3810.0,1.0,0.0,-4080.0,0.9200000166893005,0.0
66460,3790.0,1.0,0.0,-4060.0,0.9599999785423279,0.0
66480,3820.0,1.0,0.0,-4050.0,1.0,0.0
66500,3770.0,1.0,0.0,-4050.0,0.9599999785423279,0.0
66520,3790.0,1.0,0.0,-3950.0,0.800000011920929,0.0
66540,3780.0,1.0,0.0,-4030.0,1.0,0.0
66560,3790.0,1.0,0.0,-4020.0,1.0,0.0
66580,3830.0,1.0,0.0,-4100.0,1.0,0.0
66600,3780.0,1.0,0.0,-4020.0,1.0,0.0
66620,3840.0,1.0,0.0,-3970.0,1.0,0.0
66640,3850.0,1.0,0.0,-3950.0,1.0,0.0
66660,3810.0,1.0,0.0,-4030.0,0.9200000166893005,0.0
66680,3850.0,1.0,0.0,-3950.0,1.0,0.0
66700,3880.0,1.0,0.0,-4000.0,1.0,0.0
66720,3760.0,1.0,0.0,-4010.0,0.800000011920929,0.0
66740,3840.0,1.0,0.0,-4040.0,1.0,0.0
66760,3860.0,1.0,0.0,-3970.0,1.0,0.0
66780,3880.0,1.0,0.0,-3860.0,1.0,0.0
66800,3810.0,1.0,0.0,-3940.0,1.0,0.0
66820,3830.0,1.0,0.0,-3990.0,0.9200000166893005,0.0
66840,3830.0,1.0,0.0,-3900.0,1.0,0.0
66860,3890.0,1.0,0.0,-3950.0,0.9599999785423279,0.0
66880,3920.0,1.0,0.0,-3830.0,0.9599999785423279,0.0
66900,3830.0,1.0,0.0,-3770.0,1.0,0.0
66920,3900.0,1.0,0.0,-3840.0,1.0,0.0
66940,3820.0,1.0,0.0,-3860.0,1.0,0.0
66960,3830.0,1.0,0.0,-3830.0,1.0,0.0
66980,3900.0,1.0,0.0,-3870.0,1.0,0.0
67000,3860.0,1.0,0.0,-3990.0,1.0,0.0
67020,3840.0,1.0,0.0,-3860.0,1.0,0.0
67040,3790.0,1.0,0.0,-3950.0,0.8799999952316284,0.0
67060,3840.0,1.0,0.0,-4060.0,1.0,0.0
67080,3880.0,1.0,0.0,-3980.0,0.9200000166893005,0.0
67100,3880.0,1.0,0.0,-3980.0,1.0,0.0
67120,3860.0,1.0,0.0,-3920.0,1.0,0.0
67140,3870.0,1.0,0.0,-3930.0,1.0,0.0
67160,3850.0,1.0,0.0,-3920.0,0.800000011920929,0.0
67180,3810.0,1.0,0.0,-3800.0,0.9599999785423279,0.0
67200,3870.0,1.0,0.0,-3820.0,1.0,0.0
67220,3810.0,1.0,0.0,-3900.0,1.0,0.0
67240,3870.0,1.0,0.0,-3900.0,1.0,0.0
67260,3790.0,1.0,0.0,-3900.0,1.0,0.0
67280,3790.0,1.0,0.0,-3870.0,1.0,0.0
67300,3830.0,1.0,0.0,-3930.0,1.0,0.0
67320,3910.0,1.0,0.0,-3930.0,0.9599999785423279,0.0
67340,3870.0,1.0,0.0,-3900.0,1.0,0.0
67360,3810.0,1.0,0.0,-3910.0,0.800000011920929,0.0
67380,3900.0,1.0,0.0,-3920.0,1.0,0.0
67400,3850.0,1.0,0.0,-3960.0,1.0,0.0
67420,3860.0,1.0,0.0,-3980.0,1.0,0.0
67440,3850.0,1.0,0.0,-4070.0,0.9599999785423279,0.0
67460,3800.0,1.0,0.0,-3930.0,0.9599999785423279,0.0
67480,3770.0,1.0,0.0,-4050.0,0.800000011920929,0.0
67500,3840.0,1.0,0.0,-3920.0,0.800000011920929,0.0
67520,3840.0,1.0,0.0,-3840.0,1.0,0.0
67540,3860.0,1.0,0.0,-3890.0,1.0,0.0
67560,3820.0,1.0,0.0,-3860.0,0.8799999952316284,0.0
67580,3800.0,1.0,0.0,-3840.0,0.8799999952316284,0.0
67600,3800.0,1.0,0.0,-3910.0,1.0,0.0
67620,3850.0,1.0,0.0,-3770.0,1.0,0.0
67640,3820.0,1.0,0.0,-3810.0,0.800000011920929,0.0
67660,3780.0,1.0,0.0,-3750.0,0.9599999785423279,0.0
67680,3740.0,1.0,0.0,-3790.0,0.8799999952316284,0.0
67700,3860.0,1.0,0.0,-3700.0,1.0,0.0
67720,3880.0,1.0,0.0,-3730.0,1.0,0.0
67740,3830.0,1.0,0.0,-3790.0,0.9599999785423279,0.0
67760,3790.0,1.0,0.0,-3780.0,0.9599999785423279,0.0
67780,3860.0,1.0,0.0,-3750.0,1.0,0.0
67800,3830.0,1.0,0.0,-3720.0,0.8799999952316284,0.0
67820,3830.0,1.0,0.0,-3750.0,0.9599999785423279,0.0
67840,3810.0,1.0,0.0,-3810.0,1.0,0.0
67860,3810.0,1.0,0.0,-3870.0,1.0,0.0
67880,3840.0,1.0,0.0,-3710.0,0.800000011920929,0.0
67900,3860.0,1.0,0.0,-3860.0,1.0,0.0
67920,3800.0,1.0,0.0,-3830.0,0.800000011920929,0.0
67940,3850.0,1.0,0.0,-3690.0,1.0,0.0
67960,3820.0,0.9599999785423279,0.0,-3740.0,1.0,0.0
67980,3790.0,1.0,0.0,-3710.0,1.0,0.0
68000,3880.0,1.0,0.0,-3600.0,0.800000011920929,0.0
68020,3820.0,1.0,0.0,-3750.0,1.0,0.0
68040,3800.0,1.0,0.0,-3740.0,0.800000011920929,0.0
68060,3810.0,1.0,0.0,-3830.0,1.0,0.0
68080,3840.0,1.0,0.0,-3780.0,1.0,0.0
68100,3820.0,1.0,0.0,-3720.0,0.800000011920929,0.0
68120,3760.0,1.0,0.0,-3840.0,1.0,0.0
68140,3820.0,1.0,0.0,-3830.0,1.0,0.0
68160,3820.0,1.0,0.0,-3780.0,1.0,0.0
68180,3840.0,1.0,0.0,-3860.0,1.0,0.0
68200,3800.0,1.0,0.0,-3710.0,1.0,0.0
68220,3790.0,1.0,0.0,-3760.0,1.0,0.0
68240,3840.0,1.0,0.0,-3810.0,1.0,0.0
68260,3830.0,1.0,0.0,-3790.0,1.0,0.0
68280,3870.0,1.0,0.0,-3730.0,1.0,0.0
68300,3860.0,0.9599999785423279,0.0,-3710.0,0.8399999737739563,0.0
68320,3800.0,1.0,0.0,-3640.0,1.0,0.0
68340,3820.0,1.0,0.0,-3730.0,0.9200000166893005,0.0
68360,3840.0,1.0,0.0,-3650.0,1.0,0.0
68380,3810.0,1.0,0.0,-3700.0,1.0,0.0
68400,3730.0,1.0,0.0,-3680.0,1.0,0.0
68420,3830.0,0.9599999785423279,0.0,-3700.0,1.0,0.0
68440,3860.0,1.0,0.0,-3700.0,0.8799999952316284,0.0
68460,3980.0,1.0,0.0,-3610.0,1.0,0.0
68480,3870.0,1.0,0.0,-3630.0,0.9599999785423279,0.0
68500,3830.0,1.0,0.0,-3690.0,1.0,0.0
68520,3910.0,1.0,0.0,-3770.0,1.0,0.0
68540,3860.0,1.0,0.0,-3860.0,1.0,0.0
68560,3800.0,1.0,0.0,-3680.0,0.9599999785423279,0.0
68580,3830.0,1.0,0.0,-3660.0,1.0,0.0
68600,3800.0,1.0,0.0,-3720.0,1.0,0.0
68620,3860.0,1.0,0.0,-3720.0,1.0,0.0
68640,3880.0,1.0,0.0,-3620.0,1.0,0.0
68660,3840.0,1.0,0.0,-3700.0,1.0,0.0
68680,3880.0,1.0,0.0,-3730.0,1.0,0.0
68700,3840.0,1.0,0.0,-3720.0,1.0,0.0
68720,3840.0,1.0,0.0,-3810.0,0.9599999785423279,0.0
68740,3890.0,0.9599999785423279,0.0,-3840.0,0.9599999785423279,0.0
68760,3880.0,1.0,0.0,-3710.0,0.9599999785423279,0.0
68780,3860.0,1.0,0.0,-3650.0,0.9200000166893005,0.0
68800,3750.0,1.0,0.0,-3660.0,1.0,0.0
68820,3860.0,1.0,0.0,-3740.0,0.9599999785423279,0.0
68840,3920.0,0.9599999785423279,0.0,-3680.0,1.0,0.0
68860,3830.0,1.0,0.0,-3720.0,1.0,0.0
68880,3840.0,1.0,0.0,-3740.0,1.0,0.0
68900,3780.0,1.0,0.0,-3770.0,0.9200000166893005,0.0
68920,3870.0,1.0,0.0,-3790.0,1.0,0.0
68940,3850.0,1.0,0.0,-3800.0,1.0,0.0
68960,3880.0,0.9599999785423279,0.0,-3670.0,0.800000011920929,0.0
68980,3850.0,1.0,0.0,-3820.0,1.0,0.0
69000,3870.0,0.9599999785423279,0.0,-3790.0,0.800000011920929,0.0
69020,3860.0,1.0,0.0,-3750.0,1.0,0.0
69040,3830.0,1.0,0.0,-3700.0,1.0,0.0
69060,3860.0,0.9599999785423279,0.0,-3670.0,1.0,0.0
69080,3840.0,0.9599999785423279,0.0,-3660.0,1.0,0.0
69100,3780.0,1.0,0.0,-3780.0,1.0,0.0
69120,3800.0,1.0,0.0,-3740.0,1.0,0.0
69140,3840.0,1.0,0.0,-3790.0,1.0,0.0
69160,3840.0,1.0,0.0,-3690.0,0.9599999785423279,0.0
69180,3840.0,1.0,0.0,-3750.0,0.800000011920929,0.0
69200,3860.0,1.0,0.0,-3780.0,1.0,0.0
69220,3820.0,1.0,0.0,-3720.0,0.9599999785423279,0.0
69240,3790.0,1.0,0.0,-3800.0,1.0,0.0
69260,3880.0,1.0,0.0,-3740.0,1.0,0.0
69280,3850.0,0.9599999785423279,0.0,-3670.0,0.9599999785423279,0.0
69300,3820.0,1.0,0.0,-3700.0,1.0,0.0
69320,3830.0,1.0,0.0,-3660.0,1.0,0.0
69340,3810.0,0.9599999785423279,0.0,-3700.0,1.0,0.0
69360,3930.0,0.9599999785423279,0.0,-3670.0,1.0,0.0
69380,3840.0,1.0,0.0,-3650.0,0.9200000166893005,0.0
69400,3840.0,1.0,0.0,-3630.0,1.0,0.0
69420,3830.0,1.0,0.0,-3690.0,0.800000011920929,0.0
69440,3860.0,0.9599999785423279,0.0,-3750.0,1.0,0.0
69460,3850.0,1.0,0.0,-3790.0,1.0,0.0
69480,3820.0,1.0,0.0,-3680.0,1.0,0.0
69500,3920.0,0.9599999785423279,0.0,-3620.0,1.0,0.0
69520,3880.0,0.9599999785423279,0.0,-3690.0,1.0,0.0
69540,3860.0,1.0,0.0,-3630.0,1.0,0.0
69560,3860.0,1.0,0.0,-3690.0,1.0,0.0
69580,3850.0,1.0,0.0,-3760.0,0.800000011920929,0.0
69600,3830.0,1.0,0.0,-3650.0,1.0,0.0
69620,3820.0,1.0,0.0,-3680.0,1.0,0.0
69640,3810.0,1.0,0.0,-3700.0,1.0,0.0
69660,3910.0,0.9599999785423279,0.0,-3680.0,1.0,0.0
69680,3870.0,1.0,0.0,-3650.0,0.800000011920929,0.0
69700,3810.0,0.9599999785423279,0.0,-3800.0,1.0,0.0
69720,3860.0,0.9599999785423279,0.0,-3750.0,1.0,0.0
69740,3890.0,1.0,0.0,-3770.0,0.8399999737739563,0.0
69760,3830.0,1.0,0.0,-3700.0,0.9599999785423279,0.0
69780,3760.0,1.0,0.0,-3720.0,1.0,0.0
69800,3860.0,1.0,0.0,-3590.0,1.0,0.0
69820,3880.0,1.0,0.0,-3660.0,0.9599999785423279,0.0
69840,3790.0,0.9599999785423279,0.0,-3670.0,0.800000011920929,0.0
69860,3840.0,0.9599999785423279,0.0,-3730.0,1.0,0.0
69880,3840.0,0.9599999785423279,0.0,-3740.0,1.0,0.0
69900,3790.0,1.0,0.0,-3790.0,0.8799999952316284,0.0
69920,3770.0,1.0,0.0,-3750.0,1.0,0.0
69940,3840.0,1.0,0.0,-3690.0,1.0,0.0
69960,3940.0,1.0,0.0,-3680.0,1.0,0.0
69980,3830.0,0.9599999785423279,0.0,-3800.0,1.0,0.0
70000,3810.0,1.0,0.0,-3740.0,1.0,0.0
70020,3800.0,1.0,0.0,-3760.0,1.0,0.0
70040,3810.0,1.0,0.0,-3700.0,1.0,0.0
70060,3810.0,1.0,0.0,-3630.0,0.9200000166893005,0.0
70080,3820.0,1.0,0.0,-3640.0,1.0,0.0
70100,3920.0,1.0,0.0,-3760.0,1.0,0.0
70120,3820.0,1.0,0.0,-3710.0,1.0,0.0
70140,3800.0,1.0,0.0,-3730.0,1.0,0.0
70160,3790.0,1.0,0.0,-3690.0,1.0,0.0
70180,3850.0,0.9599999785423279,0.0,-3620.0,0.800000011920929,0.0
70200,3880.0,0.9599999785423279,0.0,-3730.0,1.0,0.0
70220,3790.0,1.0,0.0,-3730.0,1.0,0.0
70240,3880.0,1.0,0.0,-3680.0,1.0,0.0
70260,3860.0,1.0,0.0,-3690.0,0.8399999737739563,0.0
70280,3810.0,1.0,0.0,-3690.0,1.0,0.0
70300,3830.0,1.0,0.0,-3690.0,1.0,0.0
70320,3790.0,1.0,0.0,-3650.0,1.0,0.0
70340,3820.0,1.0,0.0,-3700.0,1.0,0.0
70360,3840.0,0.9599999785423279,0.0,-3660.0,0.9599999785423279,0.0
70380,3830.0,1.0,0.0,-3690.0,1.0,0.0
70400,3840.0,1.0,0.0,-3770.0,1.0,0.0
70420,3790.0,1.0,0.0,-3670.0,1.0,0.0
70440,3860.0,0.9599999785423279,0.0,-3620.0,0.9599999785423279,0.0
70460,3770.0,1.0,0.0,-3740.0,1.0,0.0
70480,3900.0,0.9599999785423279,0.0,-3720.0,0.9200000166893005,0.0
70500,3820.0,1.0,0.0,-3680.0,1.0,0.0
70520,3780.0,0.9599999785423279,0.0,-3760.0,1.0,0.0
70540,3850.0,1.0,0.0,-3730.0,1.0,0.0
70560,3820.0,1.0,0.0,-3660.0,1.0,0.0
70580,3800.0,1.0,0.0,-3820.0,1.0,0.0
70600,3800.0,1.0,0.0,-3690.0,1.0,0.0
70620,3760.0,1.0,0.0,-3700.0,1.0,0.0
70640,3810.0,0.9599999785423279,0.0,-3640.0,1.0,0.0
70660,3790.0,1.0,0.0,-3750.0,1.0,0.0
70680,3910.0,0.9599999785423279,0.0,-3850.0,1.0,0.0
70700,3830.0,0.9599999785423279,0.0,-3680.0,0.9599999785423279,0.0
70720,3820.0,1.0,0.0,-3730.0,1.0,0.0
70740,3750.0,0.9599999785423279,0.0,-3640.0,1.0,0.0
70760,3870.0,0.9599999785423279,0.0,-3760.0,1.0,0.0
70780,3880.0,0.9599999785423279,0.0,-3820.0,1.0,0.0
70800,3860.0,1.0,0.0,-3680.0,1.0,0.0
70820,3820.0,0.9599999785423279,0.0,-3740.0,0.8399999737739563,0.0
70840,3860.0,1.0,0.0,-3780.0,1.0,0.0
70860,3810.0,1.0,0.0,-3760.0,0.800000011920929,0.0
70880,3800.0,0.9599999785423279,0.0,-3770.0,1.0,0.0
70900,3840.0,1.0,0.0,-3750.0,0.9200000166893005,0.0
70920,3870.0,1.0,0.0,-3750.0,1.0,0.0
70940,3830.0,1.0,0.0,-3650.0,1.0,0.0
70960,3840.0,0.9599999785423279,0.0,-3540.0,1.0,0.0
70980,3830.0,1.0,0.0,-3650.0,1.0,0.0
71000,3900.0,0.9599999785423279,0.0,-3640.0,1.0,0.0
71020,3820.0,1.0,0.0,-3700.0,1.0,0.0
71040,3790.0,1.0,0.0,-3790.0,0.800000011920929,0.0
71060,3840.0,0.9599999785423279,0.0,-3710.0,1.0,0.0
71080,3890.0,0.9599999785423279,0.0,-3750.0,1.0,0.0
71100,3890.0,1.0,0.0,-3730.0,0.9200000166893005,0.0
71120,3820.0,0.9599999785423279,0.0,-3820.0,1.0,0.0
71140,3840.0,1.0,0.0,-3660.0,1.0,0.0
71160,3810.0,1.0,0.0,-3660.0,1.0,0.0
71180,3810.0,1.0,0.0,-3790.0,1.0,0.0
71200,3800.0,1.0,0.0,-3670.0,1.0,0.0
71220,3790.0,1.0,0.0,-3720.0,1.0,0.0
71240,3840.0,0.9599999785423279,0.0,-3770.0,1.0,0.0
71260,3780.0,1.0,0.0,-3730.0,0.8399999737739563,0.0
71280,3820.0,1.0,0.0,-3780.0,1.0,0.0
71300,3850.0,1.0,0.0,-3710.0,0.8399999737739563,0.0
71320,3830.0,1.0,0.0,-3740.0,1.0,0.0
71340,3790.0,1.0,0.0,-3710.0,0.8799999952316284,0.0
71360,3820.0,0.9599999785423279,0.0,-3650.0,1.0,0.0
71380,3940.0,0.9200000166893005,0.0,-3760.0,1.0,0.0
71400,3810.0,1.0,0.0,-3680.0,1.0,0.0
71420,3740.0,0.9599999785423279,0.0,-3820.0,1.0,0.0
71440,3850.0,1.0,0.0,-3830.0,1.0,0.0
71460,3850.0,1.0,0.0,-3760.0,1.0,0.0
71480,3860.0,1.0,0.0,-3720.0,1.0,0.0
71500,3800.0,1.0,0.0,-3730.0,0.9200000166893005,0.0
71520,3830.0,1.0,0.0,-3830.0,1.0,0.0
71540,3810.0,1.0,0.0,-3750.0,1.0,0.0
71560,3810.0,1.0,0.0,-3790.0,0.8399999737739563,0.0
71580,3780.0,1.0,0.0,-3790.0,0.9599999785423279,0.0
71600,3870.0,0.9599999785423279,0.0,-3690.0,1.0,0.0
71620,3820.0,0.9599999785423279,0.0,-3790.0,1.0,0.0
71640,3850.0,1.0,0.0,-3710.0,1.0,0.0
71660,3790.0,1.0,0.0,-3800.0,0.9599999785423279,0.0
71680,3850.0,1.0,0.0,-3770.0,0.9599999785423279,0.0
71700,3830.0,1.0,0.0,-3820.0,1.0,0.0
71720,3760.0,1.0,0.0,-3770.0,1.0,0.0
71740,3850.0,1.0,0.0,-3840.0,1.0,0.0
71760,3850.0,1.0,0.0,-3900.0,1.0,0.0
71780,3840.0,1.0,0.0,-3740.0,1.0,0.0
71800,3780.0,0.9599999785423279,0.0,-3810.0,0.8799999952316284,0.0
71820,3810.0,1.0,0.0,-3870.0,1.0,0.0
71840,3810.0,1.0,0.0,-3780.0,0.9599999785423279,0.0
71860,3770.0,0.9599999785423279,0.0,-3760.0,1.0,0.0
71880,3840.0,0.9599999785423279,0.0,-3710.0,1.0,0.0
71900,3820.0,1.0,0.0,-3720.0,1.0,0.0
71920,3820.0,1.0,0.0,-3730.0,1.0,0.0
71940,3830.0,0.9599999785423279,0.0,-3710.0,1.0,0.0
71960,3820.0,0.9599999785423279,0.0,-3690.0,1.0,0.0
71980,3800.0,0.9200000166893005,0.0,-3660.0,1.0,0.0
72000,3790.0,0.9599999785423279,0.0,-3820.0,1.0,0.0
72020,3790.0,1.0,0.0,-3770.0,0.800000011920929,0.0
72040,3770.0,1.0,0.0,-3690.0,1.0,0.0
72060,3860.0,0.9599999785423279,0.0,-3700.0,1.0,0.0
72080,3800.0,1.0,0.0,-3800.0,0.9200000166893005,0.0
72100,3780.0,0.9599999785423279,0.0,-3890.0,0.9599999785423279,0.0
72120,3830.0,1.0,0.0,-3720.0,0.9599999785423279,0.0
72140,3880.0,1.0,0.0,-3760.0,1.0,0.0
72160,3750.0,0.9599999785423279,0.0,-3790.0,0.9200000166893005,0.0
72180,3770.0,0.9599999785423279,0.0,-3790.0,1.0,0.0
72200,3800.0,0.9599999785423279,0.0,-3770.0,1.0,0.0
72220,3770.0,1.0,0.0,-3810.0,1.0,0.0
72240,3760.0,0.9599999785423279,0.0,-3690.0,0.9599999785423279,0.0
72260,3770.0,0.9599999785423279,0.0,-3810.0,1.0,0.0
72280,3790.0,1.0,0.0,-3860.0,1.0,0.0
72300,3800.0,0.9599999785423279,0.0,-3830.0,1.0,0.0
72320,3830.0,1.0,0.0,-3760.0,1.0,0.0
72340,3840.0,1.0,0.0,-3790.0,1.0,0.0
72360,3860.0,0.9200000166893005,0.0,-3770.0,1.0,0.0
72380,3840.0,0.9599999785423279,0.0,-3820.0,1.0,0.0
72400,3830.0,1.0,0.0,-3860.0,0.8399999737739563,0.0
72420,3750.0,1.0,0.0,-3850.0,1.0,0.0
72440,3880.0,0.9599999785423279,0.0,-3800.0,1.0,0.0
72460,3790.0,1.0,0.0,-3780.0,1.0,0.0
72480,3710.0,0.9599999785423279,0.0,-3700.0,1.0,0.0
72500,3800.0,1.0,0.0,-3760.0,1.0,0.0
72520,3870.0,1.0,0.0,-3680.0,0.9599999785423279,0.0
72540,3810.0,1.0,0.0,-3850.0,1.0,0.0
72560,3730.0,1.0,0.0,-3730.0,1.0,0.0
72580,3790.0,0.9599999785423279,0.0,-3760.0,1.0,0.0
72600,3800.0,1.0,0.0,-3690.0,1.0,0.0
72620,3800.0,1.0,0.0,-3660.0,1.0,0.0
72640,3740.0,1.0,0.0,-3810.0,1.0,0.0
72660,3800.0,0.9599999785423279,0.0,-3810.0,1.0,0.0
72680,3780.0,1.0,0.0,-3670.0,0.9200000166893005,0.0
72700,3830.0,1.0,0.0,-3720.0,0.9200000166893005,0.0
72720,3780.0,1.0,0.0,-3720.0,1.0,0.0
72740,3790.0,1.0,0.0,-3760.0,1.0,0.0
72760,3750.0,1.0,0.0,-3770.0,1.0,0.0
72780,3770.0,0.9599999785423279,0.0,-3840.0,0.9599999785423279,0.0
72800,3820.0,0.9599999785423279,0.0,-3810.0,1.0,0.0
72820,3820.0,1.0,0.0,-3720.0,1.0,0.0
72840,3760.0,1.0,0.0,-3830.0,0.800000011920929,0.0
72860,3770.0,0.9599999785423279,0.0,-3780.0,1.0,0.0
72880,3770.0,1.0,0.0,-3720.0,1.0,0.0
72900,3840.0,1.0,0.0,-3780.0,1.0,0.0
72920,3800.0,1.0,0.0,-3680.0,1.0,0.0
72940,3790.0,1.0,0.0,-3810.0,0.9200000166893005,0.0
72960,3800.0,1.0,0.0,-3830.0,1.0,0.0
72980,3930.0,1.0,0.0,-3690.0,1.0,0.0
73000,3780.0,1.0,0.0,-3810.0,0.9200000166893005,0.0
73020,3760.0,1.0,0.0,-3730.0,1.0,0.0
73040,3800.0,1.0,0.0,-3720.0,1.0,0.0
73060,3810.0,1.0,0.0,-3810.0,1.0,0.0
73080,3840.0,0.9599999785423279,0.0,-3710.0,1.0,0.0
73100,3820.0,1.0,0.0,-3600.0,0.9200000166893005,0.0
73120,3800.0,1.0,0.0,-3780.0,0.9599999785423279,0.0
73140,3780.0,1.0,0.0,-3700.0,1.0,0.0
73160,3800.0,1.0,0.0,-3740.0,0.9599999785423279,0.0
73180,3830.0,0.9599999785423279,0.0,-3760.0,1.0,0.0
73200,3750.0,1.0,0.0,-3680.0,1.0,0.0
73220,3790.0,0.9599999785423279,0.0,-3790.0,1.0,0.0
73240,3770.0,1.0,0.0,-3840.0,0.9200000166893005,0.0
73260,3820.0,1.0,0.0,-3740.0,0.8399999737739563,0.0
73280,3820.0,1.0,0.0,-3790.0,1.0,0.0
73300,3790.0,1.0,0.0,-3680.0,0.9599999785423279,0.0
73320,3800.0,1.0,0.0,-3760.0,1.0,0.0
73340,3750.0,0.9599999785423279,0.0,-3760.0,0.9599999785423279,0.0
73360,3840.0,1.0,0.0,-3760.0,1.0,0.0
73380,3770.0,1.0,0.0,-3790.0,1.0,0.0
73400,3730.0,1.0,0.0,-3790.0,1.0,0.0
73420,3800.0,0.9599999785423279,0.0,-3770.0,1.0,0.0
73440,3930.0,0.9599999785423279,0.0,-3800.0,1.0,0.0
73460,3790.0,1.0,0.0,-3720.0,1.0,0.0
73480,3740.0,0.9599999785423279,0.0,-3670.0,1.0,0.0
73500,3780.0,0.9200000166893005,0.0,-3740.0,1.0,0.0
73520,3830.0,1.0,0.0,-3740.0,1.0,0.0
73540,3770.0,1.0,0.0,-3800.0,1.0,0.0
73560,3790.0,1.0,0.0,-3750.0,1.0,0.0
73580,3770.0,1.0,0.0,-3750.0,1.0,0.0
73600,3730.0,0.9599999785423279,0.0,-3690.0,1.0,0.0
73620,3750.0,1.0,0.0,-3750.0,1.0,0.0
73640,3780.0,0.9599999785423279,0.0,-3760.0,1.0,0.0
73660,3790.0,1.0,0.0,-3730.0,1.0,0.0
73680,3830.0,1.0,0.0,-3840.0,1.0,0.0
73700,3810.0,0.9599999785423279,0.0,-3850.0,0.800000011920929,0.0
73720,3830.0,0.9599999785423279,0.0,-3800.0,0.9200000166893005,0.0
73740,3850.0,1.0,0.0,-3660.0,1.0,0.0
73760,3800.0,1.0,0.0,-3750.0,1.0,0.0
73780,3830.0,1.0,0.0,-3740.0,1.0,0.0
73800,3730.0,1.0,0.0,-3720.0,1.0,0.0
73820,3830.0,1.0,0.0,-3700.0,1.0,0.0
73840,3790.0,1.0,0.0,-3710.0,1.0,0.0
73860,3720.0,0.9599999785423279,0.0,-3720.0,1.0,0.0
73880,3770.0,1.0,0.0,-3740.0,0.9599999785423279,0.0
73900,3880.0,0.9599999785423279,0.0,-3720.0,0.800000011920929,0.0
73920,3810.0,1.0,0.0,-3810.0,1.0,0.0
73940,3710.0,1.0,0.0,-3770.0,1.0,0.0
73960,3820.0,0.9200000166893005,0.0,-3780.0,1.0,0.0
73980,3810.0,1.0,0.0,-3680.0,1.0,0.0
74000,3800.0,0.9599999785423279,0.0,-3650.0,0.9599999785423279,0.0
