time,c1,q1,axis1_deg,c2,q2,axis2_deg
0,3920.0,0.949999988079071,40.0,-3490.0,0.949999988079071,120.0
20,3880.0,0.949999988079071,60.0,-3540.0,0.949999988079071,0.0
40,3830.0,0.8999999761581421,60.0,-3630.0,0.8999999761581421,120.0
60,3800.0,0.949999988079071,60.0,-3560.0,0.949999988079071,120.0
80,3820.0,0.949999988079071,60.0,-3610.0,0.949999988079071,140.0
100,3790.0,0.949999988079071,60.0,-3560.0,0.8999999761581421,40.0
120,3780.0,0.8999999761581421,40.0,-3560.0,0.949999988079071,140.0
140,3790.0,0.949999988079071,40.0,-3480.0,0.8999999761581421,120.0
160,3830.0,0.949999988079071,20.0,-3410.0,0.8999999761581421,120.0
180,3760.0,1.0,0.0,-3470.0,0.949999988079071,140.0
200,3810.0,0.8999999761581421,60.0,-3540.0,0.949999988079071,120.0
220,3830.0,0.949999988079071,60.0,-3460.0,0.949999988079071,120.0
240,3800.0,0.949999988079071,40.0,-3420.0,0.6499999761581421,0.0
260,3780.0,0.949999988079071,60.0,-3430.0,0.949999988079071,100.0
280,3810.0,0.949999988079071,40.0,-3500.0,0.8999999761581421,120.0
300,3850.0,0.949999988079071,20.0,-3590.0,0.8999999761581421,120.0
320,3850.0,0.949999988079071,60.0,-3590.0,0.949999988079071,100.0
340,3780.0,0.949999988079071,60.0,-3590.0,0.949999988079071,120.0
360,3710.0,1.0,0.0,-3590.0,0.75,20.0
380,3810.0,0.8999999761581421,60.0,-3620.0,0.8999999761581421,120.0
400,3850.0,0.8999999761581421,60.0,-3690.0,0.8999999761581421,120.0
420,3790.0,1.0,0.0,-3610.0,0.949999988079071,120.0
440,3790.0,0.949999988079071,40.0,-3590.0,0.8500000238418579,20.0
460,3760.0,0.949999988079071,40.0,-3610.0,0.949999988079071,120.0
480,3840.0,0.949999988079071,60.0,-3570.0,0.8999999761581421,120.0
500,3830.0,0.949999988079071,0.0,-3570.0,0.949999988079071,60.0
520,3750.0,0.949999988079071,60.0,-3630.0,0.949999988079071,60.0
540,3770.0,0.949999988079071,60.0,-3540.0,0.949999988079071,120.0
560,3870.0,0.949999988079071,40.0,-3660.0,0.8500000238418579,120.0
580,3850.0,0.949999988079071,60.0,-3610.0,0.550000011920929,0.0
600,3830.0,0.949999988079071,40.0,-3570.0,0.949999988079071,120.0
620,3870.0,0.949999988079071,60.0,-3530.0,0.550000011920929,0.0
640,3770.0,0.949999988079071,40.0,-3580.0,0.949999988079071,120.0
660,,,,,,
680,3800.0,0.949999988079071,60.0,-3570.0,0.949999988079071,140.0
700,3780.0,0.949999988079071,60.0,-3520.0,0.8999999761581421,120.0
720,3810.0,0.8999999761581421,40.0,-3440.0,0.699999988079071,0.0
740,3780.0,0.8999999761581421,60.0,-3480.0,0.8999999761581421,100.0
760,3770.0,0.8999999761581421,60.0,-3610.0,0.949999988079071,120.0
780,3850.0,0.949999988079071,20.0,-3600.0,0.8999999761581421,120.0
800,3770.0,0.8999999761581421,60.0,-3570.0,0.949999988079071,140.0
820,3780.0,0.949999988079071,20.0,-3450.0,0.8999999761581421,120.0
840,3720.0,0.949999988079071,60.0,-3360.0,0.8999999761581421,120.0
860,3750.0,0.949999988079071,60.0,-3470.0,0.8999999761581421,100.0
880,3790.0,0.8999999761581421,40.0,-3440.0,0.800000011920929,0.0
900,3760.0,1.0,0.0,-3450.0,0.8999999761581421,100.0
920,3830.0,0.8999999761581421,40.0,-3590.0,0.8999999761581421,120.0
940,3780.0,1.0,0.0,-3540.0,0.949999988079071,80.0
960,3780.0,1.0,0.0,-3570.0,0.949999988079071,120.0
980,3780.0,0.8999999761581421,60.0,-3570.0,0.949999988079071,60.0
1000,3860.0,0.949999988079071,60.0,-3510.0,0.8999999761581421,140.0
1020,3870.0,0.949999988079071,40.0,-3550.0,0.949999988079071,120.0
1040,3890.0,0.949999988079071,0.0,-3470.0,0.949999988079071,160.0
1060,3840.0,0.949999988079071,60.0,-3570.0,0.8999999761581421,80.0
1080,3790.0,0.949999988079071,40.0,-3580.0,0.8999999761581421,120.0
1100,3770.0,1.0,0.0,-3590.0,0.8999999761581421,100.0
1120,3730.0,0.949999988079071,60.0,-3610.0,0.6000000238418579,0.0
1140,3770.0,0.949999988079071,60.0,-3630.0,0.75,0.0
1160,3800.0,0.949999988079071,80.0,-3610.0,0.8999999761581421,160.0
1180,3830.0,0.949999988079071,40.0,-3590.0,0.949999988079071,120.0
1200,3750.0,0.949999988079071,40.0,-3650.0,0.8999999761581421,120.0
1220,3840.0,0.8999999761581421,60.0,-3610.0,1.0,0.0
1240,3860.0,0.949999988079071,60.0,-3600.0,0.8999999761581421,120.0
1260,3780.0,0.949999988079071,40.0,-3630.0,0.8999999761581421,120.0
1280,3750.0,0.949999988079071,80.0,-3640.0,1.0,0.0
1300,3760.0,0.8999999761581421,40.0,-3620.0,0.949999988079071,20.0
1320,3800.0,0.949999988079071,80.0,-3550.0,0.550000011920929,0.0
1340,3810.0,0.949999988079071,20.0,-3550.0,0.550000011920929,0.0
1360,3830.0,0.949999988079071,60.0,-3410.0,0.8999999761581421,60.0
1380,3750.0,0.949999988079071,80.0,-3450.0,0.949999988079071,100.0
1400,3780.0,1.0,0.0,-3370.0,0.949999988079071,20.0
1420,3760.0,0.949999988079071,60.0,-3450.0,0.8999999761581421,120.0
1440,3800.0,0.8999999761581421,60.0,-3470.0,0.800000011920929,140.0
1460,3870.0,0.949999988079071,60.0,-3530.0,0.949999988079071,140.0
1480,3790.0,0.949999988079071,60.0,-3500.0,0.8999999761581421,120.0
1500,3720.0,0.949999988079071,60.0,-3530.0,0.949999988079071,20.0
1520,3750.0,0.949999988079071,60.0,-3510.0,0.8500000238418579,20.0
1540,3830.0,0.949999988079071,60.0,-3450.0,0.8500000238418579,120.0
1560,3760.0,0.8999999761581421,40.0,-3520.0,0.949999988079071,120.0
1580,3780.0,0.949999988079071,60.0,-3510.0,0.8999999761581421,120.0
1600,3780.0,0.949999988079071,60.0,-3550.0,0.8999999761581421,100.0
1620,3800.0,0.949999988079071,60.0,-3500.0,0.8500000238418579,20.0
1640,3750.0,0.949999988079071,80.0,-3460.0,0.949999988079071,120.0
1660,3760.0,0.949999988079071,40.0,-3590.0,0.949999988079071,140.0
1680,3760.0,0.949999988079071,60.0,-3570.0,0.8999999761581421,120.0
1700,3850.0,0.949999988079071,60.0,-3500.0,0.5,0.0
1720,3720.0,0.949999988079071,60.0,-3530.0,0.8999999761581421,120.0
1740,3760.0,0.8999999761581421,20.0,-3510.0,0.949999988079071,20.0
1760,3800.0,0.949999988079071,40.0,-3580.0,0.550000011920929,0.0
1780,3860.0,1.0,0.0,-3680.0,0.8500000238418579,20.0
1800,3800.0,1.0,0.0,-3660.0,0.8999999761581421,140.0
1820,3760.0,1.0,0.0,-3640.0,0.5,0.0
1840,3770.0,0.8999999761581421,60.0,-3540.0,0.949999988079071,20.0
1860,3830.0,0.949999988079071,80.0,-3600.0,0.949999988079071,120.0
1880,3830.0,0.8999999761581421,40.0,-3550.0,0.949999988079071,120.0
1900,3760.0,0.949999988079071,60.0,-3470.0,0.949999988079071,80.0
1920,3820.0,0.8999999761581421,60.0,-3430.0,0.8999999761581421,120.0
1940,3810.0,0.949999988079071,60.0,-3500.0,0.949999988079071,100.0
1960,3790.0,1.0,0.0,-3460.0,0.550000011920929,0.0
1980,3910.0,1.0,0.0,-3570.0,0.949999988079071,120.0
2000,3830.0,0.949999988079071,60.0,-3500.0,0.949999988079071,100.0
2020,3810.0,0.949999988079071,40.0,-3530.0,0.949999988079071,80.0
2040,3740.0,0.949999988079071,20.0,-3590.0,0.8999999761581421,120.0
2060,3700.0,0.949999988079071,60.0,-3590.0,0.8999999761581421,100.0
2080,3790.0,1.0,40.0,-3570.0,0.949999988079071,120.0
2100,3750.0,0.949999988079071,40.0,-3560.0,0.949999988079071,100.0
2120,3830.0,1.0,0.0,-3490.0,0.8999999761581421,140.0
2140,3750.0,0.949999988079071,60.0,-3480.0,0.949999988079071,120.0
2160,3700.0,0.949999988079071,40.0,-3570.0,0.8999999761581421,120.0
2180,3680.0,0.949999988079071,60.0,-3520.0,0.8999999761581421,140.0
2200,3770.0,0.949999988079071,40.0,-3480.0,0.8999999761581421,100.0
2220,3710.0,1.0,0.0,-3490.0,0.8500000238418579,120.0
2240,3730.0,0.949999988079071,80.0,-3620.0,0.949999988079071,140.0
2260,3740.0,0.949999988079071,80.0,-3580.0,0.6000000238418579,0.0
2280,3750.0,0.949999988079071,60.0,-3570.0,0.949999988079071,0.0
2300,3740.0,0.8999999761581421,20.0,-3470.0,0.8500000238418579,120.0
2320,3770.0,0.949999988079071,40.0,-3540.0,0.8500000238418579,160.0
2340,3810.0,0.949999988079071,60.0,-3550.0,0.8999999761581421,120.0
2360,3790.0,0.949999988079071,80.0,-3610.0,0.949999988079071,120.0
2380,3740.0,0.949999988079071,60.0,-3610.0,0.550000011920929,0.0
2400,3820.0,0.949999988079071,40.0,-3550.0,0.949999988079071,120.0
2420,3750.0,0.949999988079071,60.0,-3660.0,0.949999988079071,80.0
2440,3800.0,1.0,0.0,-3560.0,0.8500000238418579,120.0
2460,3820.0,1.0,0.0,-3560.0,0.949999988079071,140.0
2480,3850.0,0.949999988079071,60.0,-3660.0,0.949999988079071,120.0
2500,3770.0,0.949999988079071,40.0,-3560.0,0.949999988079071,100.0
2520,3710.0,0.8999999761581421,60.0,-3580.0,0.8500000238418579,120.0
2540,3770.0,1.0,0.0,-3600.0,0.699999988079071,160.0
2560,3760.0,0.949999988079071,60.0,-3570.0,0.8999999761581421,140.0
2580,3750.0,0.949999988079071,40.0,-3510.0,0.949999988079071,120.0
2600,3720.0,0.949999988079071,40.0,-3570.0,0.949999988079071,80.0
2620,3710.0,0.949999988079071,60.0,-3580.0,0.8500000238418579,120.0
2640,3790.0,0.949999988079071,40.0,-3570.0,0.8999999761581421,120.0
2660,3770.0,0.949999988079071,40.0,-3630.0,0.6499999761581421,0.0
2680,3710.0,0.949999988079071,0.0,-3570.0,0.949999988079071,120.0
2700,3740.0,0.949999988079071,60.0,-3510.0,0.949999988079071,20.0
2720,3750.0,0.949999988079071,60.0,-3540.0,0.8999999761581421,120.0
2740,3790.0,0.949999988079071,20.0,-3570.0,0.8999999761581421,120.0
2760,3770.0,0.949999988079071,20.0,-3570.0,0.8999999761581421,140.0
2780,3770.0,0.949999988079071,60.0,-3640.0,0.949999988079071,100.0
2800,3780.0,0.949999988079071,60.0,-3580.0,0.8999999761581421,140.0
2820,3780.0,0.949999988079071,40.0,-3430.0,0.949999988079071,120.0
2840,3730.0,1.0,0.0,-3490.0,0.8999999761581421,100.0
2860,3680.0,0.949999988079071,40.0,-3390.0,0.8500000238418579,120.0
2880,3790.0,0.949999988079071,60.0,-3460.0,0.949999988079071,100.0
2900,3770.0,0.8999999761581421,40.0,-3420.0,0.949999988079071,120.0
2920,3700.0,1.0,0.0,-3530.0,0.949999988079071,100.0
2940,3770.0,0.949999988079071,80.0,-3550.0,0.949999988079071,0.0
2960,3870.0,0.8999999761581421,40.0,-3560.0,0.949999988079071,60.0
2980,3810.0,0.949999988079071,60.0,-3460.0,0.699999988079071,160.0
3000,3790.0,0.949999988079071,40.0,-3550.0,0.8500000238418579,120.0
3020,3770.0,1.0,140.0,-3610.0,0.949999988079071,20.0
3040,3790.0,0.949999988079071,40.0,-3530.0,0.949999988079071,120.0
3060,3780.0,0.949999988079071,60.0,-3540.0,0.949999988079071,0.0
3080,3720.0,0.949999988079071,80.0,-3560.0,0.550000011920929,0.0
3100,3770.0,0.949999988079071,60.0,-3510.0,0.949999988079071,120.0
3120,3750.0,0.949999988079071,40.0,-3450.0,0.949999988079071,0.0
3140,3830.0,0.949999988079071,20.0,-3480.0,0.8500000238418579,100.0
3160,3780.0,0.949999988079071,60.0,-3460.0,0.949999988079071,100.0
3180,3750.0,0.949999988079071,60.0,-3430.0,0.949999988079071,100.0
3200,3730.0,0.949999988079071,60.0,-3450.0,0.949999988079071,60.0
3220,3660.0,0.8999999761581421,40.0,-3480.0,0.699999988079071,160.0
3240,3750.0,0.8999999761581421,40.0,-3470.0,0.8999999761581421,120.0
3260,3800.0,0.8999999761581421,40.0,-3510.0,0.949999988079071,140.0
3280,3720.0,0.949999988079071,80.0,-3570.0,0.949999988079071,100.0
3300,3760.0,0.8999999761581421,60.0,-3530.0,0.8500000238418579,100.0
3320,3800.0,0.949999988079071,40.0,-3520.0,0.5,0.0
3340,3830.0,0.949999988079071,60.0,-3600.0,0.949999988079071,80.0
3360,3750.0,0.949999988079071,60.0,-3600.0,0.949999988079071,140.0
3380,3760.0,0.949999988079071,80.0,-3620.0,0.949999988079071,60.0
3400,3740.0,0.949999988079071,60.0,-3590.0,0.8999999761581421,0.0
3420,3700.0,0.949999988079071,60.0,-3540.0,0.949999988079071,160.0
3440,3800.0,0.8999999761581421,20.0,-3550.0,0.949999988079071,120.0
3460,3700.0,0.949999988079071,60.0,-3510.0,0.800000011920929,0.0
3480,3690.0,0.949999988079071,40.0,-3530.0,0.8999999761581421,100.0
3500,3730.0,0.949999988079071,20.0,-3490.0,0.949999988079071,120.0
3520,3780.0,0.8999999761581421,40.0,-3480.0,0.8999999761581421,120.0
3540,3710.0,0.8999999761581421,60.0,-3470.0,0.8500000238418579,20.0
3560,3760.0,0.949999988079071,60.0,-3530.0,0.8999999761581421,100.0
3580,3740.0,0.949999988079071,40.0,-3550.0,0.949999988079071,140.0
3600,3800.0,0.949999988079071,40.0,-3610.0,0.949999988079071,0.0
3620,3720.0,0.949999988079071,80.0,-3620.0,0.949999988079071,60.0
3640,3760.0,0.949999988079071,40.0,-3530.0,0.8500000238418579,120.0
3660,3730.0,0.949999988079071,60.0,-3460.0,0.8999999761581421,120.0
3680,3770.0,0.8999999761581421,60.0,-3480.0,0.800000011920929,0.0
3700,3820.0,1.0,0.0,-3480.0,0.550000011920929,0.0
3720,3880.0,0.949999988079071,60.0,-3500.0,0.8999999761581421,100.0
3740,3800.0,0.949999988079071,20.0,-3520.0,0.949999988079071,20.0
3760,3830.0,0.8999999761581421,40.0,-3590.0,0.949999988079071,80.0
3780,3850.0,0.949999988079071,20.0,-3590.0,0.8999999761581421,120.0
3800,3830.0,1.0,0.0,-3540.0,0.949999988079071,120.0
3820,3740.0,0.949999988079071,40.0,-3500.0,0.550000011920929,0.0
3840,3730.0,0.949999988079071,60.0,-3470.0,0.8999999761581421,140.0
3860,3730.0,0.949999988079071,40.0,-3540.0,0.949999988079071,80.0
3880,3770.0,0.949999988079071,60.0,-3500.0,0.949999988079071,120.0
3900,3840.0,0.949999988079071,60.0,-3530.0,0.8999999761581421,120.0
3920,3710.0,0.949999988079071,40.0,-3620.0,0.800000011920929,20.0
3940,3750.0,0.8999999761581421,60.0,-3560.0,0.6499999761581421,0.0
3960,3770.0,1.0,0.0,-3510.0,0.949999988079071,140.0
3980,3750.0,0.949999988079071,60.0,-3550.0,0.8999999761581421,100.0
4000,3790.0,0.949999988079071,60.0,-3500.0,0.8999999761581421,120.0
4020,3730.0,0.949999988079071,40.0,-3500.0,0.6000000238418579,0.0
4040,3690.0,0.949999988079071,0.0,-3520.0,0.8999999761581421,120.0
4060,3660.0,1.0,60.0,-3530.0,0.949999988079071,100.0
4080,3780.0,0.949999988079071,40.0,-3460.0,1.0,0.0
4100,3780.0,0.949999988079071,40.0,-3520.0,0.949999988079071,100.0
4120,3770.0,0.949999988079071,80.0,-3480.0,0.6000000238418579,0.0
4140,3770.0,0.949999988079071,20.0,-3570.0,0.8999999761581421,120.0
4160,3730.0,0.8999999761581421,60.0,-3590.0,0.949999988079071,120.0
4180,3820.0,0.949999988079071,60.0,-3540.0,0.8999999761581421,100.0
4200,3780.0,0.949999988079071,20.0,-3470.0,0.949999988079071,140.0
4220,3740.0,0.949999988079071,40.0,-3490.0,0.6000000238418579,0.0
4240,3750.0,0.949999988079071,40.0,-3530.0,0.949999988079071,120.0
4260,3770.0,0.949999988079071,20.0,-3570.0,0.550000011920929,0.0
4280,3790.0,1.0,20.0,-3560.0,0.949999988079071,0.0
4300,3800.0,1.0,0.0,-3550.0,0.949999988079071,120.0
4320,3800.0,0.949999988079071,60.0,-3570.0,0.8999999761581421,120.0
4340,3870.0,1.0,0.0,-3620.0,0.8999999761581421,120.0
4360,3840.0,0.949999988079071,160.0,-3550.0,0.949999988079071,160.0
4380,3760.0,0.949999988079071,20.0,-3540.0,0.8999999761581421,140.0
4400,3730.0,1.0,20.0,-3460.0,0.8500000238418579,120.0
4420,3710.0,0.949999988079071,40.0,-3500.0,0.8500000238418579,120.0
4440,3770.0,0.949999988079071,60.0,-3510.0,0.8500000238418579,120.0
4460,3730.0,0.949999988079071,60.0,-3590.0,0.949999988079071,120.0
4480,3700.0,0.949999988079071,80.0,-3600.0,0.8999999761581421,140.0
4500,3740.0,0.949999988079071,80.0,-3540.0,0.949999988079071,120.0
4520,3720.0,0.949999988079071,100.0,-3570.0,0.949999988079071,160.0
4540,3680.0,0.949999988079071,40.0,-3460.0,0.8999999761581421,120.0
4560,3830.0,0.949999988079071,60.0,-3450.0,0.8999999761581421,120.0
4580,3760.0,0.949999988079071,60.0,-3460.0,0.8500000238418579,100.0
4600,3730.0,0.949999988079071,60.0,-3580.0,0.8999999761581421,120.0
4620,3780.0,0.949999988079071,60.0,-3610.0,0.8999999761581421,120.0
4640,3800.0,0.949999988079071,60.0,-3590.0,1.0,0.0
4660,3790.0,0.949999988079071,80.0,-3670.0,0.800000011920929,20.0
4680,3740.0,0.949999988079071,80.0,-3560.0,0.949999988079071,140.0
4700,3710.0,0.949999988079071,60.0,-3510.0,0.8500000238418579,120.0
4720,3760.0,0.8500000238418579,40.0,-3580.0,0.8999999761581421,120.0
4740,3730.0,0.949999988079071,80.0,-3540.0,0.8999999761581421,120.0
4760,3690.0,0.949999988079071,60.0,-3480.0,0.8999999761581421,100.0
4780,3710.0,0.8999999761581421,80.0,-3570.0,0.8999999761581421,120.0
4800,3750.0,0.8999999761581421,60.0,-3500.0,0.949999988079071,120.0
4820,3720.0,0.949999988079071,60.0,-3470.0,0.949999988079071,100.0
4840,3640.0,0.949999988079071,40.0,-3590.0,0.949999988079071,120.0
4860,3700.0,0.949999988079071,80.0,-3510.0,0.8500000238418579,100.0
4880,3760.0,0.949999988079071,80.0,-3560.0,0.949999988079071,60.0
4900,3740.0,1.0,0.0,-3610.0,0.8999999761581421,140.0
4920,3690.0,0.949999988079071,40.0,-3560.0,0.949999988079071,120.0
4940,3660.0,0.949999988079071,80.0,-3660.0,0.949999988079071,120.0
4960,3680.0,0.949999988079071,40.0,-3680.0,0.949999988079071,80.0
4980,3790.0,0.949999988079071,40.0,-3530.0,0.8500000238418579,120.0
5000,3810.0,0.8999999761581421,60.0,-3690.0,0.949999988079071,100.0
5020,3850.0,0.8999999761581421,60.0,-3630.0,0.8500000238418579,120.0
5040,3800.0,0.949999988079071,60.0,-3710.0,0.949999988079071,0.0
5060,3750.0,0.949999988079071,60.0,-3620.0,0.949999988079071,60.0
5080,3810.0,0.949999988079071,40.0,-3640.0,0.8999999761581421,120.0
5100,3810.0,0.949999988079071,40.0,-3570.0,0.949999988079071,60.0
5120,3800.0,0.949999988079071,80.0,-3470.0,0.949999988079071,100.0
5140,3760.0,0.949999988079071,20.0,-3540.0,0.8999999761581421,140.0
5160,3760.0,0.8999999761581421,40.0,-3510.0,0.949999988079071,140.0
5180,3800.0,0.949999988079071,60.0,-3550.0,0.949999988079071,140.0
5200,3750.0,0.949999988079071,60.0,-3620.0,0.949999988079071,120.0
5220,3740.0,1.0,40.0,-3590.0,0.949999988079071,140.0
5240,3690.0,0.949999988079071,80.0,-3610.0,0.949999988079071,160.0
5260,3770.0,0.949999988079071,60.0,-3570.0,0.949999988079071,100.0
5280,3760.0,0.949999988079071,80.0,-3630.0,1.0,0.0
5300,3690.0,0.949999988079071,80.0,-3530.0,0.8999999761581421,120.0
5320,3770.0,0.949999988079071,80.0,-3560.0,1.0,0.0
5340,3750.0,0.949999988079071,100.0,-3600.0,0.949999988079071,120.0
5360,3760.0,0.949999988079071,80.0,-3660.0,0.949999988079071,120.0
5380,3750.0,0.949999988079071,40.0,-3630.0,0.8999999761581421,100.0
5400,3780.0,0.949999988079071,40.0,-3660.0,0.949999988079071,120.0
5420,3760.0,0.949999988079071,20.0,-3600.0,0.949999988079071,140.0
5440,3700.0,0.949999988079071,20.0,-3540.0,0.949999988079071,100.0
5460,3780.0,0.949999988079071,80.0,-3520.0,0.949999988079071,0.0
5480,3850.0,0.949999988079071,60.0,-3560.0,0.8999999761581421,120.0
5500,3900.0,1.0,0.0,-3420.0,0.8500000238418579,120.0
5520,3850.0,0.949999988079071,60.0,-3480.0,0.8999999761581421,100.0
5540,3800.0,0.949999988079071,60.0,-3580.0,0.949999988079071,40.0
5560,3780.0,0.949999988079071,60.0,-3550.0,0.949999988079071,160.0
5580,3780.0,0.8999999761581421,40.0,-3510.0,0.8999999761581421,100.0
5600,3690.0,0.949999988079071,40.0,-3580.0,0.949999988079071,80.0
5620,3730.0,0.949999988079071,0.0,-3550.0,0.8999999761581421,60.0
5640,3770.0,0.949999988079071,20.0,-3620.0,0.8999999761581421,0.0
5660,3720.0,0.949999988079071,40.0,-3530.0,0.949999988079071,100.0
5680,3760.0,1.0,0.0,-3610.0,0.949999988079071,120.0
5700,3740.0,0.8999999761581421,60.0,-3640.0,0.949999988079071,60.0
5720,3750.0,0.949999988079071,100.0,-3620.0,0.8500000238418579,160.0
5740,3790.0,0.949999988079071,60.0,-3560.0,0.8999999761581421,120.0
5760,3750.0,0.8500000238418579,40.0,-3620.0,0.949999988079071,120.0
5780,3770.0,0.949999988079071,0.0,-3620.0,0.949999988079071,60.0
5800,3750.0,0.8999999761581421,60.0,-3580.0,0.6000000238418579,0.0
5820,3700.0,0.8999999761581421,60.0,-3610.0,0.8999999761581421,0.0
5840,3710.0,0.8999999761581421,100.0,-3540.0,0.949999988079071,120.0
5860,3750.0,0.949999988079071,40.0,-3610.0,0.949999988079071,140.0
5880,3680.0,0.949999988079071,100.0,-3490.0,0.8999999761581421,120.0
5900,3760.0,1.0,0.0,-3480.0,1.0,100.0
5920,3740.0,1.0,0.0,-3590.0,0.949999988079071,40.0
5940,3730.0,0.949999988079071,60.0,-3580.0,0.949999988079071,100.0
5960,3740.0,0.8999999761581421,40.0,-3590.0,0.949999988079071,120.0
5980,3730.0,0.8999999761581421,60.0,-3620.0,0.949999988079071,120.0
6000,3730.0,0.8999999761581421,40.0,-3510.0,0.8999999761581421,100.0
6020,3690.0,0.949999988079071,60.0,-3520.0,0.949999988079071,120.0
6040,3730.0,0.949999988079071,40.0,-3510.0,0.949999988079071,100.0
6060,3790.0,1.0,0.0,-3480.0,0.949999988079071,120.0
6080,3770.0,0.949999988079071,40.0,-3530.0,0.8999999761581421,100.0
6100,3780.0,0.949999988079071,80.0,-3490.0,0.949999988079071,120.0
6120,3740.0,0.949999988079071,60.0,-3510.0,0.949999988079071,120.0
6140,3720.0,0.949999988079071,40.0,-3560.0,0.949999988079071,120.0
6160,3800.0,0.949999988079071,40.0,-3590.0,0.949999988079071,140.0
6180,3760.0,0.8999999761581421,40.0,-3540.0,0.8999999761581421,120.0
6200,3750.0,0.8999999761581421,60.0,-3600.0,0.8999999761581421,20.0
6220,3730.0,0.949999988079071,40.0,-3590.0,1.0,0.0
6240,3810.0,0.949999988079071,60.0,-3560.0,0.8999999761581421,100.0
6260,3920.0,0.8999999761581421,20.0,-3430.0,0.949999988079071,100.0
6280,3730.0,0.949999988079071,80.0,-3520.0,0.949999988079071,100.0
6300,3710.0,0.949999988079071,40.0,-3520.0,0.949999988079071,120.0
6320,3640.0,0.949999988079071,100.0,-3540.0,0.949999988079071,100.0
6340,3750.0,0.949999988079071,40.0,-3520.0,0.8999999761581421,120.0
6360,3740.0,0.949999988079071,100.0,-3590.0,0.8999999761581421,80.0
6380,3830.0,0.8999999761581421,40.0,-3580.0,0.8500000238418579,120.0
6400,3860.0,0.8999999761581421,60.0,-3620.0,0.949999988079071,40.0
6420,3800.0,0.949999988079071,60.0,-3600.0,0.949999988079071,20.0
6440,3770.0,0.949999988079071,80.0,-3540.0,0.8999999761581421,60.0
6460,3730.0,0.949999988079071,100.0,-3520.0,0.949999988079071,120.0
6480,3650.0,0.8999999761581421,40.0,-3580.0,0.949999988079071,120.0
6500,3690.0,0.949999988079071,60.0,-3560.0,0.949999988079071,60.0
6520,3760.0,0.949999988079071,60.0,-3550.0,0.8500000238418579,0.0
6540,3770.0,0.949999988079071,60.0,-3500.0,0.949999988079071,140.0
6560,3710.0,0.949999988079071,20.0,-3540.0,0.949999988079071,40.0
6580,3730.0,0.8999999761581421,40.0,-3560.0,0.8500000238418579,80.0
6600,3740.0,0.949999988079071,20.0,-3610.0,1.0,0.0
6620,3830.0,0.949999988079071,60.0,-3550.0,0.8999999761581421,20.0
6640,3830.0,0.949999988079071,100.0,-3510.0,0.8999999761581421,80.0
6660,3760.0,0.949999988079071,80.0,-3510.0,0.8999999761581421,100.0
6680,3780.0,0.949999988079071,60.0,-3610.0,0.8999999761581421,80.0
6700,3740.0,0.8500000238418579,40.0,-3610.0,0.949999988079071,80.0
6720,3760.0,0.949999988079071,60.0,-3590.0,0.949999988079071,100.0
6740,3710.0,0.949999988079071,20.0,-3700.0,0.949999988079071,120.0
6760,3760.0,0.949999988079071,60.0,-3540.0,0.949999988079071,120.0
6780,3830.0,0.949999988079071,60.0,-3580.0,0.8999999761581421,20.0
6800,3810.0,0.8999999761581421,40.0,-3600.0,0.949999988079071,20.0
6820,3720.0,0.8999999761581421,60.0,-3510.0,0.949999988079071,100.0
6840,3710.0,0.8999999761581421,60.0,-3560.0,0.949999988079071,120.0
6860,3760.0,0.949999988079071,80.0,-3700.0,0.949999988079071,140.0
6880,3770.0,1.0,0.0,-3600.0,0.8999999761581421,120.0
6900,3780.0,0.949999988079071,80.0,-3600.0,0.949999988079071,120.0
6920,3890.0,0.8500000238418579,20.0,-3500.0,0.949999988079071,100.0
6940,3800.0,0.949999988079071,20.0,-3570.0,0.949999988079071,140.0
6960,3760.0,0.8500000238418579,40.0,-3580.0,0.949999988079071,80.0
6980,3700.0,0.8999999761581421,60.0,-3500.0,0.949999988079071,120.0
7000,3720.0,0.8999999761581421,60.0,-3630.0,0.949999988079071,0.0
7020,3770.0,0.949999988079071,60.0,-3470.0,0.8999999761581421,100.0
7040,3710.0,0.949999988079071,40.0,-3420.0,0.949999988079071,120.0
7060,3700.0,0.949999988079071,80.0,-3530.0,0.949999988079071,140.0
7080,3720.0,0.949999988079071,100.0,-3480.0,0.800000011920929,120.0
7100,3850.0,0.949999988079071,100.0,-3470.0,0.949999988079071,120.0
7120,3680.0,1.0,0.0,-3460.0,0.8500000238418579,80.0
7140,3760.0,0.8500000238418579,40.0,-3480.0,0.8999999761581421,120.0
7160,3840.0,0.949999988079071,40.0,-3600.0,0.949999988079071,120.0
7180,3810.0,0.8999999761581421,40.0,-3610.0,1.0,0.0
7200,3740.0,0.8999999761581421,60.0,-3560.0,0.949999988079071,160.0
7220,3770.0,0.949999988079071,0.0,-3540.0,0.8999999761581421,120.0
7240,3780.0,0.949999988079071,60.0,-3520.0,0.8500000238418579,140.0
7260,3800.0,0.949999988079071,40.0,-3460.0,0.949999988079071,120.0
7280,3780.0,0.949999988079071,40.0,-3500.0,1.0,0.0
7300,3860.0,1.0,140.0,-3620.0,0.8999999761581421,120.0
7320,3770.0,0.949999988079071,40.0,-3490.0,0.949999988079071,120.0
7340,3700.0,0.8500000238418579,40.0,-3630.0,0.949999988079071,80.0
7360,3710.0,0.8999999761581421,60.0,-3630.0,0.949999988079071,120.0
7380,3730.0,0.8999999761581421,60.0,-3510.0,0.949999988079071,80.0
7400,3790.0,0.8999999761581421,40.0,-3530.0,0.949999988079071,60.0
7420,3790.0,0.949999988079071,60.0,-3490.0,0.949999988079071,120.0
7440,3760.0,0.949999988079071,40.0,-3480.0,0.8999999761581421,100.0
7460,3730.0,0.8999999761581421,60.0,-3440.0,0.949999988079071,120.0
7480,3850.0,0.8999999761581421,20.0,-3510.0,0.949999988079071,120.0
7500,3780.0,1.0,0.0,-3580.0,1.0,0.0
7520,3820.0,0.8999999761581421,20.0,-3530.0,0.949999988079071,100.0
7540,3730.0,0.949999988079071,40.0,-3450.0,0.8999999761581421,120.0
7560,3750.0,0.949999988079071,0.0,-3520.0,0.949999988079071,120.0
7580,3670.0,0.8999999761581421,60.0,-3530.0,0.949999988079071,120.0
7600,3820.0,0.949999988079071,100.0,-3510.0,0.8999999761581421,160.0
7620,3780.0,0.8999999761581421,60.0,-3490.0,0.8999999761581421,120.0
7640,3810.0,0.949999988079071,40.0,-3500.0,0.8999999761581421,80.0
7660,3820.0,0.8999999761581421,100.0,-3580.0,0.8999999761581421,100.0
7680,3750.0,0.949999988079071,120.0,-3480.0,0.8999999761581421,100.0
7700,3720.0,0.949999988079071,60.0,-3600.0,0.949999988079071,100.0
7720,3690.0,0.949999988079071,80.0,-3550.0,0.949999988079071,120.0
7740,3680.0,0.8999999761581421,60.0,-3580.0,0.8999999761581421,100.0
7760,3610.0,0.8500000238418579,60.0,-3580.0,1.0,0.0
7780,3670.0,0.8999999761581421,40.0,-3580.0,0.949999988079071,100.0
7800,3730.0,0.8999999761581421,60.0,-3600.0,0.949999988079071,80.0
7820,3740.0,0.8999999761581421,40.0,-3560.0,0.949999988079071,120.0
7840,3750.0,0.8999999761581421,60.0,-3510.0,0.8500000238418579,160.0
7860,3660.0,0.949999988079071,20.0,-3570.0,0.8999999761581421,120.0
7880,3700.0,0.949999988079071,60.0,-3590.0,1.0,0.0
7900,3650.0,0.8999999761581421,60.0,-3620.0,0.949999988079071,160.0
7920,3680.0,0.949999988079071,80.0,-3550.0,0.949999988079071,120.0
7940,3680.0,0.8500000238418579,40.0,-3560.0,0.8999999761581421,120.0
7960,3730.0,1.0,0.0,-3560.0,0.8999999761581421,100.0
7980,3790.0,0.949999988079071,60.0,-3500.0,0.949999988079071,120.0
8000,3810.0,0.949999988079071,60.0,-3620.0,0.949999988079071,100.0
8020,3800.0,0.949999988079071,80.0,-3540.0,0.949999988079071,20.0
8040,3790.0,0.949999988079071,60.0,-3540.0,0.949999988079071,120.0
8060,3790.0,0.949999988079071,80.0,-3540.0,0.949999988079071,100.0
8080,3740.0,0.8999999761581421,60.0,-3520.0,0.8999999761581421,100.0
8100,3750.0,0.8999999761581421,40.0,-3520.0,0.8999999761581421,60.0
8120,3850.0,0.949999988079071,40.0,-3560.0,0.949999988079071,120.0
8140,3870.0,0.8999999761581421,60.0,-3580.0,0.949999988079071,100.0
8160,3850.0,0.949999988079071,40.0,-3610.0,0.949999988079071,140.0
8180,3790.0,0.949999988079071,80.0,-3610.0,0.949999988079071,120.0
8200,3720.0,0.8999999761581421,120.0,-3520.0,0.949999988079071,100.0
8220,3800.0,0.949999988079071,60.0,-3590.0,1.0,0.0
8240,3780.0,0.949999988079071,60.0,-3620.0,1.0,0.0
8260,3730.0,0.8999999761581421,60.0,-3540.0,0.949999988079071,80.0
8280,3700.0,0.8999999761581421,60.0,-3470.0,0.8999999761581421,100.0
8300,3830.0,0.949999988079071,40.0,-3490.0,0.8999999761581421,100.0
8320,3840.0,0.949999988079071,60.0,-3530.0,0.8999999761581421,100.0
8340,3780.0,0.8999999761581421,80.0,-3530.0,0.949999988079071,100.0
8360,3900.0,0.949999988079071,60.0,-3510.0,1.0,0.0
8380,3880.0,0.949999988079071,60.0,-3590.0,0.8999999761581421,100.0
8400,3750.0,0.949999988079071,80.0,-3620.0,0.949999988079071,100.0
8420,3760.0,0.949999988079071,60.0,-3620.0,0.949999988079071,120.0
8440,3850.0,0.8999999761581421,60.0,-3520.0,0.949999988079071,100.0
8460,3890.0,0.949999988079071,60.0,-3540.0,0.8999999761581421,100.0
8480,3900.0,0.949999988079071,60.0,-3550.0,0.8999999761581421,120.0
8500,3860.0,0.949999988079071,60.0,-3640.0,0.949999988079071,100.0
8520,3790.0,0.8999999761581421,60.0,-3520.0,0.8999999761581421,100.0
8540,3830.0,0.949999988079071,160.0,-3590.0,0.949999988079071,100.0
8560,3770.0,0.8999999761581421,60.0,-3520.0,0.949999988079071,100.0
8580,3760.0,0.8999999761581421,20.0,-3520.0,0.949999988079071,100.0
8600,3760.0,0.949999988079071,60.0,-3570.0,0.949999988079071,100.0
8620,3670.0,0.8500000238418579,40.0,-3620.0,0.949999988079071,60.0
8640,3710.0,0.8500000238418579,60.0,-3500.0,0.949999988079071,100.0
8660,3830.0,0.949999988079071,20.0,-3640.0,0.949999988079071,80.0
8680,3810.0,0.8999999761581421,60.0,-3580.0,0.8999999761581421,100.0
8700,3820.0,0.949999988079071,60.0,-3560.0,0.949999988079071,100.0
8720,3780.0,0.949999988079071,60.0,-3620.0,0.949999988079071,140.0
8740,3820.0,0.949999988079071,140.0,-3600.0,0.949999988079071,160.0
8760,3920.0,0.949999988079071,60.0,-3590.0,1.0,0.0
8780,3850.0,0.949999988079071,60.0,-3610.0,0.949999988079071,140.0
8800,3840.0,1.0,0.0,-3590.0,0.949999988079071,140.0
8820,3780.0,0.949999988079071,0.0,-3570.0,0.949999988079071,140.0
8840,3850.0,0.8999999761581421,60.0,-3490.0,0.949999988079071,100.0
8860,3870.0,0.8999999761581421,60.0,-3620.0,0.949999988079071,80.0
8880,3850.0,0.8500000238418579,40.0,-3690.0,1.0,0.0
8900,3790.0,0.949999988079071,60.0,-3600.0,0.949999988079071,80.0
8920,3860.0,0.949999988079071,0.0,-3620.0,0.949999988079071,140.0
8940,3870.0,0.949999988079071,60.0,-3690.0,0.8999999761581421,120.0
8960,3760.0,0.8999999761581421,60.0,-3610.0,0.8999999761581421,100.0
8980,3800.0,0.8999999761581421,60.0,-3650.0,1.0,0.0
9000,3890.0,0.8999999761581421,40.0,-3640.0,0.949999988079071,80.0
9020,3820.0,0.949999988079071,60.0,-3560.0,0.949999988079071,80.0
9040,3860.0,0.949999988079071,80.0,-3640.0,0.949999988079071,80.0
9060,3830.0,0.8999999761581421,60.0,-3600.0,0.949999988079071,120.0
9080,3870.0,0.8999999761581421,40.0,-3600.0,0.949999988079071,140.0
9100,3810.0,0.800000011920929,0.0,-3720.0,0.949999988079071,120.0
9120,3880.0,0.949999988079071,60.0,-3570.0,1.0,0.0
9140,3800.0,0.949999988079071,60.0,-3690.0,0.949999988079071,40.0
9160,3830.0,0.949999988079071,60.0,-3640.0,1.0,0.0
9180,3890.0,1.0,120.0,-3610.0,0.949999988079071,80.0
9200,3950.0,0.8999999761581421,60.0,-3640.0,0.949999988079071,60.0
9220,3900.0,0.949999988079071,160.0,-3590.0,0.949999988079071,100.0
9240,3870.0,0.8999999761581421,40.0,-3650.0,0.949999988079071,80.0
9260,3790.0,0.949999988079071,0.0,-3610.0,0.949999988079071,60.0
9280,3890.0,0.8999999761581421,60.0,-3680.0,0.949999988079071,120.0
9300,3850.0,0.949999988079071,40.0,-3590.0,0.8999999761581421,120.0
9320,3870.0,0.8500000238418579,0.0,-3600.0,0.949999988079071,160.0
9340,3860.0,0.949999988079071,60.0,-3650.0,0.949999988079071,100.0
9360,3880.0,0.949999988079071,0.0,-3650.0,0.949999988079071,80.0
9380,3840.0,0.949999988079071,100.0,-3580.0,0.949999988079071,140.0
9400,3760.0,0.75,0.0,-3590.0,0.949999988079071,100.0
9420,3830.0,0.8999999761581421,60.0,-3640.0,0.949999988079071,60.0
9440,3800.0,0.8999999761581421,60.0,-3610.0,0.949999988079071,100.0
9460,3870.0,0.8500000238418579,60.0,-3640.0,0.949999988079071,80.0
9480,3920.0,0.949999988079071,80.0,-3600.0,1.0,0.0
9500,3870.0,0.949999988079071,60.0,-3600.0,0.949999988079071,140.0
9520,3800.0,0.949999988079071,20.0,-3640.0,0.949999988079071,80.0
9540,3740.0,0.8999999761581421,60.0,-3630.0,1.0,20.0
9560,3810.0,0.75,0.0,-3670.0,0.949999988079071,100.0
9580,3870.0,0.949999988079071,40.0,-3620.0,0.949999988079071,120.0
9600,3880.0,0.8500000238418579,60.0,-3580.0,1.0,0.0
9620,3860.0,0.8500000238418579,60.0,-3610.0,0.949999988079071,140.0
9640,3780.0,0.8999999761581421,80.0,-3670.0,0.949999988079071,40.0
9660,3840.0,0.8999999761581421,60.0,-3600.0,0.8999999761581421,140.0
9680,3800.0,0.949999988079071,60.0,-3570.0,0.949999988079071,60.0
9700,3760.0,0.949999988079071,80.0,-3570.0,0.949999988079071,80.0
9720,3850.0,0.949999988079071,80.0,-3670.0,1.0,60.0
9740,3820.0,0.949999988079071,20.0,-3620.0,0.949999988079071,100.0
9760,3860.0,0.949999988079071,60.0,-3610.0,0.8999999761581421,140.0
9780,3860.0,0.8999999761581421,60.0,-3600.0,0.949999988079071,100.0
9800,3900.0,0.8999999761581421,40.0,-3600.0,0.949999988079071,80.0
9820,3900.0,0.949999988079071,60.0,-3600.0,0.949999988079071,80.0
9840,3810.0,0.8999999761581421,60.0,-3630.0,0.949999988079071,80.0
9860,3900.0,0.699999988079071,0.0,-3640.0,0.949999988079071,80.0
9880,3850.0,0.949999988079071,160.0,-3620.0,0.949999988079071,60.0
9900,3870.0,0.949999988079071,40.0,-3630.0,0.949999988079071,80.0
9920,3820.0,0.949999988079071,80.0,-3710.0,0.949999988079071,80.0
9940,3790.0,0.800000011920929,60.0,-3620.0,0.8999999761581421,80.0
9960,3780.0,0.8999999761581421,60.0,-3680.0,0.8999999761581421,100.0
9980,3830.0,0.949999988079071,20.0,-3560.0,0.949999988079071,120.0
10000,3850.0,1.0,0.0,-3600.0,0.949999988079071,60.0
10020,3780.0,0.949999988079071,60.0,-3640.0,0.949999988079071,140.0
10040,3880.0,0.8999999761581421,60.0,-3640.0,0.949999988079071,60.0
10060,3880.0,0.8500000238418579,60.0,-3610.0,0.8999999761581421,120.0
10080,3860.0,0.699999988079071,0.0,-3600.0,0.949999988079071,120.0
10100,3840.0,0.800000011920929,60.0,-3520.0,0.949999988079071,100.0
10120,3810.0,0.949999988079071,40.0,-3670.0,0.949999988079071,60.0
10140,3820.0,0.949999988079071,60.0,-3610.0,0.949999988079071,120.0
10160,3830.0,0.949999988079071,40.0,-3660.0,0.949999988079071,80.0
10180,3840.0,0.949999988079071,60.0,-3630.0,0.949999988079071,60.0
10200,3750.0,0.8999999761581421,40.0,-3580.0,0.949999988079071,100.0
10220,3840.0,0.949999988079071,0.0,-3540.0,0.949999988079071,140.0
10240,3790.0,0.949999988079071,40.0,-3530.0,1.0,0.0
10260,3920.0,0.8500000238418579,0.0,-3590.0,0.949999988079071,140.0
10280,3940.0,0.949999988079071,20.0,-3570.0,0.949999988079071,60.0
10300,3870.0,0.949999988079071,80.0,-3640.0,0.949999988079071,120.0
10320,3910.0,0.8999999761581421,60.0,-3670.0,0.949999988079071,80.0
10340,4000.0,0.949999988079071,80.0,-3660.0,0.949999988079071,100.0
10360,3930.0,0.949999988079071,140.0,-3580.0,0.949999988079071,60.0
10380,3950.0,0.949999988079071,120.0,-3540.0,0.8999999761581421,80.0
10400,3860.0,0.8999999761581421,60.0,-3610.0,0.949999988079071,80.0
10420,3870.0,0.8999999761581421,60.0,-3630.0,0.949999988079071,100.0
10440,3880.0,1.0,0.0,-3590.0,0.949999988079071,140.0
10460,3750.0,0.8500000238418579,20.0,-3580.0,0.949999988079071,100.0
10480,3730.0,0.8999999761581421,60.0,-3600.0,0.949999988079071,120.0
10500,3740.0,0.8999999761581421,20.0,-3580.0,0.949999988079071,100.0
10520,3790.0,0.949999988079071,40.0,-3650.0,0.949999988079071,100.0
10540,3820.0,0.949999988079071,100.0,-3640.0,0.949999988079071,80.0
10560,3840.0,0.8500000238418579,60.0,-3570.0,0.949999988079071,120.0
10580,3810.0,0.75,160.0,-3610.0,0.949999988079071,100.0
10600,3850.0,0.8500000238418579,60.0,-3610.0,0.949999988079071,80.0
10620,3810.0,0.8999999761581421,60.0,-3710.0,0.8999999761581421,100.0
10640,3830.0,0.8999999761581421,60.0,-3610.0,0.949999988079071,100.0
10660,3910.0,0.8999999761581421,60.0,-3640.0,0.949999988079071,80.0
10680,3800.0,0.8999999761581421,80.0,-3640.0,0.949999988079071,80.0
10700,3790.0,0.8999999761581421,60.0,-3580.0,0.949999988079071,80.0
10720,3810.0,0.949999988079071,60.0,-3580.0,0.8999999761581421,80.0
10740,3840.0,0.949999988079071,60.0,-3680.0,0.949999988079071,100.0
10760,3920.0,0.8999999761581421,60.0,-3610.0,0.949999988079071,120.0
10780,3900.0,0.8999999761581421,60.0,-3520.0,0.949999988079071,80.0
10800,3990.0,0.949999988079071,60.0,-3580.0,0.949999988079071,100.0
10820,3950.0,0.949999988079071,80.0,-3700.0,0.949999988079071,80.0
10840,3810.0,0.949999988079071,40.0,-3610.0,0.949999988079071,100.0
10860,3830.0,0.8999999761581421,60.0,-3620.0,0.8999999761581421,100.0
10880,3800.0,0.8999999761581421,60.0,-3610.0,0.949999988079071,80.0
10900,3800.0,0.8999999761581421,80.0,-3650.0,0.949999988079071,100.0
10920,3810.0,0.8999999761581421,60.0,-3660.0,0.8999999761581421,100.0
10940,3850.0,0.949999988079071,60.0,-3690.0,0.949999988079071,80.0
10960,3950.0,0.8999999761581421,20.0,-3610.0,0.8999999761581421,120.0
10980,4020.0,0.949999988079071,60.0,-3620.0,0.949999988079071,80.0
11000,3990.0,0.8999999761581421,60.0,-3610.0,0.949999988079071,60.0
11020,3900.0,0.8999999761581421,80.0,-3670.0,0.949999988079071,100.0
11040,3950.0,0.949999988079071,80.0,-3710.0,0.949999988079071,80.0
11060,3870.0,0.8999999761581421,60.0,-3580.0,0.8999999761581421,60.0
11080,3820.0,0.8999999761581421,60.0,-3620.0,0.949999988079071,60.0
11100,3920.0,0.8999999761581421,80.0,-3650.0,0.949999988079071,80.0
11120,3880.0,0.949999988079071,60.0,-3680.0,0.949999988079071,80.0
11140,3830.0,0.8999999761581421,60.0,-3660.0,0.949999988079071,80.0
11160,3910.0,0.8500000238418579,80.0,-3660.0,0.949999988079071,100.0
11180,4050.0,0.8500000238418579,80.0,-3640.0,0.8999999761581421,100.0
11200,3920.0,0.949999988079071,160.0,-3670.0,0.949999988079071,100.0
11220,3940.0,0.8500000238418579,80.0,-3670.0,0.8999999761581421,100.0
11240,3880.0,0.8999999761581421,60.0,-3630.0,0.949999988079071,80.0
11260,3870.0,0.8999999761581421,60.0,-3630.0,0.949999988079071,60.0
11280,3830.0,0.8999999761581421,60.0,-3650.0,0.949999988079071,80.0
11300,3790.0,0.949999988079071,60.0,-3610.0,0.949999988079071,80.0
11320,3760.0,0.8999999761581421,60.0,-3700.0,0.949999988079071,80.0
11340,3780.0,0.8500000238418579,60.0,-3590.0,0.949999988079071,80.0
11360,3940.0,0.8999999761581421,80.0,-3700.0,0.949999988079071,80.0
11380,3840.0,0.8999999761581421,60.0,-3630.0,0.949999988079071,60.0
11400,3830.0,0.8999999761581421,80.0,-3640.0,0.949999988079071,80.0
11420,3880.0,0.949999988079071,80.0,-3700.0,0.8999999761581421,100.0
11440,3870.0,0.949999988079071,80.0,-3660.0,0.949999988079071,120.0
11460,3860.0,0.8999999761581421,80.0,-3610.0,0.949999988079071,100.0
11480,3840.0,0.8999999761581421,60.0,-3600.0,0.949999988079071,60.0
11500,3810.0,0.8999999761581421,60.0,-3580.0,0.949999988079071,100.0
11520,3860.0,0.8500000238418579,60.0,-3690.0,0.8999999761581421,80.0
11540,3830.0,0.8999999761581421,60.0,-3660.0,0.8999999761581421,100.0
11560,3960.0,0.8999999761581421,100.0,-3650.0,0.949999988079071,100.0
11580,3900.0,0.949999988079071,80.0,-3630.0,0.949999988079071,60.0
11600,3860.0,0.8999999761581421,80.0,-3580.0,0.949999988079071,80.0
11620,3900.0,0.8500000238418579,60.0,-3690.0,0.8999999761581421,100.0
11640,3920.0,0.8500000238418579,60.0,-3590.0,0.8999999761581421,100.0
11660,3890.0,0.949999988079071,80.0,-3680.0,0.8999999761581421,100.0
11680,3780.0,0.949999988079071,140.0,-3620.0,0.949999988079071,60.0
11700,3890.0,0.949999988079071,60.0,-3690.0,0.8999999761581421,100.0
11720,3850.0,0.8999999761581421,80.0,-3650.0,0.8999999761581421,100.0
11740,3890.0,0.8500000238418579,60.0,-3650.0,0.949999988079071,80.0
11760,3890.0,0.8500000238418579,80.0,-3590.0,0.8999999761581421,100.0
11780,3910.0,0.8500000238418579,60.0,-3610.0,0.949999988079071,60.0
11800,4000.0,0.949999988079071,40.0,-3640.0,0.8999999761581421,100.0
11820,3920.0,0.8999999761581421,40.0,-3670.0,0.8999999761581421,60.0
11840,3920.0,0.8999999761581421,60.0,-3720.0,0.949999988079071,100.0
11860,3830.0,0.949999988079071,40.0,-3630.0,0.949999988079071,100.0
11880,3750.0,0.800000011920929,60.0,-3630.0,0.949999988079071,80.0
11900,3830.0,0.949999988079071,20.0,-3600.0,0.8999999761581421,100.0
11920,3860.0,0.8999999761581421,80.0,-3700.0,0.949999988079071,100.0
11940,3850.0,0.8999999761581421,80.0,-3620.0,0.949999988079071,100.0
11960,3830.0,1.0,0.0,-3670.0,0.949999988079071,100.0
11980,3830.0,0.8999999761581421,80.0,-3630.0,0.949999988079071,60.0
12000,3810.0,0.8999999761581421,60.0,-3630.0,0.8999999761581421,100.0
12020,3840.0,0.949999988079071,60.0,-3700.0,0.949999988079071,80.0
12040,3780.0,0.8999999761581421,60.0,-3690.0,0.949999988079071,100.0
12060,3810.0,0.8999999761581421,60.0,-3630.0,0.8999999761581421,120.0
12080,3790.0,0.8999999761581421,60.0,-3640.0,0.8999999761581421,100.0
12100,3840.0,1.0,0.0,-3570.0,0.949999988079071,100.0
12120,3890.0,0.8500000238418579,60.0,-3650.0,0.8999999761581421,80.0
12140,3910.0,0.8999999761581421,80.0,-3640.0,0.8999999761581421,80.0
12160,3990.0,0.949999988079071,100.0,-3700.0,0.8999999761581421,100.0
12180,3930.0,0.8999999761581421,80.0,-3650.0,0.8999999761581421,100.0
12200,3930.0,0.8999999761581421,60.0,-3620.0,0.949999988079071,120.0
12220,3930.0,0.8999999761581421,60.0,-3660.0,0.949999988079071,80.0
12240,3950.0,0.8999999761581421,60.0,-3640.0,0.8999999761581421,80.0
12260,3810.0,0.949999988079071,60.0,-3710.0,0.949999988079071,80.0
12280,3850.0,0.8999999761581421,80.0,-3700.0,0.8999999761581421,100.0
12300,3860.0,0.800000011920929,60.0,-3620.0,0.8999999761581421,100.0
12320,3900.0,0.949999988079071,40.0,-3710.0,0.8999999761581421,100.0
12340,3870.0,0.949999988079071,60.0,-3670.0,0.949999988079071,100.0
12360,3960.0,0.8500000238418579,60.0,-3680.0,0.949999988079071,100.0
12380,3880.0,0.8500000238418579,60.0,-3630.0,0.949999988079071,100.0
12400,3930.0,0.8999999761581421,80.0,-3530.0,0.949999988079071,100.0
12420,3820.0,0.8500000238418579,80.0,-3640.0,0.8999999761581421,100.0
12440,3820.0,0.8999999761581421,60.0,-3630.0,0.949999988079071,120.0
12460,3770.0,0.949999988079071,40.0,-3660.0,0.949999988079071,60.0
12480,3760.0,0.949999988079071,60.0,-3650.0,0.949999988079071,100.0
12500,3910.0,0.8500000238418579,80.0,-3550.0,0.8999999761581421,100.0
12520,3970.0,0.949999988079071,40.0,-3620.0,0.8999999761581421,80.0
12540,3920.0,0.949999988079071,20.0,-3600.0,0.8999999761581421,100.0
12560,3870.0,0.8999999761581421,20.0,-3650.0,0.8999999761581421,100.0
12580,3900.0,0.8999999761581421,80.0,-3680.0,0.8999999761581421,80.0
12600,3890.0,0.8500000238418579,80.0,-3640.0,0.8999999761581421,80.0
12620,3800.0,0.8999999761581421,60.0,-3630.0,0.8999999761581421,80.0
12640,3750.0,0.949999988079071,40.0,-3610.0,0.949999988079071,100.0
12660,3790.0,0.8999999761581421,80.0,-3640.0,0.949999988079071,100.0
12680,3840.0,0.8500000238418579,80.0,-3690.0,0.8500000238418579,100.0
12700,3840.0,0.8500000238418579,80.0,-3590.0,0.8999999761581421,100.0
12720,3810.0,0.8500000238418579,80.0,-3580.0,0.8999999761581421,80.0
12740,3850.0,0.8500000238418579,80.0,-3670.0,0.8999999761581421,100.0
12760,3770.0,0.949999988079071,60.0,-3670.0,0.8999999761581421,80.0
12780,3780.0,0.8999999761581421,40.0,-3720.0,0.949999988079071,60.0
12800,3800.0,0.949999988079071,40.0,-3720.0,0.8999999761581421,80.0
12820,3830.0,0.949999988079071,60.0,-3730.0,0.8999999761581421,80.0
12840,3840.0,0.8999999761581421,80.0,-3660.0,0.8999999761581421,80.0
12860,3830.0,0.949999988079071,100.0,-3740.0,0.8999999761581421,100.0
12880,3960.0,0.949999988079071,60.0,-3700.0,0.949999988079071,80.0
12900,3950.0,0.8500000238418579,80.0,-3720.0,0.8999999761581421,100.0
12920,3980.0,0.949999988079071,80.0,-3600.0,0.8500000238418579,100.0
12940,3930.0,0.8500000238418579,160.0,-3700.0,0.8999999761581421,80.0
12960,3840.0,0.8999999761581421,80.0,-3680.0,0.8999999761581421,100.0
12980,3880.0,0.8999999761581421,60.0,-3720.0,0.8999999761581421,80.0
13000,3910.0,0.949999988079071,60.0,-3710.0,0.8999999761581421,100.0
13020,3960.0,0.8500000238418579,60.0,-3660.0,0.8500000238418579,100.0
13040,4030.0,0.8500000238418579,60.0,-3620.0,0.8999999761581421,80.0
13060,3960.0,0.800000011920929,0.0,-3680.0,0.8999999761581421,100.0
13080,3950.0,0.8999999761581421,60.0,-3660.0,0.949999988079071,80.0
13100,3890.0,0.8500000238418579,60.0,-3700.0,0.8999999761581421,80.0
13120,3840.0,0.8500000238418579,80.0,-3660.0,0.8999999761581421,80.0
13140,3910.0,0.8500000238418579,60.0,-3730.0,0.8999999761581421,80.0
13160,3810.0,0.949999988079071,80.0,-3700.0,0.8999999761581421,80.0
13180,3820.0,0.800000011920929,60.0,-3680.0,0.949999988079071,60.0
13200,3940.0,0.949999988079071,40.0,-3710.0,0.8999999761581421,80.0
13220,3870.0,0.8500000238418579,0.0,-3770.0,0.949999988079071,80.0
13240,3830.0,0.800000011920929,60.0,-3720.0,0.8999999761581421,80.0
13260,3830.0,0.949999988079071,60.0,-3710.0,0.8999999761581421,100.0
13280,3800.0,0.800000011920929,80.0,-3710.0,0.949999988079071,80.0
13300,3800.0,0.800000011920929,60.0,-3710.0,0.8999999761581421,80.0
13320,3740.0,0.949999988079071,60.0,-3750.0,0.8500000238418579,100.0
13340,3690.0,0.8999999761581421,60.0,-3760.0,0.949999988079071,60.0
13360,3780.0,0.8500000238418579,60.0,-3790.0,0.8999999761581421,100.0
13380,3860.0,0.8500000238418579,80.0,-3750.0,0.8500000238418579,100.0
13400,3840.0,0.8999999761581421,60.0,-3690.0,0.8999999761581421,80.0
13420,3840.0,0.8500000238418579,60.0,-3730.0,0.8999999761581421,100.0
13440,3800.0,0.949999988079071,160.0,-3790.0,0.8999999761581421,100.0
13460,3760.0,0.8999999761581421,0.0,-3740.0,0.8500000238418579,100.0
13480,3740.0,0.8500000238418579,80.0,-3740.0,0.8500000238418579,100.0
13500,3750.0,0.8500000238418579,80.0,-3720.0,0.8999999761581421,80.0
13520,3820.0,0.949999988079071,80.0,-3720.0,0.8999999761581421,80.0
13540,3900.0,0.800000011920929,80.0,-3750.0,0.8999999761581421,80.0
13560,3840.0,0.8999999761581421,60.0,-3770.0,0.949999988079071,80.0
13580,3840.0,0.8500000238418579,80.0,-3700.0,0.8999999761581421,80.0
13600,3870.0,0.8500000238418579,80.0,-3760.0,0.8999999761581421,80.0
13620,3850.0,0.8500000238418579,80.0,-3730.0,0.8500000238418579,100.0
13640,3890.0,0.800000011920929,80.0,-3740.0,0.8999999761581421,100.0
13660,3780.0,0.8500000238418579,80.0,-3820.0,0.8500000238418579,100.0
13680,3870.0,0.800000011920929,40.0,-3760.0,0.8999999761581421,100.0
13700,3910.0,0.8999999761581421,80.0,-3710.0,0.8999999761581421,80.0
13720,3910.0,0.8999999761581421,80.0,-3770.0,0.949999988079071,80.0
13740,3890.0,0.8999999761581421,100.0,-3750.0,0.949999988079071,80.0
13760,3790.0,1.0,0.0,-3770.0,0.8500000238418579,80.0
13780,3780.0,0.800000011920929,60.0,-3790.0,0.8500000238418579,100.0
13800,3850.0,0.8999999761581421,80.0,-3770.0,0.8500000238418579,100.0
13820,3870.0,0.8999999761581421,80.0,-3740.0,0.8999999761581421,80.0
13840,3910.0,0.800000011920929,60.0,-3750.0,0.949999988079071,80.0
13860,3930.0,0.8999999761581421,80.0,-3690.0,0.8999999761581421,80.0
13880,3870.0,0.800000011920929,80.0,-3780.0,0.8999999761581421,80.0
13900,3880.0,0.800000011920929,80.0,-3790.0,0.8500000238418579,100.0
13920,3860.0,0.949999988079071,140.0,-3670.0,0.8999999761581421,100.0
13940,3840.0,0.8999999761581421,40.0,-3720.0,0.8500000238418579,80.0
13960,3710.0,0.800000011920929,80.0,-3770.0,0.949999988079071,80.0
13980,3740.0,0.75,80.0,-3750.0,0.8500000238418579,80.0
14000,3810.0,0.949999988079071,60.0,-3760.0,0.8999999761581421,100.0
14020,3800.0,0.8500000238418579,80.0,-3700.0,0.8999999761581421,100.0
14040,3900.0,0.8999999761581421,60.0,-3740.0,0.949999988079071,80.0
14060,3840.0,0.949999988079071,100.0,-3740.0,0.8999999761581421,100.0
14080,3830.0,0.8500000238418579,80.0,-3760.0,0.8999999761581421,80.0
14100,3750.0,0.8999999761581421,80.0,-3820.0,0.8999999761581421,80.0
14120,3690.0,0.8999999761581421,80.0,-3740.0,0.8500000238418579,80.0
14140,3750.0,0.800000011920929,80.0,-3760.0,0.949999988079071,80.0
14160,3740.0,0.8999999761581421,60.0,-3750.0,0.949999988079071,80.0
14180,3820.0,0.8500000238418579,80.0,-3730.0,0.8999999761581421,80.0
14200,3760.0,0.949999988079071,40.0,-3780.0,0.8999999761581421,100.0
14220,3760.0,0.8999999761581421,80.0,-3790.0,0.8500000238418579,80.0
14240,3790.0,0.8500000238418579,80.0,-3700.0,0.8999999761581421,100.0
14260,3700.0,0.8500000238418579,80.0,-3760.0,0.8999999761581421,80.0
14280,3730.0,0.8999999761581421,80.0,-3710.0,0.8999999761581421,80.0
14300,3730.0,0.8999999761581421,80.0,-3820.0,0.8999999761581421,120.0
14320,3750.0,0.800000011920929,80.0,-3720.0,0.8999999761581421,80.0
14340,3730.0,0.8999999761581421,60.0,-3680.0,0.8999999761581421,80.0
14360,3860.0,0.800000011920929,80.0,-3760.0,0.949999988079071,80.0
14380,3780.0,0.800000011920929,80.0,-3720.0,0.8500000238418579,80.0
14400,3720.0,0.8500000238418579,80.0,-3760.0,0.949999988079071,80.0
14420,3650.0,0.800000011920929,80.0,-3790.0,0.949999988079071,60.0
14440,3710.0,0.800000011920929,80.0,-3770.0,0.8500000238418579,80.0
14460,3820.0,0.800000011920929,80.0,-3740.0,0.8999999761581421,80.0
14480,3800.0,0.75,80.0,-3750.0,0.8500000238418579,80.0
14500,3700.0,0.800000011920929,80.0,-3810.0,0.8500000238418579,80.0
14520,3720.0,0.8500000238418579,60.0,-3810.0,0.949999988079071,80.0
14540,3720.0,0.8999999761581421,80.0,-3810.0,0.8500000238418579,80.0
14560,3820.0,0.8500000238418579,80.0,-3700.0,0.8500000238418579,100.0
14580,3790.0,0.8500000238418579,80.0,-3750.0,0.8999999761581421,80.0
14600,3730.0,0.800000011920929,80.0,-3720.0,0.8999999761581421,80.0
14620,3890.0,0.8500000238418579,60.0,-3780.0,0.8999999761581421,80.0
14640,3950.0,0.800000011920929,60.0,-3710.0,0.8500000238418579,100.0
14660,3890.0,0.8999999761581421,60.0,-3690.0,0.8500000238418579,80.0
14680,3790.0,0.8999999761581421,80.0,-3790.0,0.8999999761581421,80.0
14700,3800.0,0.75,80.0,-3700.0,0.8999999761581421,80.0
14720,3820.0,0.8500000238418579,80.0,-3760.0,0.8999999761581421,80.0
14740,3820.0,0.949999988079071,80.0,-3710.0,0.8999999761581421,80.0
14760,3740.0,0.8500000238418579,80.0,-3720.0,0.949999988079071,100.0
14780,3840.0,0.8500000238418579,80.0,-3800.0,0.8999999761581421,80.0
14800,3820.0,0.8500000238418579,80.0,-3770.0,0.8500000238418579,100.0
14820,3840.0,0.8500000238418579,80.0,-3670.0,0.8999999761581421,80.0
14840,3730.0,0.949999988079071,60.0,-3700.0,0.8999999761581421,80.0
14860,3690.0,0.800000011920929,80.0,-3700.0,0.8500000238418579,100.0
14880,3760.0,0.800000011920929,60.0,-3710.0,0.8999999761581421,100.0
14900,3690.0,0.800000011920929,80.0,-3720.0,0.8999999761581421,80.0
14920,3820.0,0.75,80.0,-3820.0,0.8999999761581421,100.0
14940,3760.0,0.8500000238418579,80.0,-3770.0,0.8500000238418579,80.0
14960,3840.0,0.8999999761581421,80.0,-3710.0,0.8500000238418579,100.0
14980,3710.0,0.800000011920929,80.0,-3760.0,0.8500000238418579,80.0
15000,3790.0,0.75,80.0,-3700.0,0.8500000238418579,80.0
15020,3790.0,0.8500000238418579,80.0,-3790.0,0.8500000238418579,100.0
15040,3700.0,0.800000011920929,80.0,-3800.0,0.8500000238418579,80.0
15060,3720.0,0.949999988079071,160.0,-3790.0,0.8999999761581421,80.0
15080,3630.0,0.949999988079071,60.0,-3790.0,0.8999999761581421,100.0
15100,3710.0,0.75,80.0,-3740.0,0.8500000238418579,80.0
15120,3790.0,0.8500000238418579,60.0,-3750.0,0.8999999761581421,80.0
15140,3800.0,0.8999999761581421,80.0,-3800.0,0.8500000238418579,80.0
15160,3850.0,0.8500000238418579,80.0,-3770.0,0.8500000238418579,80.0
15180,3710.0,0.8500000238418579,60.0,-3800.0,0.8999999761581421,100.0
15200,3680.0,0.8999999761581421,60.0,-3770.0,0.8999999761581421,100.0
15220,3770.0,0.8999999761581421,60.0,-3720.0,0.8500000238418579,80.0
15240,3750.0,0.800000011920929,80.0,-3730.0,0.8999999761581421,80.0
15260,3620.0,0.8999999761581421,40.0,-3680.0,0.8999999761581421,80.0
15280,3710.0,0.75,80.0,-3740.0,0.8999999761581421,80.0
15300,3780.0,1.0,0.0,-3780.0,0.8999999761581421,80.0
15320,3780.0,0.8500000238418579,80.0,-3750.0,0.8999999761581421,100.0
15340,3820.0,0.8500000238418579,80.0,-3800.0,0.8999999761581421,80.0
15360,3800.0,0.800000011920929,80.0,-3770.0,0.8999999761581421,80.0
15380,3830.0,0.8500000238418579,80.0,-3680.0,0.8999999761581421,80.0
15400,3810.0,0.8500000238418579,80.0,-3780.0,0.8999999761581421,80.0
15420,3860.0,0.800000011920929,80.0,-3720.0,0.8999999761581421,80.0
15440,3780.0,0.800000011920929,80.0,-3750.0,0.8999999761581421,80.0
15460,3810.0,0.800000011920929,80.0,-3760.0,0.8999999761581421,80.0
15480,3810.0,0.800000011920929,80.0,-3740.0,0.8999999761581421,80.0
15500,3800.0,0.949999988079071,100.0,-3760.0,0.8500000238418579,80.0
15520,3780.0,0.800000011920929,80.0,-3660.0,0.8500000238418579,80.0
15540,3780.0,0.800000011920929,80.0,-3570.0,0.8999999761581421,100.0
15560,3830.0,0.800000011920929,80.0,-3710.0,0.8500000238418579,80.0
15580,3890.0,0.800000011920929,80.0,-3680.0,0.8500000238418579,100.0
15600,3850.0,0.800000011920929,80.0,-3820.0,0.8999999761581421,80.0
15620,3780.0,0.800000011920929,80.0,-3760.0,0.800000011920929,80.0
15640,3760.0,0.800000011920929,80.0,-3660.0,0.8500000238418579,80.0
15660,3830.0,0.800000011920929,80.0,-3730.0,0.8500000238418579,80.0
15680,3870.0,0.800000011920929,80.0,-3750.0,0.8500000238418579,80.0
15700,3760.0,0.75,80.0,-3690.0,0.8500000238418579,80.0
15720,3710.0,0.800000011920929,80.0,-3760.0,0.8500000238418579,80.0
15740,3730.0,0.800000011920929,80.0,-3740.0,0.8500000238418579,80.0
15760,3860.0,0.8500000238418579,80.0,-3780.0,0.8500000238418579,80.0
15780,3850.0,0.8999999761581421,80.0,-3820.0,0.8500000238418579,80.0
15800,3830.0,0.800000011920929,80.0,-3840.0,0.8999999761581421,80.0
15820,3810.0,0.75,80.0,-3770.0,0.8500000238418579,80.0
15840,3860.0,0.8999999761581421,60.0,-3840.0,0.8500000238418579,80.0
15860,3850.0,0.800000011920929,80.0,-3760.0,0.8500000238418579,100.0
15880,3800.0,0.75,80.0,-3800.0,0.8500000238418579,80.0
15900,3830.0,0.75,80.0,-3800.0,0.800000011920929,80.0
15920,3820.0,0.699999988079071,80.0,-3830.0,0.8500000238418579,100.0
15940,3820.0,0.699999988079071,80.0,-3850.0,0.8500000238418579,80.0
15960,3780.0,0.8500000238418579,80.0,-3800.0,0.8500000238418579,80.0
15980,3760.0,0.75,80.0,-3880.0,0.800000011920929,100.0
16000,3840.0,0.75,80.0,-3780.0,0.8500000238418579,80.0
16020,3920.0,0.75,80.0,-3780.0,0.8500000238418579,80.0
16040,3880.0,0.699999988079071,80.0,-3870.0,0.800000011920929,80.0
16060,3840.0,0.800000011920929,80.0,-3850.0,0.8500000238418579,80.0
16080,3830.0,0.75,80.0,-3810.0,0.8500000238418579,80.0
16100,3830.0,0.75,80.0,-3770.0,0.800000011920929,80.0
16120,3860.0,0.75,80.0,-3820.0,0.800000011920929,100.0
16140,3770.0,0.800000011920929,80.0,-3800.0,0.800000011920929,80.0
16160,3770.0,0.800000011920929,80.0,-3780.0,0.800000011920929,80.0
16180,3830.0,0.699999988079071,80.0,-3860.0,0.8500000238418579,80.0
16200,3730.0,0.699999988079071,80.0,-3800.0,0.800000011920929,100.0
16220,3840.0,0.8500000238418579,80.0,-3920.0,0.8500000238418579,80.0
16240,3930.0,0.75,80.0,-3890.0,0.800000011920929,80.0
16260,3810.0,0.75,80.0,-3830.0,0.8500000238418579,100.0
16280,3800.0,0.699999988079071,80.0,-3810.0,0.75,80.0
16300,3850.0,0.699999988079071,80.0,-3810.0,0.8500000238418579,80.0
16320,3860.0,0.75,80.0,-3850.0,0.800000011920929,80.0
16340,3850.0,0.75,80.0,-3910.0,0.8999999761581421,80.0
16360,3700.0,0.75,80.0,-3880.0,0.800000011920929,80.0
16380,3770.0,0.699999988079071,80.0,-3880.0,0.800000011920929,100.0
16400,3810.0,0.699999988079071,80.0,-3780.0,0.8500000238418579,80.0
16420,3830.0,0.699999988079071,80.0,-3800.0,0.8500000238418579,100.0
16440,3830.0,0.75,80.0,-3790.0,0.8500000238418579,80.0
16460,3850.0,0.699999988079071,80.0,-3800.0,0.75,80.0
16480,3730.0,0.6499999761581421,80.0,-3820.0,0.800000011920929,100.0
16500,3860.0,0.699999988079071,80.0,-3840.0,0.800000011920929,80.0
16520,3850.0,0.75,80.0,-3820.0,0.75,80.0
16540,3780.0,0.75,80.0,-3850.0,0.75,80.0
16560,3710.0,0.6499999761581421,80.0,-3770.0,0.800000011920929,80.0
16580,3780.0,0.699999988079071,80.0,-3760.0,0.800000011920929,80.0
16600,3780.0,0.75,80.0,-3770.0,0.800000011920929,80.0
16620,3720.0,0.6499999761581421,80.0,-3760.0,0.800000011920929,100.0
16640,3710.0,0.699999988079071,80.0,-3710.0,0.8500000238418579,80.0
16660,3760.0,0.699999988079071,80.0,-3720.0,0.75,80.0
16680,3660.0,0.75,80.0,-3830.0,0.8500000238418579,80.0
16700,3690.0,0.6499999761581421,80.0,-3770.0,0.75,80.0
16720,3740.0,0.699999988079071,80.0,-3820.0,0.8500000238418579,80.0
16740,3700.0,0.6499999761581421,80.0,-3770.0,0.800000011920929,80.0
16760,3860.0,0.800000011920929,80.0,-3620.0,0.699999988079071,80.0
16780,3820.0,0.699999988079071,80.0,-3780.0,0.8999999761581421,80.0
16800,3850.0,0.699999988079071,80.0,-3690.0,0.8500000238418579,80.0
16820,3760.0,0.699999988079071,80.0,-3670.0,0.75,80.0
16840,3710.0,0.699999988079071,80.0,-3720.0,0.800000011920929,100.0
16860,3760.0,0.699999988079071,80.0,-3590.0,0.75,100.0
16880,3740.0,0.699999988079071,80.0,-3700.0,0.6499999761581421,80.0
16900,3660.0,0.6499999761581421,80.0,-3690.0,0.699999988079071,80.0
16920,3740.0,0.6499999761581421,80.0,-3680.0,0.800000011920929,80.0
16940,3760.0,0.6499999761581421,80.0,-3720.0,0.800000011920929,80.0
16960,3740.0,0.6499999761581421,80.0,-3710.0,0.800000011920929,80.0
16980,3670.0,0.699999988079071,80.0,-3770.0,0.699999988079071,80.0
17000,3680.0,0.6499999761581421,80.0,-3760.0,0.699999988079071,80.0
17020,3810.0,0.6499999761581421,80.0,-3610.0,0.75,80.0
17040,3800.0,0.6499999761581421,80.0,-3610.0,0.75,100.0
17060,3800.0,0.75,80.0,-3640.0,0.699999988079071,80.0
17080,3670.0,0.6499999761581421,80.0,-3620.0,0.75,80.0
17100,3760.0,0.6000000238418579,80.0,-3700.0,0.699999988079071,80.0
17120,3760.0,0.699999988079071,80.0,-3620.0,0.699999988079071,80.0
17140,3650.0,0.6000000238418579,80.0,-3650.0,0.6499999761581421,80.0
17160,3630.0,0.6499999761581421,80.0,-3620.0,0.800000011920929,80.0
17180,3800.0,0.6499999761581421,80.0,-3590.0,0.75,80.0
17200,3800.0,0.699999988079071,80.0,-3670.0,0.800000011920929,80.0
17220,3770.0,0.699999988079071,80.0,-3740.0,0.75,80.0
17240,3840.0,0.6000000238418579,80.0,-3640.0,0.75,100.0
17260,3970.0,0.6499999761581421,80.0,-3750.0,0.75,80.0
17280,3930.0,0.6499999761581421,80.0,-3670.0,0.699999988079071,80.0
17300,3990.0,0.699999988079071,80.0,-3650.0,0.699999988079071,80.0
17320,4040.0,0.699999988079071,80.0,-3560.0,0.699999988079071,80.0
17340,3970.0,0.75,80.0,-3600.0,0.699999988079071,80.0
17360,3820.0,0.699999988079071,80.0,-3690.0,0.75,80.0
17380,3970.0,0.75,80.0,-3710.0,0.699999988079071,80.0
17400,3970.0,0.6499999761581421,80.0,-3750.0,0.699999988079071,80.0
17420,3850.0,0.699999988079071,80.0,-3730.0,0.6499999761581421,80.0
17440,3690.0,0.6499999761581421,80.0,-3690.0,0.6499999761581421,80.0
17460,3740.0,0.699999988079071,80.0,-3600.0,0.75,100.0
17480,3740.0,0.6499999761581421,80.0,-3580.0,0.6499999761581421,80.0
17500,3710.0,0.75,80.0,-3730.0,0.75,80.0
17520,3690.0,0.6499999761581421,80.0,-3610.0,0.699999988079071,80.0
17540,3770.0,0.550000011920929,80.0,-3700.0,0.6499999761581421,80.0
17560,3910.0,0.6499999761581421,80.0,-3650.0,0.699999988079071,100.0
17580,3970.0,0.6000000238418579,80.0,-3650.0,0.6499999761581421,80.0
17600,3940.0,0.6499999761581421,80.0,-3740.0,0.699999988079071,80.0
17620,3960.0,0.6499999761581421,80.0,-3710.0,0.6499999761581421,80.0
17640,3940.0,0.6000000238418579,80.0,-3690.0,0.6499999761581421,80.0
17660,3890.0,0.699999988079071,80.0,-3710.0,0.699999988079071,80.0
17680,3930.0,0.699999988079071,80.0,-3800.0,0.6499999761581421,80.0
17700,3920.0,0.6499999761581421,80.0,-3880.0,0.6499999761581421,80.0
17720,3930.0,0.6499999761581421,80.0,-3890.0,0.699999988079071,80.0
17740,3890.0,0.6000000238418579,80.0,-3850.0,0.699999988079071,100.0
17760,3880.0,0.6499999761581421,80.0,-3830.0,0.800000011920929,100.0
17780,3880.0,0.6000000238418579,80.0,-3700.0,0.699999988079071,80.0
17800,3830.0,0.6499999761581421,80.0,-3770.0,0.699999988079071,100.0
17820,3890.0,0.6499999761581421,80.0,-3730.0,0.699999988079071,80.0
17840,3880.0,0.6000000238418579,80.0,-3680.0,0.6000000238418579,80.0
17860,3940.0,0.6000000238418579,80.0,-3780.0,0.699999988079071,80.0
17880,3840.0,0.6499999761581421,80.0,-3650.0,0.6499999761581421,80.0
17900,3880.0,0.6000000238418579,80.0,-3730.0,0.6499999761581421,80.0
17920,3800.0,0.6000000238418579,80.0,-3790.0,0.699999988079071,80.0
17940,3770.0,0.6000000238418579,80.0,-3640.0,0.6499999761581421,80.0
17960,3730.0,0.6000000238418579,80.0,-3720.0,0.6499999761581421,80.0
17980,3710.0,0.6000000238418579,80.0,-3670.0,0.6499999761581421,80.0
18000,3790.0,0.6000000238418579,80.0,-3810.0,0.75,80.0
18020,3820.0,0.6499999761581421,80.0,-3770.0,0.699999988079071,80.0
18040,3820.0,0.6499999761581421,80.0,-3660.0,0.6499999761581421,80.0
18060,3720.0,0.699999988079071,60.0,-3670.0,0.6000000238418579,80.0
18080,3760.0,0.550000011920929,80.0,-3620.0,0.6499999761581421,80.0
18100,3750.0,0.6000000238418579,80.0,-3770.0,0.6499999761581421,80.0
18120,3770.0,0.550000011920929,80.0,-3830.0,0.6000000238418579,80.0
18140,3870.0,0.6000000238418579,80.0,-3840.0,0.6499999761581421,80.0
18160,3850.0,0.6499999761581421,80.0,-3860.0,0.6000000238418579,80.0
18180,3990.0,0.6000000238418579,80.0,-3790.0,0.699999988079071,100.0
18200,3940.0,0.550000011920929,80.0,-3790.0,0.6499999761581421,80.0
18220,4030.0,0.6000000238418579,80.0,-3800.0,0.6499999761581421,100.0
18240,4040.0,0.6000000238418579,80.0,-3880.0,0.6499999761581421,80.0
18260,4140.0,0.6000000238418579,80.0,-3860.0,0.6000000238418579,80.0
18280,4100.0,0.6000000238418579,80.0,-3780.0,0.75,80.0
18300,4150.0,0.6000000238418579,80.0,-3870.0,0.6499999761581421,80.0
18320,4110.0,0.6000000238418579,80.0,-3840.0,0.6000000238418579,80.0
18340,4030.0,0.699999988079071,80.0,-3820.0,0.6499999761581421,80.0
18360,3950.0,0.6499999761581421,80.0,-3910.0,0.6499999761581421,80.0
18380,3860.0,0.6499999761581421,80.0,-3840.0,0.6499999761581421,100.0
18400,3830.0,0.5,80.0,-3890.0,0.6499999761581421,80.0
18420,3860.0,0.6000000238418579,80.0,-3800.0,0.6000000238418579,80.0
18440,3760.0,0.6000000238418579,80.0,-3810.0,0.6499999761581421,80.0
18460,3750.0,0.6000000238418579,80.0,-3760.0,0.6499999761581421,80.0
18480,3720.0,0.6000000238418579,80.0,-3700.0,0.6000000238418579,80.0
18500,3860.0,0.6000000238418579,80.0,-3720.0,0.6000000238418579,80.0
18520,3910.0,0.699999988079071,80.0,-3740.0,0.6499999761581421,80.0
18540,3720.0,0.6499999761581421,80.0,-3830.0,0.6499999761581421,80.0
18560,3780.0,0.5,80.0,-3810.0,0.6000000238418579,80.0
18580,3830.0,0.6000000238418579,80.0,-3750.0,0.6000000238418579,80.0
18600,3760.0,0.6000000238418579,80.0,-3800.0,0.6000000238418579,80.0
18620,3760.0,0.6000000238418579,80.0,-3760.0,0.699999988079071,80.0
18640,3720.0,0.550000011920929,80.0,-3790.0,0.6000000238418579,80.0
18660,3820.0,0.6000000238418579,80.0,-3830.0,0.6000000238418579,80.0
18680,3820.0,0.6000000238418579,80.0,-3830.0,0.6000000238418579,80.0
18700,3880.0,0.6000000238418579,80.0,-3750.0,0.6000000238418579,80.0
18720,3900.0,0.550000011920929,80.0,-3900.0,0.6499999761581421,80.0
18740,3890.0,0.550000011920929,80.0,-3990.0,0.699999988079071,80.0
18760,3850.0,0.550000011920929,80.0,-3890.0,0.6000000238418579,80.0
18780,3870.0,0.6499999761581421,80.0,-3820.0,0.6000000238418579,80.0
18800,3870.0,0.6499999761581421,80.0,-3890.0,0.550000011920929,80.0
18820,3890.0,0.6499999761581421,80.0,-3860.0,0.550000011920929,80.0
18840,4000.0,0.550000011920929,80.0,-3910.0,0.6000000238418579,80.0
18860,3900.0,0.550000011920929,80.0,-3870.0,0.550000011920929,80.0
18880,3960.0,0.6000000238418579,80.0,-3810.0,0.6000000238418579,80.0
18900,3870.0,0.550000011920929,80.0,-3890.0,0.6000000238418579,80.0
18920,3950.0,0.6000000238418579,80.0,-3970.0,0.550000011920929,80.0
18940,3960.0,0.550000011920929,80.0,-3880.0,0.6000000238418579,80.0
18960,3880.0,0.550000011920929,80.0,-3830.0,0.550000011920929,80.0
18980,3790.0,0.5,80.0,-3810.0,0.6000000238418579,80.0
19000,3750.0,0.5,80.0,-3890.0,0.550000011920929,80.0
19020,3700.0,0.6000000238418579,80.0,-3830.0,0.6499999761581421,80.0
19040,3720.0,0.550000011920929,80.0,-3760.0,0.6000000238418579,80.0
19060,3680.0,0.5,80.0,-3820.0,0.550000011920929,80.0
19080,3720.0,0.6000000238418579,80.0,-3710.0,0.550000011920929,80.0
19100,3770.0,0.5,80.0,-3840.0,0.550000011920929,80.0
19120,3830.0,0.6000000238418579,80.0,-3810.0,0.550000011920929,80.0
19140,3760.0,0.5,80.0,-3800.0,0.6000000238418579,80.0
19160,3740.0,0.5,80.0,-3920.0,0.550000011920929,80.0
19180,3690.0,0.550000011920929,80.0,-4010.0,0.6000000238418579,80.0
19200,3630.0,0.550000011920929,80.0,-3990.0,0.550000011920929,80.0
19220,3700.0,0.6000000238418579,80.0,-3840.0,0.550000011920929,80.0
19240,3660.0,0.75,80.0,-3850.0,0.6000000238418579,100.0
19260,3660.0,0.5,80.0,-3890.0,0.550000011920929,80.0
19280,3660.0,0.6000000238418579,80.0,-3780.0,0.550000011920929,80.0
19300,3810.0,0.5,80.0,-3950.0,0.6000000238418579,80.0
19320,3910.0,0.550000011920929,80.0,-3810.0,0.550000011920929,80.0
19340,3830.0,0.6499999761581421,80.0,-3760.0,0.550000011920929,80.0
19360,3930.0,0.5,80.0,-3730.0,0.6000000238418579,100.0
19380,3890.0,0.6499999761581421,80.0,-3670.0,0.550000011920929,80.0
19400,3850.0,0.550000011920929,80.0,-3590.0,0.550000011920929,80.0
19420,3810.0,0.699999988079071,80.0,-3500.0,0.6000000238418579,80.0
19440,3800.0,0.5,80.0,-3480.0,0.5,80.0
19460,3750.0,0.8999999761581421,60.0,-3510.0,0.6000000238418579,80.0
19480,3800.0,0.5,80.0,-3450.0,0.5,100.0
19500,3750.0,0.5,80.0,-3450.0,0.5,80.0
19520,3690.0,0.5,80.0,-3370.0,0.550000011920929,100.0
19540,3800.0,0.5,80.0,-3340.0,0.6499999761581421,80.0
19560,3860.0,0.5,80.0,-3420.0,0.550000011920929,100.0
19580,3840.0,0.550000011920929,80.0,-3440.0,0.5,80.0
19600,3890.0,0.8500000238418579,40.0,-3510.0,0.550000011920929,80.0
19620,3880.0,0.5,80.0,-3430.0,0.5,80.0
19640,3900.0,0.5,80.0,-3450.0,0.550000011920929,80.0
19660,4050.0,0.5,80.0,-3550.0,0.6000000238418579,100.0
19680,4090.0,0.550000011920929,80.0,-3490.0,0.550000011920929,80.0
19700,4070.0,0.5,80.0,-3660.0,0.5,80.0
19720,3940.0,0.550000011920929,80.0,-3720.0,0.5,80.0
19740,4070.0,0.5,80.0,-3720.0,0.5,80.0
19760,4230.0,0.5,80.0,-3800.0,0.5,80.0
19780,4210.0,0.550000011920929,80.0,-3800.0,0.5,80.0
19800,4180.0,0.5,80.0,-3770.0,0.550000011920929,80.0
19820,4120.0,0.5,80.0,-3750.0,0.5,80.0
19840,4160.0,0.550000011920929,80.0,-3680.0,0.5,80.0
19860,4110.0,0.5,80.0,-3680.0,0.5,80.0
19880,4040.0,0.5,80.0,-3650.0,0.6000000238418579,80.0
19900,4130.0,0.5,80.0,-3720.0,0.5,80.0
19920,4190.0,0.550000011920929,80.0,-3600.0,0.5,80.0
19940,4030.0,0.6000000238418579,80.0,-3590.0,0.5,80.0
19960,3990.0,0.5,80.0,-3680.0,0.5,80.0
19980,4080.0,0.5,80.0,-3540.0,0.5,100.0
20000,4190.0,0.5,80.0,-3590.0,0.5,80.0
20020,4210.0,0.5,80.0,-3530.0,0.6499999761581421,80.0
20040,4110.0,0.5,80.0,-3540.0,0.5,80.0
20060,4110.0,0.5,80.0,-3410.0,0.5,100.0
20080,4060.0,0.6499999761581421,80.0,-3500.0,0.5,80.0
20100,4090.0,0.5,80.0,-3550.0,0.5,80.0
20120,3970.0,0.5,80.0,-3430.0,0.6000000238418579,80.0
20140,3970.0,0.5,80.0,-3440.0,0.5,80.0
20160,3940.0,0.550000011920929,80.0,-3330.0,0.550000011920929,100.0
20180,3870.0,0.5,80.0,-3320.0,0.5,80.0
20200,3810.0,0.5,80.0,-3460.0,0.5,80.0
20220,3930.0,0.5,80.0,-3390.0,0.550000011920929,80.0
20240,3930.0,0.5,80.0,-3410.0,0.5,80.0
20260,3920.0,0.5,80.0,-3420.0,0.5,80.0
20280,4040.0,0.5,80.0,-3500.0,0.5,80.0
20300,4030.0,0.5,80.0,-3540.0,0.5,80.0
20320,3990.0,0.75,60.0,-3570.0,0.5,80.0
20340,4080.0,0.5,80.0,-3510.0,0.5,80.0
20360,4010.0,0.800000011920929,40.0,-3490.0,0.5,80.0
20380,3970.0,0.5,80.0,-3460.0,0.5,80.0
20400,3970.0,0.5,80.0,-3560.0,0.5,80.0
20420,3990.0,0.5,80.0,-3710.0,0.5,80.0
20440,4010.0,0.5,80.0,-3680.0,0.5,80.0
20460,3960.0,0.6499999761581421,60.0,-3590.0,0.5,80.0
20480,3930.0,0.550000011920929,80.0,-3460.0,0.5,80.0
20500,4000.0,0.550000011920929,80.0,-3450.0,0.5,80.0
20520,3970.0,0.8999999761581421,120.0,-3340.0,0.5,100.0
20540,4010.0,0.5,80.0,-3310.0,0.5,80.0
20560,4050.0,0.5,80.0,-3270.0,0.550000011920929,80.0
20580,3980.0,0.5,80.0,-3390.0,0.5,80.0
20600,4040.0,0.800000011920929,120.0,-3420.0,0.5,100.0
20620,4160.0,0.550000011920929,80.0,-3380.0,0.550000011920929,80.0
20640,4090.0,0.5,80.0,-3370.0,0.5,80.0
20660,3960.0,0.5,80.0,-3360.0,0.5,80.0
20680,3980.0,0.5,80.0,-3310.0,0.5,80.0
20700,3980.0,0.5,80.0,-3420.0,0.5,80.0
20720,3950.0,0.5,80.0,-3310.0,0.5,80.0
20740,3940.0,0.5,80.0,-3430.0,0.5,80.0
20760,3970.0,0.5,80.0,-3320.0,0.5,80.0
20780,3990.0,0.5,80.0,-3340.0,0.5,80.0
20800,4060.0,0.6499999761581421,80.0,-3480.0,0.5,80.0
20820,4160.0,0.5,80.0,-3420.0,0.550000011920929,80.0
20840,4240.0,0.5,80.0,-3430.0,0.5,80.0
20860,4240.0,0.5,80.0,-3330.0,0.6000000238418579,100.0
20880,4230.0,0.5,80.0,-3210.0,0.550000011920929,80.0
20900,4120.0,0.6499999761581421,80.0,-3230.0,0.5,80.0
20920,4130.0,0.5,80.0,-3210.0,0.5,80.0
20940,4000.0,0.5,80.0,-3350.0,0.5,80.0
20960,3960.0,0.75,100.0,-3300.0,0.550000011920929,80.0
20980,4090.0,0.5,80.0,-3270.0,0.550000011920929,80.0
21000,4170.0,0.5,80.0,-3340.0,0.5,80.0
21020,4240.0,0.5,80.0,-3280.0,0.5,80.0
21040,4190.0,0.5,80.0,-3320.0,0.5,80.0
21060,4140.0,0.5,80.0,-3340.0,0.550000011920929,80.0
21080,4180.0,0.5,80.0,-3200.0,0.5,100.0
21100,4250.0,0.550000011920929,80.0,-3300.0,0.5,80.0
21120,4250.0,0.5,80.0,-3260.0,0.5,80.0
21140,4180.0,0.5,80.0,-3350.0,0.5,80.0
21160,4120.0,0.5,80.0,-3300.0,0.5,100.0
21180,4120.0,0.5,80.0,-3210.0,0.5,100.0
21200,4100.0,0.5,80.0,-3300.0,0.5,80.0
21220,3980.0,0.6000000238418579,80.0,-3260.0,0.5,80.0
21240,3890.0,0.550000011920929,60.0,-3340.0,0.5,80.0
21260,3990.0,0.5,80.0,-3260.0,0.5,100.0
21280,4020.0,0.5,80.0,-3290.0,0.5,80.0
21300,3960.0,0.5,80.0,-3300.0,0.5,80.0
21320,4050.0,0.8500000238418579,20.0,-3390.0,0.5,80.0
21340,3990.0,0.5,80.0,-3540.0,0.5,80.0
21360,3980.0,0.5,80.0,-3520.0,0.5,80.0
21380,3960.0,0.5,80.0,-3400.0,0.5,80.0
21400,4000.0,0.5,80.0,-3280.0,0.5,80.0
21420,3970.0,0.5,80.0,-3260.0,0.5,80.0
21440,3900.0,0.550000011920929,80.0,-3290.0,0.550000011920929,80.0
21460,3990.0,0.5,80.0,-3410.0,0.5,80.0
21480,4000.0,0.5,80.0,-3290.0,0.5,80.0
21500,3960.0,0.5,80.0,-3430.0,0.5,100.0
21520,4060.0,0.5,80.0,-3320.0,0.5,100.0
21540,4230.0,0.5,80.0,-3350.0,0.5,80.0
21560,4200.0,0.5,80.0,-3470.0,0.5,80.0
21580,4280.0,0.5,80.0,-3380.0,0.5,100.0
21600,4330.0,0.550000011920929,80.0,-3510.0,0.5,100.0
21620,4190.0,0.949999988079071,40.0,-3490.0,0.5,80.0
21640,4120.0,0.5,80.0,-3530.0,0.5,80.0
21660,4160.0,0.800000011920929,80.0,-3500.0,0.5,80.0
21680,4140.0,0.699999988079071,80.0,-3520.0,0.5,80.0
21700,4140.0,0.5,80.0,-3580.0,0.5,100.0
21720,4130.0,0.5,80.0,-3480.0,0.5,80.0
21740,4130.0,0.6000000238418579,80.0,-3480.0,0.5,100.0
21760,4260.0,0.6499999761581421,80.0,-3460.0,0.5,80.0
21780,4250.0,0.699999988079071,80.0,-3410.0,0.5,80.0
21800,4170.0,0.5,80.0,-3410.0,0.5,80.0
21820,4130.0,0.550000011920929,80.0,-3390.0,0.5,80.0
21840,4290.0,0.5,80.0,-3300.0,0.5,100.0
21860,4390.0,0.5,80.0,-3410.0,0.5,80.0
21880,4370.0,0.5,80.0,-3350.0,0.5,80.0
21900,4400.0,0.5,80.0,-3370.0,0.5,80.0
21920,4350.0,0.5,80.0,-3310.0,0.550000011920929,80.0
21940,4250.0,0.6499999761581421,80.0,-3220.0,0.5,100.0
21960,4330.0,0.800000011920929,60.0,-3250.0,0.5,80.0
21980,4190.0,0.5,80.0,-3330.0,0.5,80.0
22000,4200.0,0.5,80.0,-3340.0,0.5,80.0
22020,4160.0,0.5,80.0,-3300.0,0.5,100.0
22040,4120.0,0.550000011920929,80.0,-3290.0,0.5,80.0
22060,4060.0,0.5,80.0,-3330.0,0.5,100.0
22080,4080.0,0.5,80.0,-3250.0,0.550000011920929,80.0
22100,4020.0,0.8999999761581421,20.0,-3330.0,0.5,80.0
22120,4080.0,0.5,80.0,-3400.0,0.6000000238418579,80.0
22140,4050.0,0.550000011920929,80.0,-3490.0,0.5,80.0
22160,4020.0,0.8500000238418579,60.0,-3580.0,0.5,80.0
22180,3940.0,0.5,80.0,-3540.0,0.550000011920929,80.0
22200,4020.0,0.5,80.0,-3490.0,0.5,80.0
22220,4040.0,0.5,80.0,-3510.0,0.5,80.0
22240,4120.0,0.550000011920929,80.0,-3530.0,0.5,80.0
22260,4100.0,0.5,80.0,-3430.0,0.550000011920929,80.0
22280,4040.0,0.5,80.0,-3470.0,0.5,80.0
22300,3920.0,0.5,80.0,-3500.0,0.550000011920929,80.0
22320,3890.0,0.5,80.0,-3520.0,0.6000000238418579,80.0
22340,3890.0,0.5,80.0,-3400.0,0.550000011920929,100.0
22360,4040.0,0.5,80.0,-3370.0,0.5,80.0
22380,4030.0,0.5,80.0,-3530.0,0.5,80.0
22400,3950.0,0.5,80.0,-3450.0,0.5,80.0
22420,3910.0,0.5,80.0,-3390.0,0.5,80.0
22440,3860.0,0.550000011920929,80.0,-3440.0,0.550000011920929,80.0
22460,3880.0,0.5,80.0,-3510.0,0.5,80.0
22480,3970.0,0.5,80.0,-3570.0,0.550000011920929,80.0
22500,3960.0,0.5,80.0,-3470.0,0.5,80.0
22520,4070.0,0.5,80.0,-3600.0,0.5,80.0
22540,4080.0,0.550000011920929,80.0,-3680.0,0.550000011920929,80.0
22560,4010.0,0.5,80.0,-3630.0,0.6000000238418579,80.0
22580,4110.0,0.75,80.0,-3650.0,0.5,80.0
22600,4070.0,0.6499999761581421,80.0,-3570.0,0.5,80.0
22620,4040.0,0.5,80.0,-3500.0,0.550000011920929,80.0
22640,4010.0,0.550000011920929,80.0,-3610.0,0.5,100.0
22660,4020.0,0.5,80.0,-3540.0,0.5,80.0
22680,4070.0,0.5,80.0,-3580.0,0.550000011920929,80.0
22700,4170.0,0.5,80.0,-3570.0,0.5,80.0
22720,4120.0,0.5,80.0,-3400.0,0.6499999761581421,100.0
22740,4020.0,0.5,80.0,-3520.0,0.550000011920929,80.0
22760,4050.0,0.5,80.0,-3370.0,0.5,100.0
22780,3970.0,0.550000011920929,80.0,-3450.0,0.5,100.0
22800,3950.0,0.550000011920929,80.0,-3420.0,0.6000000238418579,80.0
22820,3900.0,0.550000011920929,80.0,-3380.0,0.5,80.0
22840,3830.0,0.75,80.0,-3550.0,0.550000011920929,80.0
22860,3940.0,0.550000011920929,80.0,-3540.0,0.550000011920929,80.0
22880,4070.0,0.550000011920929,80.0,-3640.0,0.5,80.0
22900,4090.0,0.5,80.0,-3690.0,0.5,80.0
22920,4100.0,0.550000011920929,80.0,-3570.0,0.550000011920929,80.0
22940,4030.0,0.550000011920929,80.0,-3480.0,0.550000011920929,80.0
22960,3910.0,0.550000011920929,80.0,-3350.0,0.5,80.0
22980,3940.0,0.550000011920929,80.0,-3450.0,0.550000011920929,80.0
23000,4020.0,0.5,80.0,-3580.0,0.5,80.0
23020,3930.0,0.75,60.0,-3470.0,0.6000000238418579,100.0
23040,3870.0,0.6000000238418579,80.0,-3460.0,0.550000011920929,100.0
23060,3830.0,0.5,80.0,-3350.0,0.6000000238418579,80.0
23080,3790.0,0.5,80.0,-3420.0,0.5,80.0
23100,3740.0,0.5,80.0,-3440.0,0.550000011920929,80.0
23120,3900.0,0.550000011920929,80.0,-3340.0,0.5,100.0
23140,3930.0,0.6499999761581421,80.0,-3450.0,0.5,80.0
23160,3900.0,0.550000011920929,80.0,-3310.0,0.6000000238418579,80.0
23180,3940.0,0.6000000238418579,80.0,-3300.0,0.5,80.0
23200,3830.0,0.6499999761581421,80.0,-3390.0,0.5,80.0
23220,3880.0,0.5,80.0,-3330.0,0.550000011920929,80.0
23240,3820.0,0.5,80.0,-3460.0,0.5,80.0
23260,3810.0,0.550000011920929,80.0,-3360.0,0.6000000238418579,100.0
23280,3810.0,0.6000000238418579,80.0,-3380.0,0.6000000238418579,80.0
23300,3770.0,0.6000000238418579,80.0,-3570.0,0.550000011920929,80.0
23320,3670.0,0.5,80.0,-3460.0,0.5,80.0
23340,3760.0,0.5,80.0,-3480.0,0.550000011920929,80.0
23360,3700.0,0.5,80.0,-3470.0,0.5,80.0
23380,3810.0,0.5,80.0,-3400.0,0.6000000238418579,100.0
23400,3710.0,0.5,80.0,-3560.0,0.6000000238418579,80.0
23420,3850.0,0.6000000238418579,80.0,-3490.0,0.6000000238418579,100.0
23440,3840.0,0.6000000238418579,80.0,-3490.0,0.5,80.0
23460,3820.0,0.550000011920929,80.0,-3600.0,0.550000011920929,80.0
23480,3800.0,0.5,80.0,-3710.0,0.6000000238418579,80.0
23500,3860.0,0.5,80.0,-3690.0,0.6000000238418579,80.0
23520,3820.0,0.6000000238418579,80.0,-3800.0,0.550000011920929,80.0
23540,3810.0,0.5,80.0,-3910.0,0.6000000238418579,80.0
23560,3770.0,0.5,80.0,-3970.0,0.6000000238418579,80.0
23580,3790.0,0.6000000238418579,80.0,-3990.0,0.550000011920929,80.0
23600,3800.0,0.550000011920929,80.0,-3910.0,0.6000000238418579,80.0
23620,3780.0,0.550000011920929,80.0,-4020.0,0.550000011920929,80.0
23640,3860.0,0.5,80.0,-4100.0,0.550000011920929,80.0
23660,3790.0,0.6000000238418579,80.0,-4090.0,0.6499999761581421,80.0
23680,3780.0,0.550000011920929,80.0,-3960.0,0.550000011920929,80.0
23700,3650.0,0.550000011920929,80.0,-3930.0,0.550000011920929,80.0
23720,3780.0,0.550000011920929,80.0,-3980.0,0.550000011920929,80.0
23740,3750.0,0.6000000238418579,80.0,-3940.0,0.550000011920929,80.0
23760,3760.0,0.6000000238418579,80.0,-3790.0,0.6000000238418579,80.0
23780,3800.0,0.550000011920929,80.0,-3900.0,0.6000000238418579,80.0
23800,3860.0,0.6000000238418579,80.0,-3890.0,0.699999988079071,80.0
23820,3980.0,0.550000011920929,80.0,-3840.0,0.6000000238418579,80.0
23840,4040.0,0.6499999761581421,80.0,-3800.0,0.6499999761581421,80.0
23860,3960.0,0.6000000238418579,80.0,-3730.0,0.6499999761581421,80.0
23880,3820.0,0.6000000238418579,80.0,-3850.0,0.6000000238418579,80.0
23900,3740.0,0.550000011920929,80.0,-3790.0,0.75,100.0
23920,3630.0,0.6000000238418579,80.0,-3840.0,0.6000000238418579,80.0
23940,3650.0,0.550000011920929,80.0,-3930.0,0.6000000238418579,80.0
23960,3820.0,0.550000011920929,80.0,-3930.0,0.6000000238418579,80.0
23980,3830.0,0.550000011920929,80.0,-3800.0,0.699999988079071,80.0
24000,3780.0,0.6499999761581421,80.0,-3760.0,0.6499999761581421,80.0
24020,3690.0,0.6000000238418579,80.0,-3770.0,0.6499999761581421,80.0
24040,3760.0,0.5,80.0,-3850.0,0.6000000238418579,80.0
24060,3920.0,0.6000000238418579,80.0,-3910.0,0.6499999761581421,80.0
24080,3880.0,0.75,80.0,-3750.0,0.699999988079071,80.0
24100,4020.0,0.6000000238418579,80.0,-3700.0,0.6499999761581421,100.0
24120,4110.0,0.6000000238418579,80.0,-3590.0,0.699999988079071,100.0
24140,4070.0,0.550000011920929,80.0,-3690.0,0.699999988079071,80.0
24160,3960.0,0.550000011920929,80.0,-3770.0,0.6499999761581421,80.0
24180,3970.0,0.6499999761581421,80.0,-3650.0,0.699999988079071,100.0
24200,3850.0,0.6000000238418579,80.0,-3670.0,0.6000000238418579,80.0
24220,3750.0,0.550000011920929,80.0,-3690.0,0.699999988079071,100.0
24240,3790.0,0.6000000238418579,80.0,-3680.0,0.699999988079071,100.0
24260,3870.0,0.6000000238418579,80.0,-3740.0,0.699999988079071,80.0
24280,3850.0,0.6000000238418579,80.0,-3720.0,0.6499999761581421,80.0
24300,3760.0,0.6499999761581421,80.0,-3660.0,0.6499999761581421,80.0
24320,3750.0,0.6499999761581421,80.0,-3720.0,0.6000000238418579,80.0
24340,3860.0,0.550000011920929,80.0,-3590.0,0.6499999761581421,80.0
24360,3830.0,0.6000000238418579,80.0,-3670.0,0.6000000238418579,80.0
24380,3800.0,0.699999988079071,80.0,-3710.0,0.6000000238418579,80.0
24400,3870.0,0.6000000238418579,80.0,-3640.0,0.699999988079071,80.0
24420,3830.0,0.6000000238418579,80.0,-3770.0,0.699999988079071,80.0
24440,3880.0,0.6499999761581421,80.0,-3590.0,0.699999988079071,100.0
24460,3800.0,0.6499999761581421,80.0,-3660.0,0.6499999761581421,80.0
24480,3830.0,0.6000000238418579,80.0,-3680.0,0.699999988079071,80.0
24500,3770.0,0.6499999761581421,80.0,-3800.0,0.699999988079071,80.0
24520,3710.0,0.6000000238418579,80.0,-3850.0,0.75,80.0
24540,3710.0,0.6499999761581421,80.0,-3850.0,0.8500000238418579,100.0
24560,3840.0,0.6499999761581421,80.0,-3680.0,0.699999988079071,80.0
24580,3780.0,0.6499999761581421,80.0,-3690.0,0.75,80.0
24600,3750.0,0.6000000238418579,80.0,-3700.0,0.699999988079071,80.0
24620,3780.0,0.699999988079071,80.0,-3660.0,0.6499999761581421,100.0
24640,3920.0,0.6000000238418579,80.0,-3740.0,0.699999988079071,80.0
24660,3960.0,0.699999988079071,80.0,-3740.0,0.800000011920929,80.0
24680,3960.0,0.6499999761581421,80.0,-3740.0,0.699999988079071,80.0
24700,3920.0,0.6499999761581421,80.0,-3730.0,0.6499999761581421,80.0
24720,3950.0,0.6499999761581421,80.0,-3780.0,0.75,80.0
24740,3900.0,0.6499999761581421,80.0,-3820.0,0.6499999761581421,80.0
24760,3880.0,0.6499999761581421,80.0,-3730.0,0.75,80.0
24780,3950.0,0.800000011920929,80.0,-3720.0,0.6499999761581421,80.0
24800,3960.0,0.6499999761581421,80.0,-3570.0,0.699999988079071,80.0
24820,3930.0,0.6000000238418579,80.0,-3700.0,0.6499999761581421,80.0
24840,3990.0,0.75,80.0,-3700.0,0.6499999761581421,80.0
24860,4010.0,0.699999988079071,80.0,-3640.0,0.800000011920929,80.0
24880,3880.0,0.6499999761581421,80.0,-3660.0,0.75,80.0
24900,3920.0,0.699999988079071,80.0,-3700.0,0.800000011920929,100.0
24920,3910.0,0.699999988079071,80.0,-3680.0,0.8500000238418579,100.0
24940,3900.0,0.6499999761581421,80.0,-3580.0,0.75,80.0
24960,3920.0,0.75,80.0,-3650.0,0.699999988079071,80.0
24980,3780.0,0.6499999761581421,80.0,-3750.0,0.800000011920929,80.0
25000,3790.0,0.800000011920929,60.0,-3730.0,0.75,80.0
25020,3790.0,0.699999988079071,80.0,-3620.0,0.800000011920929,80.0
25040,3780.0,0.6499999761581421,80.0,-3580.0,0.699999988079071,80.0
25060,3810.0,0.699999988079071,80.0,-3620.0,0.75,100.0
25080,3750.0,0.6499999761581421,80.0,-3620.0,0.699999988079071,80.0
25100,3730.0,0.75,100.0,-3540.0,0.699999988079071,80.0
25120,3850.0,0.699999988079071,80.0,-3580.0,0.6499999761581421,80.0
25140,3760.0,0.6499999761581421,80.0,-3640.0,0.75,80.0
25160,3830.0,0.75,80.0,-3540.0,0.800000011920929,100.0
25180,3770.0,0.6499999761581421,80.0,-3690.0,0.75,100.0
25200,3720.0,0.6499999761581421,80.0,-3540.0,0.75,100.0
25220,3660.0,0.75,80.0,-3620.0,0.6499999761581421,80.0
25240,3750.0,0.6499999761581421,80.0,-3660.0,0.800000011920929,80.0
25260,3730.0,0.699999988079071,80.0,-3590.0,0.699999988079071,80.0
25280,3600.0,0.75,80.0,-3670.0,0.8500000238418579,80.0
25300,3700.0,0.6499999761581421,80.0,-3570.0,0.75,80.0
25320,3730.0,0.75,80.0,-3510.0,0.75,80.0
25340,3810.0,0.6499999761581421,80.0,-3560.0,0.800000011920929,80.0
25360,3790.0,0.699999988079071,80.0,-3500.0,0.75,80.0
25380,3690.0,0.699999988079071,80.0,-3540.0,0.75,80.0
25400,3640.0,0.75,80.0,-3620.0,0.800000011920929,80.0
25420,3800.0,0.6499999761581421,80.0,-3640.0,0.699999988079071,80.0
25440,3780.0,0.699999988079071,80.0,-3640.0,0.800000011920929,100.0
25460,3880.0,0.75,80.0,-3670.0,0.75,80.0
25480,3770.0,0.75,80.0,-3780.0,0.8500000238418579,80.0
25500,3630.0,0.75,80.0,-3790.0,0.8999999761581421,80.0
25520,3730.0,0.699999988079071,80.0,-3680.0,0.75,80.0
25540,3720.0,0.699999988079071,80.0,-3840.0,0.8500000238418579,80.0
25560,3710.0,0.699999988079071,80.0,-3860.0,0.8500000238418579,80.0
25580,3720.0,0.699999988079071,80.0,-3820.0,0.8999999761581421,80.0
25600,3790.0,0.699999988079071,80.0,-3780.0,0.8500000238418579,80.0
25620,3800.0,0.699999988079071,80.0,-3810.0,0.75,80.0
25640,3760.0,0.6499999761581421,80.0,-3910.0,0.75,80.0
25660,3800.0,0.699999988079071,80.0,-3760.0,0.75,80.0
25680,3780.0,0.75,80.0,-3740.0,0.8999999761581421,80.0
25700,3750.0,0.699999988079071,80.0,-3880.0,0.8500000238418579,100.0
25720,3870.0,0.699999988079071,80.0,-3950.0,0.800000011920929,80.0
25740,3790.0,0.699999988079071,80.0,-3840.0,0.75,80.0
25760,3770.0,0.699999988079071,80.0,-3900.0,0.699999988079071,80.0
25780,3740.0,0.699999988079071,80.0,-3870.0,0.8500000238418579,80.0
25800,3680.0,0.699999988079071,80.0,-3850.0,0.75,80.0
25820,3740.0,0.699999988079071,80.0,-3760.0,0.800000011920929,80.0
25840,3850.0,0.699999988079071,80.0,-3840.0,0.75,80.0
25860,3740.0,0.699999988079071,80.0,-3820.0,0.8500000238418579,80.0
25880,3800.0,0.6499999761581421,80.0,-3800.0,0.800000011920929,80.0
25900,3860.0,0.699999988079071,80.0,-3840.0,0.8500000238418579,80.0
25920,3840.0,0.699999988079071,80.0,-3830.0,0.800000011920929,80.0
25940,3860.0,0.75,80.0,-3780.0,0.8500000238418579,80.0
25960,3810.0,0.800000011920929,80.0,-3800.0,0.800000011920929,80.0
25980,3860.0,0.75,80.0,-3900.0,0.8999999761581421,80.0
26000,3820.0,0.699999988079071,80.0,-3780.0,0.8999999761581421,80.0
26020,3830.0,0.75,80.0,-3780.0,0.8500000238418579,80.0
26040,3910.0,0.75,80.0,-3790.0,0.800000011920929,80.0
26060,3830.0,0.75,80.0,-3820.0,0.800000011920929,80.0
26080,3880.0,0.75,80.0,-3840.0,0.800000011920929,100.0
26100,3810.0,0.699999988079071,80.0,-3820.0,0.800000011920929,80.0
26120,3860.0,0.699999988079071,80.0,-3890.0,0.800000011920929,100.0
26140,3870.0,0.699999988079071,80.0,-3810.0,0.800000011920929,80.0
26160,3770.0,0.75,80.0,-3870.0,0.800000011920929,80.0
26180,3680.0,0.6499999761581421,80.0,-3790.0,0.800000011920929,80.0
26200,3610.0,0.75,80.0,-3770.0,0.800000011920929,80.0
26220,3650.0,0.699999988079071,80.0,-3770.0,0.800000011920929,80.0
26240,3790.0,0.699999988079071,80.0,-3740.0,0.800000011920929,80.0
26260,3780.0,0.75,80.0,-3740.0,0.8500000238418579,80.0
26280,3760.0,0.75,80.0,-3790.0,0.8500000238418579,80.0
26300,3740.0,0.75,80.0,-3770.0,0.800000011920929,80.0
26320,3880.0,0.800000011920929,80.0,-3800.0,0.800000011920929,80.0
26340,3900.0,0.800000011920929,80.0,-3740.0,0.8500000238418579,80.0
26360,3920.0,0.800000011920929,80.0,-3880.0,0.8999999761581421,100.0
26380,3850.0,0.75,80.0,-3840.0,0.8999999761581421,80.0
26400,3850.0,0.699999988079071,80.0,-3850.0,0.800000011920929,80.0
26420,3820.0,0.75,80.0,-3730.0,0.8500000238418579,80.0
26440,3830.0,0.75,80.0,-3780.0,0.800000011920929,80.0
26460,3710.0,0.75,80.0,-3770.0,0.8500000238418579,80.0
26480,3760.0,0.75,80.0,-3830.0,0.8999999761581421,80.0
26500,3800.0,0.75,80.0,-3750.0,0.8500000238418579,80.0
26520,3730.0,0.75,80.0,-3710.0,0.8500000238418579,80.0
26540,3690.0,0.75,80.0,-3800.0,0.800000011920929,80.0
26560,3730.0,0.699999988079071,80.0,-3850.0,0.949999988079071,100.0
26580,3870.0,0.75,80.0,-3810.0,0.8500000238418579,80.0
26600,3800.0,0.75,80.0,-3790.0,0.8500000238418579,80.0
26620,3700.0,0.8500000238418579,60.0,-3780.0,0.8999999761581421,80.0
26640,3700.0,0.699999988079071,80.0,-3770.0,0.800000011920929,80.0
26660,3820.0,0.800000011920929,80.0,-3800.0,0.8500000238418579,80.0
26680,3850.0,0.800000011920929,80.0,-3840.0,0.8500000238418579,80.0
26700,3900.0,0.800000011920929,80.0,-3850.0,0.8999999761581421,80.0
26720,3820.0,0.75,80.0,-3780.0,0.8500000238418579,80.0
26740,3780.0,0.800000011920929,80.0,-3700.0,0.8500000238418579,80.0
26760,3890.0,0.75,80.0,-3730.0,0.8999999761581421,100.0
26780,3860.0,0.8500000238418579,80.0,-3770.0,0.8500000238418579,80.0
26800,3880.0,0.800000011920929,80.0,-3750.0,0.8999999761581421,80.0
26820,3840.0,0.75,80.0,-3760.0,0.8500000238418579,80.0
26840,3840.0,0.800000011920929,80.0,-3690.0,0.8500000238418579,80.0
26860,3920.0,0.800000011920929,80.0,-3750.0,0.8500000238418579,80.0
26880,4000.0,0.8500000238418579,80.0,-3770.0,0.8500000238418579,100.0
26900,3900.0,0.800000011920929,80.0,-3730.0,0.8500000238418579,80.0
26920,3840.0,0.800000011920929,80.0,-3750.0,0.8999999761581421,80.0
26940,3850.0,0.800000011920929,80.0,-3690.0,0.8500000238418579,80.0
26960,3860.0,0.75,80.0,-3700.0,0.8500000238418579,80.0
26980,3830.0,0.800000011920929,80.0,-3700.0,0.8500000238418579,80.0
27000,3840.0,0.8500000238418579,80.0,-3700.0,0.8500000238418579,80.0
27020,3750.0,0.800000011920929,80.0,-3730.0,0.8500000238418579,80.0
27040,3810.0,0.800000011920929,80.0,-3760.0,0.8500000238418579,80.0
27060,3880.0,0.800000011920929,80.0,-3730.0,0.8500000238418579,80.0
27080,3900.0,0.800000011920929,80.0,-3720.0,0.8999999761581421,80.0
27100,3890.0,0.800000011920929,80.0,-3740.0,0.8500000238418579,80.0
27120,3890.0,0.8500000238418579,80.0,-3740.0,0.8999999761581421,80.0
27140,3740.0,0.800000011920929,80.0,-3720.0,0.8999999761581421,80.0
27160,3640.0,0.949999988079071,80.0,-3640.0,0.8999999761581421,100.0
27180,3740.0,0.8999999761581421,60.0,-3680.0,0.8999999761581421,100.0
27200,3850.0,0.8500000238418579,80.0,-3730.0,0.949999988079071,80.0
27220,3860.0,0.800000011920929,80.0,-3760.0,0.8500000238418579,100.0
27240,3920.0,0.8999999761581421,60.0,-3670.0,0.8999999761581421,100.0
27260,3890.0,0.800000011920929,80.0,-3700.0,0.949999988079071,120.0
27280,3860.0,0.800000011920929,80.0,-3720.0,0.8500000238418579,80.0
27300,3850.0,0.8500000238418579,80.0,-3680.0,0.8500000238418579,80.0
27320,3830.0,0.75,80.0,-3740.0,0.8999999761581421,80.0
27340,3860.0,0.8500000238418579,80.0,-3700.0,0.8999999761581421,80.0
27360,3880.0,0.800000011920929,80.0,-3710.0,0.8999999761581421,80.0
27380,3800.0,0.8999999761581421,60.0,-3770.0,0.8999999761581421,80.0
27400,3740.0,0.8500000238418579,60.0,-3750.0,0.8500000238418579,80.0
27420,3750.0,0.8500000238418579,80.0,-3780.0,0.8999999761581421,80.0
27440,3780.0,0.8500000238418579,80.0,-3760.0,0.949999988079071,60.0
27460,3770.0,0.800000011920929,80.0,-3660.0,0.8999999761581421,80.0
27480,3640.0,0.800000011920929,80.0,-3760.0,0.949999988079071,80.0
27500,3560.0,0.800000011920929,80.0,-3710.0,0.949999988079071,80.0
27520,3580.0,0.800000011920929,80.0,-3810.0,0.949999988079071,80.0
27540,3690.0,0.800000011920929,80.0,-3710.0,0.8999999761581421,80.0
27560,3680.0,0.800000011920929,80.0,-3660.0,0.8999999761581421,100.0
27580,3770.0,0.8500000238418579,80.0,-3740.0,0.8999999761581421,80.0
27600,3690.0,0.8500000238418579,80.0,-3700.0,0.8500000238418579,80.0
27620,3720.0,0.800000011920929,80.0,-3670.0,0.8999999761581421,80.0
27640,3720.0,0.949999988079071,40.0,-3690.0,0.8500000238418579,80.0
27660,3740.0,0.8500000238418579,80.0,-3680.0,0.8999999761581421,80.0
27680,3720.0,0.8999999761581421,60.0,-3700.0,0.8999999761581421,80.0
27700,3760.0,0.8999999761581421,80.0,-3660.0,0.8999999761581421,100.0
27720,3880.0,0.949999988079071,80.0,-3710.0,0.8999999761581421,80.0
27740,3870.0,0.8999999761581421,80.0,-3710.0,0.8999999761581421,100.0
27760,3960.0,0.949999988079071,60.0,-3680.0,0.8999999761581421,80.0
27780,3870.0,0.8500000238418579,60.0,-3730.0,0.8999999761581421,100.0
27800,3850.0,0.8999999761581421,60.0,-3730.0,0.8999999761581421,80.0
27820,3890.0,0.8999999761581421,60.0,-3790.0,0.8999999761581421,100.0
27840,3820.0,0.8500000238418579,80.0,-3780.0,0.8999999761581421,100.0
27860,3810.0,0.8999999761581421,60.0,-3650.0,0.8999999761581421,100.0
27880,3810.0,0.8500000238418579,80.0,-3700.0,0.8999999761581421,80.0
27900,3820.0,0.8500000238418579,80.0,-3740.0,0.8999999761581421,80.0
27920,3770.0,0.8500000238418579,60.0,-3760.0,0.8500000238418579,100.0
27940,3710.0,0.8500000238418579,80.0,-3750.0,0.8999999761581421,60.0
27960,3700.0,0.800000011920929,60.0,-3720.0,0.8999999761581421,80.0
27980,3720.0,0.8999999761581421,20.0,-3670.0,0.949999988079071,80.0
28000,3780.0,0.8999999761581421,60.0,-3710.0,0.8999999761581421,80.0
28020,3840.0,0.8500000238418579,60.0,-3720.0,0.8500000238418579,100.0
28040,3890.0,0.949999988079071,20.0,-3670.0,0.8999999761581421,80.0
28060,3890.0,0.8500000238418579,80.0,-3720.0,0.8999999761581421,100.0
28080,3950.0,0.949999988079071,60.0,-3680.0,0.8999999761581421,80.0
28100,3920.0,0.949999988079071,40.0,-3660.0,0.8999999761581421,80.0
28120,3940.0,0.8999999761581421,80.0,-3680.0,0.8999999761581421,100.0
28140,3920.0,0.8500000238418579,80.0,-3690.0,0.8999999761581421,80.0
28160,3910.0,0.8500000238418579,80.0,-3680.0,0.949999988079071,60.0
28180,3950.0,0.949999988079071,100.0,-3720.0,0.949999988079071,80.0
28200,3820.0,0.8500000238418579,80.0,-3660.0,0.8999999761581421,80.0
28220,3740.0,0.949999988079071,100.0,-3640.0,0.8999999761581421,80.0
28240,3780.0,1.0,0.0,-3710.0,0.949999988079071,60.0
28260,3750.0,0.8500000238418579,80.0,-3660.0,0.8999999761581421,80.0
28280,3750.0,0.949999988079071,40.0,-3640.0,0.8999999761581421,60.0
28300,3790.0,0.8999999761581421,60.0,-3640.0,0.8999999761581421,80.0
28320,3760.0,0.8500000238418579,60.0,-3640.0,0.8999999761581421,80.0
28340,3810.0,0.949999988079071,60.0,-3620.0,0.949999988079071,80.0
28360,3830.0,0.949999988079071,120.0,-3670.0,0.949999988079071,80.0
28380,3800.0,0.8999999761581421,80.0,-3690.0,0.949999988079071,60.0
28400,3780.0,0.8500000238418579,80.0,-3670.0,0.949999988079071,80.0
28420,3760.0,0.949999988079071,60.0,-3660.0,0.8999999761581421,80.0
28440,3840.0,0.949999988079071,100.0,-3590.0,0.8999999761581421,80.0
28460,3870.0,0.949999988079071,40.0,-3590.0,0.8999999761581421,80.0
28480,3820.0,0.949999988079071,140.0,-3680.0,0.949999988079071,100.0
28500,3900.0,0.949999988079071,80.0,-3630.0,0.8999999761581421,80.0
28520,3890.0,0.8999999761581421,80.0,-3620.0,0.8999999761581421,80.0
28540,3950.0,0.949999988079071,80.0,-3600.0,0.8999999761581421,80.0
28560,3800.0,0.8500000238418579,80.0,-3570.0,0.8999999761581421,100.0
28580,3880.0,0.8999999761581421,60.0,-3670.0,0.8999999761581421,100.0
28600,3850.0,0.8999999761581421,60.0,-3560.0,0.949999988079071,100.0
28620,3900.0,0.949999988079071,140.0,-3610.0,0.8999999761581421,80.0
28640,3850.0,0.949999988079071,60.0,-3630.0,0.8999999761581421,80.0
28660,3830.0,0.8500000238418579,60.0,-3560.0,0.949999988079071,80.0
28680,3740.0,0.8500000238418579,80.0,-3550.0,0.8999999761581421,100.0
28700,3850.0,0.8999999761581421,60.0,-3540.0,0.8999999761581421,80.0
28720,3680.0,0.949999988079071,60.0,-3590.0,0.8999999761581421,80.0
28740,3800.0,0.8999999761581421,60.0,-3530.0,0.8999999761581421,80.0
28760,3750.0,0.8999999761581421,60.0,-3580.0,0.8999999761581421,100.0
28780,3890.0,0.8999999761581421,60.0,-3660.0,0.8999999761581421,80.0
28800,3930.0,0.949999988079071,20.0,-3590.0,0.8999999761581421,100.0
28820,3890.0,0.8999999761581421,60.0,-3540.0,0.949999988079071,120.0
28840,3950.0,0.8999999761581421,40.0,-3640.0,0.8999999761581421,80.0
28860,4020.0,0.8999999761581421,60.0,-3610.0,0.949999988079071,100.0
28880,3960.0,0.8999999761581421,40.0,-3650.0,0.8999999761581421,80.0
28900,4020.0,0.949999988079071,100.0,-3610.0,0.8999999761581421,100.0
28920,3970.0,0.8500000238418579,60.0,-3580.0,0.8999999761581421,80.0
28940,4010.0,0.8999999761581421,60.0,-3670.0,0.8999999761581421,100.0
28960,3960.0,0.949999988079071,80.0,-3640.0,0.8999999761581421,80.0
28980,3800.0,0.949999988079071,60.0,-3680.0,0.949999988079071,100.0
29000,3860.0,0.8500000238418579,60.0,-3640.0,0.8999999761581421,100.0
29020,3930.0,0.949999988079071,80.0,-3670.0,0.949999988079071,60.0
29040,3940.0,0.949999988079071,80.0,-3630.0,0.8999999761581421,80.0
29060,3740.0,0.8999999761581421,160.0,-3630.0,0.949999988079071,80.0
29080,3850.0,0.8500000238418579,60.0,-3680.0,0.8999999761581421,100.0
29100,3870.0,0.8500000238418579,60.0,-3640.0,0.949999988079071,60.0
29120,3950.0,0.949999988079071,60.0,-3600.0,0.8999999761581421,100.0
29140,3910.0,0.8500000238418579,60.0,-3690.0,0.8999999761581421,100.0
29160,3840.0,0.8999999761581421,80.0,-3620.0,0.949999988079071,80.0
29180,3930.0,0.8500000238418579,60.0,-3610.0,0.949999988079071,60.0
29200,3900.0,0.8500000238418579,60.0,-3610.0,0.949999988079071,60.0
29220,3810.0,0.8999999761581421,60.0,-3640.0,0.8999999761581421,80.0
29240,3870.0,0.949999988079071,80.0,-3630.0,0.8999999761581421,100.0
29260,3890.0,0.8500000238418579,60.0,-3650.0,0.8999999761581421,60.0
29280,3920.0,0.949999988079071,60.0,-3660.0,0.949999988079071,100.0
29300,3910.0,0.8999999761581421,80.0,-3610.0,0.8999999761581421,60.0
29320,3850.0,1.0,0.0,-3600.0,0.8999999761581421,100.0
29340,3710.0,0.949999988079071,40.0,-3670.0,0.949999988079071,80.0
29360,3650.0,0.8500000238418579,80.0,-3660.0,0.8999999761581421,80.0
29380,3510.0,0.8500000238418579,60.0,-3640.0,0.8999999761581421,100.0
29400,3620.0,0.8500000238418579,60.0,-3580.0,0.949999988079071,80.0
29420,3750.0,0.8999999761581421,40.0,-3660.0,0.949999988079071,80.0
29440,3720.0,0.8999999761581421,60.0,-3590.0,0.949999988079071,80.0
29460,3830.0,0.8999999761581421,40.0,-3630.0,0.949999988079071,80.0
29480,3800.0,0.8500000238418579,80.0,-3640.0,0.8999999761581421,100.0
29500,3920.0,0.949999988079071,100.0,-3590.0,0.8999999761581421,80.0
29520,3940.0,0.8999999761581421,40.0,-3690.0,0.8999999761581421,80.0
29540,3910.0,0.8500000238418579,60.0,-3610.0,0.949999988079071,100.0
29560,3890.0,0.8999999761581421,60.0,-3630.0,0.949999988079071,80.0
29580,3830.0,0.8999999761581421,60.0,-3650.0,0.8999999761581421,100.0
29600,3760.0,0.8999999761581421,60.0,-3610.0,0.949999988079071,80.0
29620,3790.0,0.8999999761581421,80.0,-3630.0,0.8999999761581421,80.0
29640,3850.0,0.8999999761581421,60.0,-3610.0,0.8999999761581421,100.0
29660,3830.0,0.949999988079071,60.0,-3610.0,0.8999999761581421,100.0
29680,3870.0,0.949999988079071,40.0,-3640.0,0.8999999761581421,60.0
29700,3850.0,0.949999988079071,20.0,-3590.0,0.949999988079071,100.0
29720,3940.0,0.949999988079071,120.0,-3640.0,0.949999988079071,80.0
29740,3910.0,0.8999999761581421,60.0,-3570.0,0.8999999761581421,100.0
29760,3880.0,0.949999988079071,80.0,-3630.0,0.949999988079071,120.0
29780,3920.0,0.6499999761581421,0.0,-3660.0,0.949999988079071,80.0
29800,,,,,,
29820,3920.0,0.8999999761581421,40.0,-3590.0,0.8500000238418579,100.0
29840,3900.0,0.8999999761581421,40.0,-3590.0,0.949999988079071,100.0
29860,3810.0,0.8999999761581421,60.0,-3560.0,0.8999999761581421,120.0
29880,3780.0,0.8999999761581421,60.0,-3540.0,0.8999999761581421,80.0
29900,3730.0,0.8500000238418579,60.0,-3610.0,0.949999988079071,80.0
29920,3790.0,0.8999999761581421,60.0,-3570.0,0.949999988079071,80.0
29940,3790.0,0.8500000238418579,20.0,-3570.0,0.8999999761581421,80.0
29960,3800.0,0.8999999761581421,20.0,-3560.0,0.8999999761581421,80.0
29980,3790.0,0.949999988079071,100.0,-3620.0,0.949999988079071,100.0
30000,3760.0,0.8999999761581421,60.0,-3640.0,0.949999988079071,80.0
30020,3900.0,0.8999999761581421,60.0,-3610.0,0.949999988079071,120.0
30040,3940.0,0.8999999761581421,60.0,-3650.0,0.8999999761581421,80.0
30060,3930.0,1.0,0.0,-3660.0,0.8999999761581421,80.0
30080,3950.0,0.8999999761581421,40.0,-3630.0,0.949999988079071,80.0
30100,3950.0,0.949999988079071,80.0,-3590.0,0.8999999761581421,80.0
30120,3830.0,0.8999999761581421,80.0,-3670.0,0.8999999761581421,120.0
30140,3780.0,0.8500000238418579,60.0,-3620.0,0.949999988079071,80.0
30160,3870.0,0.8999999761581421,60.0,-3650.0,0.8999999761581421,120.0
30180,3920.0,0.8500000238418579,20.0,-3560.0,0.949999988079071,100.0
30200,3810.0,0.8999999761581421,60.0,-3560.0,0.949999988079071,100.0
30220,3860.0,1.0,0.0,-3630.0,0.8999999761581421,100.0
30240,3930.0,0.8999999761581421,60.0,-3560.0,0.8999999761581421,100.0
30260,3890.0,0.8999999761581421,60.0,-3510.0,0.949999988079071,100.0
30280,3840.0,0.949999988079071,20.0,-3600.0,0.949999988079071,100.0
30300,3960.0,1.0,0.0,-3580.0,0.949999988079071,80.0
30320,3870.0,0.8999999761581421,60.0,-3610.0,0.949999988079071,100.0
30340,3930.0,0.8999999761581421,60.0,-3610.0,0.949999988079071,100.0
30360,3860.0,0.8999999761581421,40.0,-3560.0,0.949999988079071,100.0
30380,3990.0,0.8999999761581421,40.0,-3610.0,0.949999988079071,80.0
30400,3910.0,0.949999988079071,40.0,-3590.0,0.949999988079071,100.0
30420,3740.0,0.949999988079071,40.0,-3580.0,0.949999988079071,80.0
30440,3710.0,0.8500000238418579,20.0,-3660.0,0.8999999761581421,80.0
30460,3790.0,0.8999999761581421,60.0,-3570.0,0.949999988079071,100.0
30480,3790.0,0.949999988079071,80.0,-3570.0,0.949999988079071,80.0
30500,3930.0,0.949999988079071,60.0,-3590.0,0.949999988079071,100.0
30520,3880.0,0.8999999761581421,40.0,-3540.0,0.8999999761581421,80.0
30540,3900.0,0.949999988079071,60.0,-3630.0,0.8999999761581421,100.0
30560,3980.0,0.8999999761581421,80.0,-3560.0,0.949999988079071,140.0
30580,3990.0,0.8999999761581421,40.0,-3610.0,0.949999988079071,80.0
30600,4000.0,0.8999999761581421,100.0,-3610.0,0.8999999761581421,80.0
30620,3990.0,0.949999988079071,40.0,-3560.0,0.949999988079071,60.0
30640,3850.0,0.8999999761581421,20.0,-3620.0,0.949999988079071,80.0
30660,3710.0,0.949999988079071,40.0,-3630.0,0.949999988079071,60.0
30680,3790.0,0.949999988079071,60.0,-3610.0,0.949999988079071,80.0
30700,3710.0,0.8999999761581421,60.0,-3670.0,0.8999999761581421,120.0
30720,3790.0,0.949999988079071,20.0,-3570.0,0.949999988079071,120.0
30740,3830.0,0.949999988079071,60.0,-3590.0,1.0,0.0
30760,3690.0,0.949999988079071,60.0,-3620.0,0.8999999761581421,80.0
30780,3800.0,0.949999988079071,60.0,-3670.0,0.8999999761581421,100.0
30800,3850.0,0.8999999761581421,0.0,-3580.0,0.949999988079071,80.0
30820,3890.0,0.949999988079071,160.0,-3560.0,0.949999988079071,100.0
30840,3830.0,0.949999988079071,80.0,-3630.0,0.949999988079071,80.0
30860,3880.0,0.949999988079071,160.0,-3600.0,0.949999988079071,80.0
30880,3790.0,0.8999999761581421,60.0,-3660.0,0.949999988079071,100.0
30900,3890.0,0.8999999761581421,60.0,-3590.0,0.949999988079071,100.0
30920,3870.0,0.8999999761581421,60.0,-3670.0,0.949999988079071,100.0
30940,3960.0,0.8999999761581421,60.0,-3610.0,0.949999988079071,100.0
30960,3830.0,0.949999988079071,160.0,-3610.0,0.949999988079071,100.0
30980,3860.0,0.8999999761581421,60.0,-3570.0,1.0,60.0
31000,3890.0,0.949999988079071,60.0,-3640.0,0.949999988079071,80.0
31020,4030.0,0.949999988079071,0.0,-3650.0,0.949999988079071,100.0
31040,3920.0,0.949999988079071,20.0,-3640.0,0.949999988079071,100.0
31060,3840.0,0.949999988079071,20.0,-3590.0,0.949999988079071,80.0
31080,3890.0,0.949999988079071,40.0,-3590.0,0.949999988079071,100.0
31100,3890.0,0.949999988079071,40.0,-3640.0,0.949999988079071,60.0
31120,3830.0,0.949999988079071,0.0,-3560.0,0.8500000238418579,160.0
31140,3730.0,0.949999988079071,80.0,-3560.0,0.949999988079071,40.0
31160,3750.0,0.8500000238418579,60.0,-3520.0,0.949999988079071,120.0
31180,3780.0,0.949999988079071,0.0,-3600.0,0.949999988079071,120.0
31200,3760.0,0.949999988079071,40.0,-3660.0,0.949999988079071,80.0
31220,3790.0,0.949999988079071,60.0,-3600.0,0.949999988079071,80.0
31240,3830.0,0.8999999761581421,0.0,-3610.0,0.8999999761581421,140.0
31260,3860.0,0.949999988079071,60.0,-3600.0,0.949999988079071,100.0
31280,3900.0,0.949999988079071,80.0,-3590.0,0.949999988079071,80.0
31300,3810.0,0.949999988079071,40.0,-3680.0,0.8999999761581421,40.0
31320,3780.0,0.949999988079071,20.0,-3590.0,0.949999988079071,100.0
31340,3850.0,0.949999988079071,40.0,-3600.0,0.949999988079071,100.0
31360,3810.0,0.8999999761581421,60.0,-3610.0,0.949999988079071,120.0
31380,3790.0,0.949999988079071,120.0,-3620.0,0.949999988079071,100.0
31400,3840.0,0.8999999761581421,60.0,-3610.0,0.8500000238418579,100.0
31420,3810.0,0.8999999761581421,40.0,-3660.0,0.949999988079071,120.0
31440,3740.0,0.8999999761581421,60.0,-3590.0,0.8999999761581421,140.0
31460,3730.0,0.8999999761581421,60.0,-3620.0,0.8999999761581421,100.0
31480,3840.0,0.949999988079071,40.0,-3560.0,0.949999988079071,100.0
31500,3860.0,0.949999988079071,40.0,-3500.0,0.949999988079071,80.0
31520,3850.0,0.949999988079071,60.0,-3500.0,0.8999999761581421,120.0
31540,3830.0,0.8999999761581421,0.0,-3590.0,0.949999988079071,80.0
31560,3840.0,1.0,0.0,-3500.0,0.8999999761581421,120.0
31580,3840.0,0.949999988079071,40.0,-3580.0,0.949999988079071,60.0
31600,3800.0,0.949999988079071,60.0,-3510.0,0.949999988079071,100.0
31620,3770.0,0.949999988079071,60.0,-3520.0,0.8999999761581421,120.0
31640,3820.0,0.949999988079071,60.0,-3630.0,0.8999999761581421,100.0
31660,3830.0,0.8999999761581421,40.0,-3610.0,0.949999988079071,100.0
31680,3710.0,0.949999988079071,100.0,-3640.0,0.949999988079071,120.0
31700,3770.0,0.8999999761581421,60.0,-3550.0,0.8999999761581421,160.0
31720,3770.0,0.8999999761581421,60.0,-3600.0,0.949999988079071,120.0
31740,3770.0,0.8500000238418579,40.0,-3630.0,0.8999999761581421,100.0
31760,3780.0,0.8999999761581421,60.0,-3570.0,0.949999988079071,100.0
31780,3750.0,0.8999999761581421,60.0,-3580.0,0.949999988079071,120.0
31800,3740.0,0.949999988079071,40.0,-3520.0,0.949999988079071,140.0
31820,3800.0,0.8999999761581421,60.0,-3600.0,0.949999988079071,140.0
31840,3750.0,0.949999988079071,60.0,-3520.0,0.949999988079071,120.0
31860,3750.0,0.8999999761581421,60.0,-3560.0,0.949999988079071,140.0
31880,3830.0,0.949999988079071,80.0,-3530.0,0.8999999761581421,100.0
31900,3790.0,0.949999988079071,20.0,-3540.0,0.949999988079071,80.0
31920,3840.0,0.8999999761581421,40.0,-3620.0,0.949999988079071,80.0
31940,3860.0,0.8999999761581421,40.0,-3500.0,0.949999988079071,80.0
31960,3860.0,0.949999988079071,80.0,-3560.0,0.949999988079071,100.0
31980,3760.0,0.949999988079071,60.0,-3610.0,0.949999988079071,140.0
32000,3790.0,0.949999988079071,60.0,-3530.0,0.949999988079071,120.0
32020,3830.0,0.8999999761581421,60.0,-3570.0,0.8999999761581421,100.0
32040,3740.0,0.949999988079071,60.0,-3530.0,0.949999988079071,80.0
32060,3700.0,0.8999999761581421,40.0,-3590.0,0.949999988079071,120.0
32080,3690.0,0.949999988079071,60.0,-3570.0,0.8500000238418579,120.0
32100,3830.0,0.949999988079071,40.0,-3520.0,0.949999988079071,80.0
32120,3740.0,0.949999988079071,20.0,-3550.0,0.949999988079071,120.0
32140,3740.0,0.8999999761581421,40.0,-3560.0,0.8500000238418579,120.0
32160,3720.0,0.949999988079071,60.0,-3600.0,0.949999988079071,140.0
32180,3740.0,0.8999999761581421,60.0,-3600.0,0.949999988079071,100.0
32200,3690.0,0.949999988079071,40.0,-3560.0,0.949999988079071,100.0
32220,3750.0,0.8999999761581421,60.0,-3530.0,0.949999988079071,100.0
32240,3690.0,0.949999988079071,0.0,-3660.0,1.0,0.0
32260,3800.0,0.949999988079071,60.0,-3560.0,0.949999988079071,100.0
32280,3790.0,0.8999999761581421,40.0,-3570.0,0.949999988079071,120.0
32300,3790.0,0.949999988079071,80.0,-3530.0,0.8999999761581421,100.0
32320,3800.0,0.949999988079071,160.0,-3600.0,1.0,0.0
32340,3820.0,0.949999988079071,20.0,-3580.0,0.949999988079071,140.0
32360,3780.0,0.8999999761581421,20.0,-3600.0,0.949999988079071,100.0
32380,3720.0,0.949999988079071,80.0,-3620.0,0.949999988079071,80.0
32400,3740.0,0.949999988079071,40.0,-3610.0,1.0,0.0
32420,3830.0,0.8500000238418579,20.0,-3590.0,0.949999988079071,80.0
32440,3770.0,0.949999988079071,80.0,-3530.0,0.949999988079071,120.0
32460,3720.0,0.949999988079071,60.0,-3590.0,0.949999988079071,60.0
32480,3730.0,0.949999988079071,60.0,-3540.0,0.949999988079071,100.0
32500,3780.0,0.8999999761581421,20.0,-3530.0,0.8999999761581421,100.0
32520,3720.0,0.8999999761581421,60.0,-3490.0,0.8999999761581421,80.0
32540,3730.0,0.949999988079071,40.0,-3600.0,0.949999988079071,100.0
32560,3770.0,0.949999988079071,100.0,-3650.0,0.949999988079071,80.0
32580,3840.0,0.949999988079071,60.0,-3620.0,0.949999988079071,120.0
32600,3720.0,0.949999988079071,20.0,-3500.0,0.949999988079071,100.0
32620,3680.0,0.949999988079071,40.0,-3550.0,0.800000011920929,100.0
32640,3670.0,0.8999999761581421,60.0,-3580.0,1.0,0.0
32660,3670.0,0.949999988079071,60.0,-3620.0,0.5,0.0
32680,3810.0,0.949999988079071,100.0,-3600.0,0.8999999761581421,140.0
32700,3740.0,1.0,0.0,-3570.0,0.949999988079071,100.0
32720,3710.0,1.0,0.0,-3550.0,1.0,0.0
32740,3760.0,0.949999988079071,60.0,-3560.0,0.949999988079071,120.0
32760,3740.0,0.949999988079071,80.0,-3540.0,0.8999999761581421,0.0
32780,3780.0,0.949999988079071,60.0,-3590.0,0.949999988079071,0.0
32800,3830.0,0.949999988079071,60.0,-3550.0,0.949999988079071,100.0
32820,3860.0,0.949999988079071,40.0,-3490.0,0.949999988079071,140.0
32840,3710.0,0.949999988079071,60.0,-3610.0,0.8999999761581421,140.0
32860,3670.0,0.949999988079071,40.0,-3590.0,0.949999988079071,100.0
32880,3790.0,0.949999988079071,60.0,-3550.0,0.8999999761581421,100.0
32900,3770.0,0.949999988079071,80.0,-3620.0,0.949999988079071,80.0
32920,3770.0,0.949999988079071,60.0,-3540.0,0.8500000238418579,0.0
32940,3720.0,0.949999988079071,40.0,-3570.0,0.949999988079071,160.0
32960,3750.0,0.949999988079071,60.0,-3580.0,0.949999988079071,80.0
32980,3660.0,0.949999988079071,40.0,-3580.0,0.8999999761581421,20.0
33000,3710.0,1.0,0.0,-3550.0,0.949999988079071,100.0
33020,3780.0,0.949999988079071,60.0,-3510.0,0.8999999761581421,100.0
33040,3850.0,0.949999988079071,40.0,-3590.0,0.949999988079071,120.0
33060,3810.0,0.949999988079071,20.0,-3570.0,1.0,0.0
33080,3730.0,0.949999988079071,60.0,-3660.0,0.8500000238418579,20.0
33100,3790.0,0.949999988079071,60.0,-3650.0,0.949999988079071,100.0
33120,3750.0,0.949999988079071,40.0,-3580.0,0.8999999761581421,120.0
33140,3810.0,0.949999988079071,60.0,-3650.0,0.5,0.0
33160,3730.0,0.949999988079071,60.0,-3620.0,0.949999988079071,120.0
33180,3690.0,0.949999988079071,20.0,-3620.0,0.8999999761581421,100.0
33200,3800.0,0.949999988079071,60.0,-3610.0,0.949999988079071,100.0
33220,3790.0,0.949999988079071,40.0,-3600.0,0.949999988079071,120.0
33240,3670.0,0.949999988079071,40.0,-3560.0,1.0,0.0
33260,3700.0,0.949999988079071,40.0,-3600.0,0.949999988079071,100.0
33280,3660.0,0.949999988079071,80.0,-3560.0,0.8999999761581421,120.0
33300,3650.0,0.949999988079071,40.0,-3650.0,0.949999988079071,160.0
33320,3700.0,0.949999988079071,80.0,-3610.0,0.8999999761581421,140.0
33340,3760.0,0.949999988079071,20.0,-3550.0,0.949999988079071,20.0
33360,3740.0,0.8999999761581421,60.0,-3630.0,1.0,0.0
33380,3750.0,0.949999988079071,40.0,-3560.0,0.8999999761581421,140.0
33400,3770.0,0.8999999761581421,60.0,-3390.0,0.8999999761581421,120.0
33420,3810.0,0.949999988079071,40.0,-3460.0,0.949999988079071,120.0
33440,3710.0,1.0,120.0,-3540.0,0.8999999761581421,0.0
33460,3740.0,0.949999988079071,0.0,-3580.0,0.949999988079071,80.0
33480,3760.0,0.949999988079071,40.0,-3590.0,0.949999988079071,100.0
33500,3780.0,0.949999988079071,60.0,-3580.0,0.949999988079071,120.0
33520,3710.0,1.0,20.0,-3570.0,0.8999999761581421,120.0
33540,3730.0,0.949999988079071,80.0,-3470.0,0.8999999761581421,120.0
33560,3740.0,0.949999988079071,40.0,-3480.0,0.8999999761581421,120.0
33580,3790.0,0.949999988079071,60.0,-3560.0,0.949999988079071,120.0
33600,3710.0,0.949999988079071,40.0,-3560.0,0.949999988079071,140.0
33620,3750.0,0.949999988079071,40.0,-3540.0,0.949999988079071,80.0
33640,3780.0,0.949999988079071,40.0,-3530.0,0.8999999761581421,100.0
33660,3730.0,1.0,0.0,-3520.0,0.949999988079071,20.0
33680,3720.0,1.0,40.0,-3500.0,0.949999988079071,100.0
33700,3730.0,1.0,0.0,-3580.0,0.75,20.0
33720,3750.0,0.949999988079071,60.0,-3540.0,0.6499999761581421,0.0
33740,3780.0,0.949999988079071,40.0,-3540.0,0.8999999761581421,120.0
33760,3750.0,0.8999999761581421,40.0,-3560.0,0.949999988079071,160.0
33780,3740.0,1.0,0.0,-3600.0,0.8999999761581421,120.0
33800,3820.0,0.8999999761581421,60.0,-3550.0,0.949999988079071,140.0
33820,3780.0,0.949999988079071,60.0,-3640.0,0.800000011920929,20.0
33840,3660.0,0.949999988079071,60.0,-3540.0,0.8999999761581421,120.0
33860,3720.0,0.949999988079071,40.0,-3660.0,0.8999999761581421,20.0
33880,3830.0,0.8999999761581421,40.0,-3540.0,0.8999999761581421,120.0
33900,3890.0,0.8999999761581421,40.0,-3570.0,0.949999988079071,120.0
33920,3860.0,0.949999988079071,40.0,-3600.0,0.949999988079071,160.0
33940,3760.0,1.0,0.0,-3560.0,0.8999999761581421,140.0
33960,3740.0,0.949999988079071,40.0,-3530.0,0.949999988079071,100.0
33980,3770.0,0.949999988079071,60.0,-3540.0,1.0,0.0
34000,3740.0,0.949999988079071,80.0,-3570.0,0.949999988079071,140.0
34020,3760.0,1.0,20.0,-3550.0,0.949999988079071,120.0
34040,3780.0,0.949999988079071,60.0,-3610.0,0.949999988079071,140.0
34060,3760.0,0.949999988079071,60.0,-3510.0,0.949999988079071,80.0
34080,3740.0,0.8999999761581421,40.0,-3470.0,0.8999999761581421,120.0
34100,3700.0,1.0,0.0,-3600.0,0.949999988079071,100.0
34120,3760.0,0.949999988079071,60.0,-3570.0,0.6000000238418579,20.0
34140,3790.0,0.8999999761581421,40.0,-3620.0,0.8999999761581421,120.0
34160,3790.0,0.8999999761581421,40.0,-3620.0,0.8999999761581421,40.0
34180,3830.0,1.0,40.0,-3620.0,0.949999988079071,100.0
34200,3840.0,0.949999988079071,40.0,-3660.0,0.8999999761581421,80.0
34220,3820.0,0.8999999761581421,40.0,-3690.0,0.949999988079071,100.0
34240,3800.0,0.949999988079071,60.0,-3680.0,0.8500000238418579,20.0
34260,3750.0,0.8999999761581421,60.0,-3580.0,1.0,0.0
34280,3820.0,0.949999988079071,60.0,-3520.0,0.8999999761581421,120.0
34300,3800.0,0.949999988079071,40.0,-3480.0,0.6000000238418579,0.0
34320,3760.0,0.949999988079071,40.0,-3550.0,0.8999999761581421,120.0
34340,3760.0,0.949999988079071,60.0,-3500.0,0.8999999761581421,120.0
34360,3780.0,0.949999988079071,40.0,-3570.0,0.8999999761581421,120.0
34380,3760.0,0.949999988079071,40.0,-3500.0,1.0,0.0
34400,3830.0,0.949999988079071,40.0,-3600.0,0.949999988079071,80.0
34420,3800.0,0.949999988079071,0.0,-3630.0,0.5,0.0
34440,3740.0,0.949999988079071,60.0,-3610.0,0.949999988079071,80.0
34460,3820.0,0.949999988079071,20.0,-3580.0,0.8999999761581421,100.0
34480,3820.0,0.949999988079071,40.0,-3710.0,0.8999999761581421,120.0
34500,3790.0,0.949999988079071,60.0,-3710.0,0.949999988079071,80.0
34520,3740.0,0.8999999761581421,40.0,-3670.0,0.949999988079071,140.0
34540,3840.0,0.949999988079071,60.0,-3690.0,0.949999988079071,60.0
34560,3690.0,0.949999988079071,80.0,-3590.0,0.8999999761581421,120.0
34580,3780.0,0.8999999761581421,60.0,-3600.0,0.949999988079071,120.0
34600,3810.0,0.8999999761581421,60.0,-3620.0,0.8500000238418579,120.0
34620,3750.0,0.949999988079071,60.0,-3680.0,0.8999999761581421,80.0
34640,3740.0,0.949999988079071,60.0,-3640.0,0.949999988079071,120.0
34660,3790.0,0.949999988079071,40.0,-3640.0,0.949999988079071,80.0
34680,3810.0,0.949999988079071,40.0,-3580.0,0.949999988079071,120.0
34700,3800.0,0.949999988079071,20.0,-3560.0,1.0,0.0
34720,3800.0,1.0,40.0,-3620.0,0.949999988079071,120.0
34740,3730.0,0.949999988079071,60.0,-3580.0,0.8999999761581421,120.0
34760,3750.0,0.949999988079071,80.0,-3550.0,0.5,0.0
34780,3750.0,0.949999988079071,80.0,-3590.0,0.949999988079071,100.0
34800,3710.0,1.0,0.0,-3520.0,0.949999988079071,60.0
34820,3730.0,1.0,0.0,-3530.0,0.8999999761581421,100.0
34840,3770.0,0.8999999761581421,40.0,-3620.0,0.8999999761581421,100.0
34860,3820.0,0.949999988079071,60.0,-3580.0,0.8500000238418579,20.0
34880,3810.0,1.0,0.0,-3620.0,0.5,0.0
34900,3830.0,0.8999999761581421,40.0,-3620.0,0.949999988079071,100.0
34920,3750.0,1.0,0.0,-3670.0,0.550000011920929,0.0
34940,3720.0,0.8999999761581421,60.0,-3660.0,0.949999988079071,60.0
34960,3800.0,1.0,0.0,-3610.0,0.949999988079071,120.0
34980,3780.0,1.0,0.0,-3700.0,0.949999988079071,140.0
35000,3770.0,0.949999988079071,60.0,-3570.0,0.800000011920929,40.0
35020,3720.0,1.0,0.0,-3560.0,0.949999988079071,120.0
35040,3780.0,0.949999988079071,40.0,-3570.0,0.949999988079071,120.0
35060,3840.0,0.949999988079071,60.0,-3520.0,1.0,0.0
35080,3800.0,0.949999988079071,40.0,-3640.0,0.550000011920929,0.0
35100,3790.0,0.949999988079071,60.0,-3670.0,0.8999999761581421,20.0
35120,3780.0,0.949999988079071,60.0,-3650.0,0.949999988079071,120.0
35140,3820.0,0.949999988079071,60.0,-3660.0,0.949999988079071,60.0
35160,3780.0,0.949999988079071,60.0,-3570.0,0.949999988079071,100.0
35180,3740.0,0.949999988079071,20.0,-3580.0,1.0,0.0
35200,3700.0,0.8999999761581421,40.0,-3570.0,0.8999999761581421,100.0
35220,3730.0,0.949999988079071,20.0,-3540.0,1.0,0.0
35240,3740.0,0.949999988079071,40.0,-3560.0,0.949999988079071,120.0
35260,3730.0,1.0,0.0,-3510.0,0.8999999761581421,120.0
35280,3810.0,0.8999999761581421,60.0,-3600.0,0.8999999761581421,120.0
35300,3770.0,0.949999988079071,60.0,-3630.0,0.949999988079071,100.0
35320,3830.0,0.949999988079071,60.0,-3600.0,0.6000000238418579,0.0
35340,3790.0,0.949999988079071,60.0,-3590.0,0.949999988079071,100.0
35360,3740.0,0.8999999761581421,40.0,-3550.0,0.949999988079071,0.0
35380,3790.0,0.949999988079071,40.0,-3580.0,0.949999988079071,100.0
35400,3830.0,0.8999999761581421,40.0,-3620.0,0.8999999761581421,80.0
35420,3770.0,0.949999988079071,40.0,-3590.0,0.8999999761581421,120.0
35440,3810.0,0.8999999761581421,60.0,-3640.0,0.949999988079071,140.0
35460,3800.0,0.949999988079071,40.0,-3610.0,0.949999988079071,100.0
35480,3770.0,0.949999988079071,80.0,-3560.0,0.8999999761581421,120.0
35500,3750.0,0.949999988079071,20.0,-3660.0,0.949999988079071,120.0
35520,3750.0,0.949999988079071,40.0,-3650.0,0.8999999761581421,80.0
35540,3710.0,0.949999988079071,80.0,-3600.0,0.949999988079071,100.0
35560,3780.0,0.949999988079071,80.0,-3640.0,0.949999988079071,100.0
35580,3730.0,0.949999988079071,20.0,-3570.0,0.8999999761581421,120.0
35600,3740.0,0.949999988079071,40.0,-3670.0,0.949999988079071,160.0
35620,3790.0,0.949999988079071,60.0,-3530.0,0.8999999761581421,100.0
35640,3750.0,0.8999999761581421,40.0,-3560.0,0.6000000238418579,0.0
35660,3800.0,0.949999988079071,40.0,-3570.0,0.8500000238418579,120.0
35680,3780.0,0.949999988079071,40.0,-3470.0,0.8999999761581421,60.0
35700,3810.0,0.8999999761581421,40.0,-3550.0,0.8500000238418579,20.0
35720,3770.0,1.0,0.0,-3560.0,0.699999988079071,0.0
35740,3850.0,0.949999988079071,80.0,-3680.0,0.949999988079071,120.0
35760,3770.0,1.0,0.0,-3650.0,0.949999988079071,120.0
35780,3750.0,1.0,0.0,-3570.0,0.8999999761581421,100.0
35800,3770.0,0.8999999761581421,20.0,-3550.0,0.8999999761581421,120.0
35820,3770.0,0.949999988079071,60.0,-3630.0,0.949999988079071,120.0
35840,3730.0,0.949999988079071,80.0,-3580.0,0.8999999761581421,120.0
35860,3710.0,0.949999988079071,40.0,-3700.0,0.6000000238418579,0.0
35880,3750.0,0.949999988079071,40.0,-3690.0,0.949999988079071,100.0
35900,3750.0,0.949999988079071,40.0,-3560.0,0.8999999761581421,120.0
35920,3780.0,0.949999988079071,60.0,-3590.0,0.949999988079071,120.0
35940,3760.0,0.949999988079071,40.0,-3510.0,0.8999999761581421,120.0
35960,3790.0,0.949999988079071,40.0,-3620.0,0.5,0.0
35980,3750.0,0.949999988079071,60.0,-3640.0,0.949999988079071,100.0
36000,3770.0,0.949999988079071,60.0,-3640.0,1.0,0.0
36020,3760.0,0.949999988079071,40.0,-3640.0,0.8999999761581421,100.0
36040,3790.0,0.949999988079071,80.0,-3590.0,0.949999988079071,140.0
36060,3850.0,0.949999988079071,60.0,-3560.0,0.8999999761581421,120.0
36080,3780.0,0.949999988079071,60.0,-3650.0,0.8999999761581421,120.0
36100,3710.0,0.949999988079071,60.0,-3650.0,0.8999999761581421,120.0
36120,3690.0,0.949999988079071,60.0,-3560.0,0.949999988079071,80.0
36140,3740.0,0.8999999761581421,40.0,-3500.0,0.6000000238418579,0.0
36160,3720.0,0.949999988079071,60.0,-3500.0,0.8500000238418579,120.0
36180,3750.0,0.949999988079071,40.0,-3560.0,1.0,20.0
36200,3730.0,0.949999988079071,40.0,-3550.0,0.8999999761581421,160.0
36220,3740.0,1.0,120.0,-3520.0,0.949999988079071,120.0
36240,3740.0,0.8999999761581421,60.0,-3440.0,0.8999999761581421,120.0
36260,3770.0,0.949999988079071,40.0,-3540.0,0.5,0.0
36280,3850.0,0.949999988079071,40.0,-3570.0,0.8999999761581421,120.0
36300,3780.0,0.949999988079071,60.0,-3500.0,0.949999988079071,120.0
36320,3810.0,0.949999988079071,60.0,-3520.0,0.949999988079071,160.0
36340,3690.0,0.949999988079071,20.0,-3510.0,0.8999999761581421,100.0
36360,3730.0,0.949999988079071,60.0,-3530.0,0.949999988079071,100.0
36380,3750.0,0.949999988079071,40.0,-3520.0,0.5,0.0
36400,3710.0,0.949999988079071,60.0,-3470.0,0.6000000238418579,0.0
36420,3810.0,0.949999988079071,40.0,-3440.0,0.6000000238418579,0.0
36440,3810.0,1.0,0.0,-3550.0,0.8999999761581421,120.0
36460,3800.0,0.949999988079071,40.0,-3480.0,0.8999999761581421,120.0
36480,3780.0,0.949999988079071,40.0,-3600.0,0.949999988079071,120.0
36500,3710.0,0.8999999761581421,40.0,-3650.0,0.949999988079071,120.0
36520,3810.0,1.0,0.0,-3640.0,0.949999988079071,140.0
36540,3850.0,1.0,0.0,-3490.0,0.5,0.0
36560,3830.0,0.8999999761581421,40.0,-3550.0,0.8500000238418579,120.0
36580,3790.0,1.0,0.0,-3600.0,0.949999988079071,80.0
36600,3780.0,1.0,0.0,-3730.0,0.8500000238418579,120.0
36620,3860.0,0.949999988079071,40.0,-3660.0,0.8500000238418579,20.0
36640,3750.0,0.949999988079071,60.0,-3630.0,0.6000000238418579,0.0
36660,3800.0,0.949999988079071,0.0,-3710.0,0.8999999761581421,120.0
36680,3800.0,0.8999999761581421,60.0,-3680.0,0.949999988079071,100.0
36700,3700.0,0.949999988079071,60.0,-3580.0,0.949999988079071,160.0
36720,3720.0,0.949999988079071,60.0,-3570.0,0.949999988079071,60.0
36740,3730.0,1.0,60.0,-3520.0,0.949999988079071,100.0
36760,3850.0,0.8999999761581421,20.0,-3560.0,0.949999988079071,160.0
36780,3750.0,0.949999988079071,80.0,-3570.0,0.75,160.0
36800,3790.0,0.949999988079071,80.0,-3540.0,0.949999988079071,120.0
36820,3770.0,0.949999988079071,80.0,-3620.0,0.699999988079071,160.0
36840,3810.0,0.949999988079071,40.0,-3620.0,0.8999999761581421,40.0
36860,3800.0,0.949999988079071,60.0,-3560.0,0.6000000238418579,0.0
36880,3790.0,0.949999988079071,100.0,-3670.0,0.8500000238418579,120.0
36900,3770.0,0.949999988079071,80.0,-3670.0,0.8999999761581421,100.0
36920,3770.0,0.949999988079071,80.0,-3640.0,0.949999988079071,60.0
36940,3790.0,0.949999988079071,40.0,-3630.0,0.949999988079071,120.0
36960,3780.0,0.949999988079071,100.0,-3670.0,0.949999988079071,120.0
36980,3770.0,0.949999988079071,40.0,-3700.0,0.949999988079071,140.0
37000,3760.0,0.949999988079071,60.0,-3760.0,0.8999999761581421,120.0
37020,3800.0,0.949999988079071,80.0,-3700.0,0.8500000238418579,120.0
37040,3840.0,1.0,0.0,-3670.0,0.550000011920929,0.0
37060,3840.0,0.949999988079071,60.0,-3650.0,0.8500000238418579,120.0
37080,3860.0,0.949999988079071,60.0,-3580.0,0.8999999761581421,140.0
37100,3780.0,1.0,0.0,-3560.0,0.8999999761581421,100.0
37120,3780.0,1.0,0.0,-3450.0,0.8999999761581421,100.0
37140,3840.0,0.949999988079071,60.0,-3460.0,0.800000011920929,120.0
37160,3770.0,0.949999988079071,60.0,-3560.0,0.8999999761581421,80.0
37180,3710.0,0.949999988079071,80.0,-3590.0,0.8999999761581421,80.0
37200,3690.0,0.949999988079071,60.0,-3590.0,0.949999988079071,0.0
37220,3760.0,0.949999988079071,100.0,-3610.0,0.8999999761581421,120.0
37240,3730.0,0.949999988079071,60.0,-3590.0,0.800000011920929,120.0
37260,3720.0,0.949999988079071,40.0,-3520.0,0.8500000238418579,120.0
37280,3760.0,0.949999988079071,40.0,-3570.0,0.8999999761581421,120.0
37300,3820.0,0.949999988079071,80.0,-3490.0,0.949999988079071,100.0
37320,3790.0,0.949999988079071,80.0,-3440.0,0.8999999761581421,100.0
37340,3800.0,0.949999988079071,60.0,-3480.0,0.8500000238418579,120.0
37360,3710.0,0.949999988079071,60.0,-3530.0,0.550000011920929,0.0
37380,3730.0,0.949999988079071,120.0,-3550.0,1.0,0.0
37400,3790.0,1.0,0.0,-3540.0,0.8500000238418579,140.0
37420,3760.0,0.949999988079071,60.0,-3570.0,0.8500000238418579,120.0
37440,3700.0,0.949999988079071,80.0,-3590.0,0.699999988079071,160.0
37460,3760.0,0.949999988079071,60.0,-3580.0,0.8999999761581421,100.0
37480,3720.0,0.949999988079071,80.0,-3600.0,0.8999999761581421,120.0
37500,3700.0,0.8999999761581421,60.0,-3480.0,0.75,100.0
37520,3790.0,0.949999988079071,140.0,-3480.0,0.8500000238418579,120.0
37540,3760.0,0.949999988079071,80.0,-3530.0,0.949999988079071,120.0
37560,3730.0,0.949999988079071,60.0,-3480.0,0.75,120.0
37580,3740.0,0.949999988079071,60.0,-3510.0,0.5,0.0
37600,3790.0,0.949999988079071,60.0,-3530.0,0.8500000238418579,120.0
37620,3780.0,0.949999988079071,40.0,-3480.0,0.550000011920929,0.0
37640,3690.0,0.949999988079071,100.0,-3540.0,0.8999999761581421,160.0
37660,3730.0,0.949999988079071,80.0,-3580.0,0.8999999761581421,160.0
37680,3810.0,0.949999988079071,80.0,-3680.0,0.949999988079071,80.0
37700,3790.0,0.949999988079071,80.0,-3670.0,0.550000011920929,0.0
37720,3710.0,1.0,80.0,-3720.0,0.949999988079071,80.0
37740,3730.0,0.949999988079071,120.0,-3700.0,0.5,0.0
37760,3770.0,0.949999988079071,40.0,-3750.0,0.949999988079071,140.0
37780,3730.0,0.949999988079071,80.0,-3770.0,0.8999999761581421,0.0
37800,3750.0,0.949999988079071,60.0,-3760.0,0.949999988079071,20.0
37820,3740.0,0.949999988079071,60.0,-3810.0,0.949999988079071,100.0
37840,3740.0,0.949999988079071,80.0,-3770.0,0.800000011920929,100.0
37860,3770.0,0.949999988079071,60.0,-3810.0,0.949999988079071,140.0
37880,3750.0,0.949999988079071,60.0,-3640.0,0.949999988079071,140.0
37900,3710.0,1.0,0.0,-3620.0,0.949999988079071,80.0
37920,3750.0,1.0,0.0,-3620.0,0.6000000238418579,0.0
37940,3710.0,0.949999988079071,80.0,-3710.0,0.949999988079071,100.0
37960,3800.0,0.8999999761581421,60.0,-3840.0,0.8500000238418579,140.0
37980,3760.0,0.949999988079071,40.0,-3760.0,0.8500000238418579,120.0
38000,3680.0,0.949999988079071,80.0,-3720.0,0.8999999761581421,120.0
38020,3730.0,0.949999988079071,80.0,-3690.0,0.949999988079071,100.0
38040,3780.0,1.0,0.0,-3680.0,0.949999988079071,80.0
38060,3760.0,0.949999988079071,100.0,-3780.0,0.8500000238418579,140.0
38080,3750.0,0.949999988079071,80.0,-3830.0,0.8500000238418579,80.0
38100,3760.0,0.949999988079071,80.0,-3670.0,0.8999999761581421,120.0
38120,3760.0,0.949999988079071,60.0,-3630.0,0.6000000238418579,160.0
38140,3740.0,0.949999988079071,100.0,-3700.0,0.949999988079071,120.0
38160,3780.0,0.949999988079071,80.0,-3650.0,0.949999988079071,100.0
38180,3700.0,0.949999988079071,100.0,-3680.0,0.800000011920929,120.0
38200,3780.0,0.949999988079071,60.0,-3650.0,0.800000011920929,120.0
38220,3680.0,0.949999988079071,60.0,-3650.0,0.949999988079071,140.0
38240,3710.0,1.0,0.0,-3730.0,0.8500000238418579,160.0
38260,3740.0,1.0,0.0,-3700.0,0.8999999761581421,140.0
38280,3710.0,0.949999988079071,80.0,-3580.0,0.8999999761581421,120.0
38300,3790.0,0.949999988079071,100.0,-3540.0,0.949999988079071,100.0
38320,3820.0,0.949999988079071,60.0,-3500.0,0.8500000238418579,120.0
38340,3700.0,0.949999988079071,60.0,-3550.0,0.8500000238418579,120.0
38360,3690.0,0.949999988079071,100.0,-3590.0,0.8500000238418579,160.0
38380,3720.0,0.949999988079071,80.0,-3650.0,0.949999988079071,100.0
38400,3830.0,0.949999988079071,60.0,-3600.0,0.8999999761581421,120.0
38420,3720.0,0.949999988079071,60.0,-3600.0,0.6000000238418579,0.0
38440,3780.0,1.0,0.0,-3530.0,0.8999999761581421,100.0
38460,3740.0,0.8999999761581421,60.0,-3650.0,0.6000000238418579,160.0
38480,3760.0,1.0,0.0,-3650.0,0.6000000238418579,160.0
38500,3790.0,0.949999988079071,80.0,-3470.0,0.800000011920929,120.0
38520,3750.0,0.949999988079071,80.0,-3600.0,0.550000011920929,160.0
38540,3760.0,0.949999988079071,60.0,-3660.0,0.699999988079071,160.0
38560,3780.0,0.8999999761581421,60.0,-3570.0,0.949999988079071,100.0
38580,3740.0,0.949999988079071,80.0,-3740.0,0.949999988079071,160.0
38600,3750.0,0.949999988079071,100.0,-3750.0,0.949999988079071,140.0
38620,3740.0,0.949999988079071,40.0,-3790.0,0.8999999761581421,120.0
38640,3770.0,0.949999988079071,80.0,-3810.0,0.800000011920929,140.0
38660,3710.0,0.949999988079071,80.0,-3750.0,0.949999988079071,100.0
38680,3690.0,1.0,0.0,-3630.0,0.550000011920929,0.0
38700,3770.0,0.8999999761581421,60.0,-3690.0,0.8500000238418579,120.0
38720,3780.0,0.949999988079071,80.0,-3780.0,0.8999999761581421,120.0
38740,3790.0,0.8999999761581421,60.0,-3740.0,0.949999988079071,40.0
38760,3740.0,0.949999988079071,60.0,-3690.0,0.6000000238418579,160.0
38780,3720.0,0.949999988079071,60.0,-3680.0,0.8999999761581421,100.0
38800,3690.0,0.949999988079071,60.0,-3740.0,0.8999999761581421,100.0
38820,3700.0,0.949999988079071,80.0,-3640.0,0.8500000238418579,100.0
38840,3770.0,0.8999999761581421,40.0,-3620.0,0.8999999761581421,80.0
38860,3750.0,0.949999988079071,80.0,-3640.0,0.8500000238418579,140.0
38880,3760.0,0.949999988079071,60.0,-3570.0,0.8999999761581421,120.0
38900,3830.0,0.949999988079071,80.0,-3520.0,0.8500000238418579,100.0
38920,3810.0,0.8999999761581421,80.0,-3630.0,0.8999999761581421,140.0
38940,3820.0,1.0,0.0,-3570.0,0.8500000238418579,80.0
38960,3770.0,0.949999988079071,120.0,-3560.0,0.949999988079071,120.0
38980,3770.0,0.949999988079071,60.0,-3550.0,0.5,0.0
39000,3710.0,0.949999988079071,60.0,-3500.0,0.8999999761581421,120.0
39020,3770.0,0.949999988079071,80.0,-3480.0,0.949999988079071,100.0
39040,3770.0,0.949999988079071,60.0,-3440.0,0.8999999761581421,100.0
39060,3740.0,1.0,0.0,-3500.0,0.800000011920929,100.0
39080,3720.0,0.949999988079071,100.0,-3510.0,0.75,160.0
39100,3720.0,0.949999988079071,60.0,-3420.0,0.5,0.0
39120,3760.0,0.8999999761581421,80.0,-3440.0,0.75,120.0
39140,3790.0,0.949999988079071,40.0,-3440.0,0.5,0.0
39160,3750.0,0.949999988079071,40.0,-3480.0,0.8500000238418579,100.0
39180,3730.0,0.949999988079071,80.0,-3440.0,0.8500000238418579,120.0
39200,3800.0,0.949999988079071,80.0,-3300.0,0.699999988079071,120.0
39220,3690.0,0.949999988079071,80.0,-3450.0,0.800000011920929,100.0
39240,3730.0,0.949999988079071,80.0,-3500.0,0.8500000238418579,100.0
39260,3700.0,0.949999988079071,80.0,-3630.0,0.800000011920929,120.0
39280,3780.0,0.949999988079071,60.0,-3480.0,0.800000011920929,100.0
39300,3750.0,0.949999988079071,100.0,-3550.0,0.8999999761581421,120.0
39320,3760.0,0.949999988079071,80.0,-3640.0,0.5,0.0
39340,3750.0,0.8999999761581421,80.0,-3530.0,0.699999988079071,160.0
39360,3750.0,0.8999999761581421,80.0,-3540.0,0.800000011920929,120.0
39380,3770.0,0.949999988079071,40.0,-3540.0,0.75,100.0
39400,3800.0,0.8999999761581421,80.0,-3490.0,0.949999988079071,100.0
39420,3800.0,0.949999988079071,40.0,-3510.0,0.800000011920929,100.0
39440,3780.0,0.8999999761581421,80.0,-3450.0,0.8500000238418579,100.0
39460,3790.0,0.949999988079071,80.0,-3410.0,0.8500000238418579,120.0
39480,3810.0,0.8999999761581421,80.0,-3390.0,0.800000011920929,100.0
39500,3780.0,0.8999999761581421,60.0,-3480.0,0.8999999761581421,100.0
39520,3770.0,0.949999988079071,100.0,-3540.0,0.75,120.0
39540,3740.0,0.949999988079071,60.0,-3580.0,0.6499999761581421,140.0
39560,3780.0,0.8999999761581421,100.0,-3510.0,0.8500000238418579,100.0
39580,3730.0,0.949999988079071,80.0,-3470.0,0.8500000238418579,100.0
39600,3710.0,0.8999999761581421,100.0,-3530.0,0.8500000238418579,140.0
39620,3840.0,0.8999999761581421,80.0,-3530.0,0.949999988079071,100.0
39640,3760.0,0.8999999761581421,80.0,-3520.0,0.75,160.0
39660,3710.0,0.8999999761581421,60.0,-3400.0,0.8500000238418579,80.0
39680,3690.0,0.8999999761581421,80.0,-3490.0,0.800000011920929,100.0
39700,3800.0,0.8999999761581421,80.0,-3480.0,0.8500000238418579,100.0
39720,3750.0,0.8999999761581421,80.0,-3510.0,1.0,0.0
39740,3790.0,0.8999999761581421,100.0,-3650.0,0.800000011920929,120.0
39760,3730.0,0.8999999761581421,80.0,-3550.0,0.75,100.0
39780,3800.0,0.8999999761581421,100.0,-3620.0,0.8999999761581421,100.0
39800,3790.0,0.8999999761581421,60.0,-3510.0,0.800000011920929,100.0
39820,3750.0,0.949999988079071,60.0,-3530.0,0.75,120.0
39840,3780.0,0.949999988079071,80.0,-3500.0,0.949999988079071,140.0
39860,3800.0,0.949999988079071,80.0,-3450.0,0.8500000238418579,120.0
39880,3750.0,0.949999988079071,60.0,-3510.0,0.8500000238418579,100.0
39900,3710.0,0.949999988079071,60.0,-3430.0,0.5,0.0
39920,3770.0,0.949999988079071,80.0,-3430.0,0.8500000238418579,100.0
39940,3800.0,0.8999999761581421,80.0,-3510.0,0.75,120.0
39960,3790.0,0.8999999761581421,80.0,-3370.0,0.800000011920929,120.0
39980,3770.0,0.949999988079071,80.0,-3290.0,0.800000011920929,80.0
40000,3820.0,0.949999988079071,80.0,-3410.0,0.75,140.0
40020,3810.0,0.949999988079071,80.0,-3450.0,0.949999988079071,140.0
40040,3780.0,0.8999999761581421,80.0,-3470.0,0.8500000238418579,100.0
40060,3790.0,0.8999999761581421,80.0,-3560.0,0.800000011920929,100.0
40080,3790.0,0.949999988079071,60.0,-3480.0,0.8500000238418579,100.0
40100,3780.0,0.8999999761581421,80.0,-3520.0,0.8500000238418579,100.0
40120,3780.0,0.949999988079071,80.0,-3650.0,0.8999999761581421,100.0
40140,3800.0,0.8999999761581421,100.0,-3680.0,0.949999988079071,160.0
40160,3760.0,0.8999999761581421,80.0,-3730.0,0.550000011920929,0.0
40180,3700.0,0.8999999761581421,80.0,-3680.0,0.8999999761581421,100.0
40200,3760.0,0.949999988079071,60.0,-3720.0,0.6499999761581421,0.0
40220,3730.0,0.8999999761581421,80.0,-3710.0,0.949999988079071,100.0
40240,3710.0,0.949999988079071,80.0,-3790.0,0.800000011920929,100.0
40260,3800.0,0.8999999761581421,100.0,-3820.0,0.6000000238418579,0.0
40280,3730.0,0.8999999761581421,80.0,-3800.0,0.8500000238418579,100.0
40300,3770.0,0.8999999761581421,100.0,-3760.0,0.8999999761581421,100.0
40320,3780.0,0.949999988079071,40.0,-3770.0,0.949999988079071,120.0
40340,3740.0,0.949999988079071,80.0,-3830.0,0.8999999761581421,120.0
40360,3760.0,0.8999999761581421,80.0,-3780.0,0.699999988079071,0.0
40380,3800.0,0.949999988079071,100.0,-3780.0,0.8999999761581421,80.0
40400,3800.0,0.949999988079071,80.0,-3740.0,0.8500000238418579,80.0
40420,3720.0,0.8999999761581421,80.0,-3770.0,0.800000011920929,120.0
40440,3770.0,0.8999999761581421,80.0,-3830.0,0.949999988079071,120.0
40460,3860.0,0.949999988079071,80.0,-3750.0,0.8999999761581421,100.0
40480,3880.0,0.8999999761581421,80.0,-3730.0,0.949999988079071,60.0
40500,3830.0,0.8999999761581421,60.0,-3740.0,0.8500000238418579,80.0
40520,3770.0,0.8999999761581421,80.0,-3730.0,0.8500000238418579,100.0
40540,3770.0,0.949999988079071,60.0,-3720.0,0.800000011920929,80.0
40560,3750.0,0.8999999761581421,100.0,-3640.0,0.800000011920929,100.0
40580,3780.0,0.8999999761581421,80.0,-3570.0,0.949999988079071,160.0
40600,3780.0,0.8999999761581421,80.0,-3440.0,0.800000011920929,100.0
40620,3770.0,0.8999999761581421,80.0,-3500.0,1.0,0.0
40640,3800.0,0.8999999761581421,80.0,-3600.0,0.8999999761581421,60.0
40660,3790.0,0.8999999761581421,100.0,-3560.0,0.8500000238418579,80.0
40680,3810.0,0.949999988079071,60.0,-3630.0,0.8500000238418579,0.0
40700,3750.0,0.949999988079071,80.0,-3670.0,0.8999999761581421,120.0
40720,3640.0,0.8500000238418579,100.0,-3660.0,0.8500000238418579,140.0
40740,3730.0,0.949999988079071,80.0,-3700.0,0.800000011920929,80.0
40760,3740.0,0.8999999761581421,80.0,-3600.0,0.800000011920929,100.0
40780,3680.0,0.8999999761581421,80.0,-3590.0,0.8500000238418579,160.0
40800,3790.0,0.8999999761581421,80.0,-3560.0,0.8999999761581421,100.0
40820,3730.0,0.8999999761581421,80.0,-3630.0,0.800000011920929,100.0
40840,3740.0,0.8999999761581421,100.0,-3630.0,0.8500000238418579,100.0
40860,3700.0,0.8999999761581421,60.0,-3630.0,0.949999988079071,80.0
40880,3770.0,0.8500000238418579,80.0,-3580.0,0.75,100.0
40900,3730.0,0.8999999761581421,80.0,-3660.0,0.800000011920929,100.0
40920,3810.0,0.8999999761581421,60.0,-3700.0,0.8500000238418579,100.0
40940,3820.0,0.8999999761581421,80.0,-3730.0,0.800000011920929,100.0
40960,3790.0,0.8999999761581421,80.0,-3730.0,0.8500000238418579,80.0
40980,3760.0,0.949999988079071,100.0,-3650.0,0.800000011920929,0.0
41000,3820.0,0.8999999761581421,80.0,-3690.0,0.800000011920929,100.0
41020,3740.0,0.8999999761581421,80.0,-3720.0,0.800000011920929,100.0
41040,3710.0,0.8999999761581421,80.0,-3790.0,0.8999999761581421,60.0
41060,3760.0,0.949999988079071,80.0,-3790.0,0.800000011920929,100.0
41080,3710.0,0.8999999761581421,80.0,-3790.0,0.8500000238418579,80.0
41100,3720.0,0.8999999761581421,80.0,-3740.0,0.800000011920929,100.0
41120,3770.0,0.8500000238418579,80.0,-3750.0,0.8999999761581421,80.0
41140,3700.0,0.8999999761581421,80.0,-3640.0,0.800000011920929,100.0
41160,3780.0,0.8999999761581421,80.0,-3610.0,0.550000011920929,80.0
41180,3830.0,0.8999999761581421,80.0,-3530.0,0.75,100.0
41200,3800.0,0.8500000238418579,80.0,-3610.0,0.800000011920929,80.0
41220,3820.0,0.949999988079071,100.0,-3560.0,0.8500000238418579,100.0
41240,3840.0,0.8999999761581421,80.0,-3560.0,0.8500000238418579,100.0
41260,3790.0,0.8999999761581421,80.0,-3520.0,0.699999988079071,0.0
41280,3810.0,0.8999999761581421,80.0,-3500.0,0.75,100.0
41300,3810.0,0.8999999761581421,80.0,-3460.0,0.949999988079071,100.0
41320,3740.0,0.8999999761581421,80.0,-3420.0,0.800000011920929,100.0
41340,3740.0,0.8999999761581421,80.0,-3450.0,0.75,100.0
41360,3700.0,0.949999988079071,80.0,-3460.0,0.75,0.0
41380,3750.0,0.8999999761581421,100.0,-3380.0,0.75,80.0
41400,3760.0,0.8500000238418579,80.0,-3380.0,0.75,80.0
41420,3750.0,0.8500000238418579,80.0,-3350.0,0.75,80.0
41440,3740.0,0.8999999761581421,80.0,-3390.0,0.800000011920929,100.0
41460,3680.0,0.8999999761581421,100.0,-3400.0,0.949999988079071,80.0
41480,3690.0,0.8999999761581421,80.0,-3470.0,0.800000011920929,100.0
41500,3750.0,0.8500000238418579,80.0,-3410.0,0.75,80.0
41520,3700.0,0.8999999761581421,80.0,-3380.0,0.75,80.0
41540,3740.0,0.8999999761581421,80.0,-3350.0,0.75,100.0
41560,3830.0,0.8999999761581421,80.0,-3420.0,0.8500000238418579,80.0
41580,3790.0,0.8999999761581421,80.0,-3440.0,0.75,80.0
41600,3780.0,0.8500000238418579,80.0,-3490.0,0.800000011920929,100.0
41620,3710.0,0.8999999761581421,80.0,-3420.0,0.8999999761581421,120.0
41640,3760.0,0.8999999761581421,80.0,-3400.0,0.75,100.0
41660,3850.0,0.8999999761581421,80.0,-3370.0,0.800000011920929,80.0
41680,3770.0,0.8999999761581421,80.0,-3370.0,0.8999999761581421,100.0
41700,3750.0,0.8999999761581421,80.0,-3340.0,0.699999988079071,100.0
41720,3750.0,0.8999999761581421,80.0,-3480.0,0.8999999761581421,100.0
41740,3690.0,0.8999999761581421,80.0,-3380.0,0.699999988079071,100.0
41760,3700.0,0.8999999761581421,80.0,-3400.0,0.800000011920929,100.0
41780,3710.0,0.8500000238418579,80.0,-3460.0,0.949999988079071,100.0
41800,3830.0,0.8500000238418579,80.0,-3360.0,0.699999988079071,100.0
41820,3690.0,0.8999999761581421,80.0,-3460.0,0.8500000238418579,100.0
41840,3700.0,0.8999999761581421,80.0,-3510.0,0.699999988079071,100.0
41860,3730.0,0.8999999761581421,80.0,-3390.0,0.75,100.0
41880,3740.0,0.8500000238418579,80.0,-3430.0,0.800000011920929,100.0
41900,3730.0,0.8999999761581421,100.0,-3390.0,0.75,100.0
41920,3780.0,0.8500000238418579,80.0,-3390.0,0.75,100.0
41940,3690.0,0.8500000238418579,100.0,-3410.0,0.800000011920929,80.0
41960,3760.0,0.8999999761581421,80.0,-3380.0,0.699999988079071,100.0
41980,3700.0,0.8999999761581421,80.0,-3360.0,0.75,80.0
42000,3690.0,0.8999999761581421,80.0,-3330.0,0.8500000238418579,100.0
42020,3710.0,0.8999999761581421,80.0,-3400.0,0.75,100.0
42040,3700.0,0.8500000238418579,80.0,-3400.0,0.75,100.0
42060,3710.0,0.8999999761581421,80.0,-3460.0,0.800000011920929,80.0
42080,3680.0,0.949999988079071,80.0,-3390.0,0.800000011920929,80.0
42100,3700.0,0.8999999761581421,80.0,-3490.0,0.800000011920929,80.0
42120,3670.0,0.8999999761581421,80.0,-3390.0,0.75,100.0
42140,3740.0,0.8999999761581421,80.0,-3380.0,0.800000011920929,100.0
42160,3830.0,0.8999999761581421,80.0,-3470.0,0.8500000238418579,80.0
42180,3810.0,0.8999999761581421,80.0,-3440.0,0.8500000238418579,120.0
42200,3760.0,0.8500000238418579,80.0,-3410.0,0.75,100.0
42220,3780.0,0.8999999761581421,80.0,-3320.0,0.75,100.0
42240,3790.0,0.8500000238418579,80.0,-3290.0,0.8500000238418579,60.0
42260,3820.0,0.8999999761581421,100.0,-3410.0,0.800000011920929,80.0
42280,3780.0,0.8999999761581421,100.0,-3340.0,0.75,100.0
42300,3730.0,0.8999999761581421,80.0,-3430.0,0.800000011920929,80.0
42320,3670.0,0.8500000238418579,100.0,-3460.0,0.8999999761581421,120.0
42340,3750.0,0.8999999761581421,80.0,-3510.0,0.8500000238418579,80.0
42360,3710.0,0.8999999761581421,80.0,-3450.0,0.800000011920929,80.0
42380,3690.0,0.8999999761581421,80.0,-3430.0,0.800000011920929,100.0
42400,3640.0,0.8500000238418579,80.0,-3410.0,0.8500000238418579,100.0
42420,3650.0,0.8500000238418579,80.0,-3390.0,0.75,100.0
42440,3700.0,0.8500000238418579,80.0,-3340.0,0.8500000238418579,100.0
42460,3670.0,0.8500000238418579,80.0,-3430.0,0.699999988079071,100.0
42480,3710.0,0.8500000238418579,80.0,-3520.0,0.699999988079071,100.0
42500,3630.0,0.8500000238418579,100.0,-3560.0,0.8500000238418579,100.0
42520,3730.0,0.8500000238418579,80.0,-3590.0,0.8999999761581421,20.0
42540,3790.0,0.800000011920929,80.0,-3490.0,0.75,100.0
42560,3710.0,0.8999999761581421,80.0,-3560.0,0.75,100.0
42580,3770.0,0.8500000238418579,80.0,-3470.0,0.699999988079071,100.0
42600,3780.0,0.8500000238418579,80.0,-3510.0,0.8999999761581421,120.0
42620,3790.0,0.800000011920929,80.0,-3540.0,0.75,100.0
42640,3790.0,0.8500000238418579,80.0,-3480.0,0.800000011920929,100.0
42660,3750.0,0.8500000238418579,100.0,-3490.0,0.699999988079071,100.0
42680,3720.0,0.8500000238418579,80.0,-3440.0,0.800000011920929,100.0
42700,3740.0,0.8500000238418579,80.0,-3470.0,0.75,100.0
42720,3720.0,0.8500000238418579,100.0,-3600.0,0.75,100.0
42740,3730.0,0.8500000238418579,80.0,-3490.0,0.800000011920929,100.0
42760,3700.0,0.800000011920929,80.0,-3450.0,0.75,100.0
42780,3660.0,0.8999999761581421,80.0,-3400.0,0.800000011920929,80.0
42800,3670.0,0.8999999761581421,80.0,-3430.0,0.699999988079071,100.0
42820,3710.0,0.8500000238418579,80.0,-3460.0,0.800000011920929,80.0
42840,3680.0,0.8500000238418579,80.0,-3560.0,0.800000011920929,80.0
42860,3630.0,0.800000011920929,80.0,-3490.0,0.699999988079071,100.0
42880,3720.0,0.800000011920929,80.0,-3380.0,0.699999988079071,80.0
42900,3760.0,0.800000011920929,80.0,-3540.0,0.75,100.0
42920,3710.0,0.8999999761581421,80.0,-3390.0,0.8500000238418579,80.0
42940,3780.0,0.8999999761581421,80.0,-3370.0,0.75,100.0
42960,3830.0,0.8500000238418579,80.0,-3360.0,0.8999999761581421,120.0
42980,3840.0,0.800000011920929,80.0,-3390.0,0.75,100.0
43000,3780.0,0.8500000238418579,100.0,-3410.0,0.75,100.0
43020,3890.0,0.8500000238418579,100.0,-3450.0,0.75,100.0
43040,3830.0,0.8500000238418579,80.0,-3490.0,0.75,100.0
43060,3700.0,0.8500000238418579,80.0,-3530.0,0.75,100.0
43080,3680.0,0.800000011920929,80.0,-3480.0,0.800000011920929,80.0
43100,3690.0,0.800000011920929,100.0,-3490.0,0.800000011920929,80.0
43120,3720.0,0.800000011920929,100.0,-3430.0,0.75,100.0
43140,3670.0,0.800000011920929,100.0,-3440.0,0.75,80.0
43160,3720.0,0.8999999761581421,80.0,-3550.0,0.699999988079071,80.0
43180,3690.0,0.800000011920929,80.0,-3450.0,0.800000011920929,80.0
43200,3720.0,0.800000011920929,80.0,-3360.0,0.800000011920929,80.0
43220,3730.0,0.800000011920929,80.0,-3490.0,0.699999988079071,100.0
43240,3760.0,0.8500000238418579,80.0,-3480.0,0.800000011920929,80.0
43260,3740.0,0.800000011920929,100.0,-3490.0,0.75,80.0
43280,3750.0,0.8500000238418579,100.0,-3470.0,0.699999988079071,100.0
43300,3740.0,0.8500000238418579,100.0,-3480.0,0.75,100.0
43320,3740.0,0.800000011920929,80.0,-3440.0,0.800000011920929,80.0
43340,3780.0,0.800000011920929,100.0,-3370.0,0.8999999761581421,100.0
43360,3780.0,0.75,80.0,-3440.0,0.699999988079071,100.0
43380,3770.0,0.75,80.0,-3370.0,0.8500000238418579,80.0
43400,3790.0,0.75,80.0,-3330.0,0.699999988079071,100.0
43420,3850.0,0.8500000238418579,80.0,-3420.0,0.75,100.0
43440,3770.0,0.8500000238418579,80.0,-3380.0,0.699999988079071,80.0
43460,3730.0,0.75,80.0,-3420.0,0.699999988079071,100.0
43480,3650.0,0.949999988079071,140.0,-3420.0,0.800000011920929,80.0
43500,3660.0,0.75,80.0,-3250.0,0.699999988079071,100.0
43520,3700.0,0.800000011920929,100.0,-3380.0,0.6499999761581421,80.0
43540,3580.0,0.8999999761581421,100.0,-3350.0,0.75,80.0
43560,3650.0,0.800000011920929,60.0,-3480.0,0.6499999761581421,100.0
43580,3630.0,0.949999988079071,80.0,-3410.0,0.75,80.0
43600,3700.0,0.800000011920929,100.0,-3450.0,0.699999988079071,80.0
43620,3680.0,0.800000011920929,100.0,-3490.0,0.75,80.0
43640,3640.0,0.800000011920929,100.0,-3400.0,0.800000011920929,80.0
43660,3640.0,0.8500000238418579,80.0,-3430.0,0.800000011920929,80.0
43680,3590.0,0.8500000238418579,100.0,-3330.0,0.800000011920929,80.0
43700,3580.0,0.699999988079071,80.0,-3400.0,0.75,100.0
43720,3560.0,0.6499999761581421,80.0,-3330.0,0.699999988079071,100.0
43740,3700.0,0.75,100.0,-3380.0,0.6499999761581421,100.0
43760,3660.0,0.699999988079071,80.0,-3410.0,0.75,100.0
43780,3610.0,0.8500000238418579,80.0,-3370.0,0.75,80.0
43800,3730.0,0.75,100.0,-3460.0,0.699999988079071,100.0
43820,3720.0,0.75,100.0,-3360.0,0.699999988079071,80.0
43840,3860.0,0.75,100.0,-3370.0,0.699999988079071,100.0
43860,3740.0,0.800000011920929,100.0,-3420.0,0.699999988079071,100.0
43880,3670.0,0.949999988079071,100.0,-3340.0,0.75,80.0
43900,3680.0,0.75,100.0,-3440.0,0.699999988079071,80.0
43920,3610.0,0.8500000238418579,100.0,-3440.0,0.800000011920929,80.0
43940,3710.0,0.699999988079071,80.0,-3450.0,0.75,100.0
43960,3600.0,0.75,100.0,-3400.0,0.75,100.0
43980,3510.0,0.75,100.0,-3320.0,0.699999988079071,80.0
44000,3540.0,0.699999988079071,80.0,-3450.0,0.699999988079071,100.0
44020,3630.0,0.699999988079071,80.0,-3340.0,0.800000011920929,80.0
44040,3600.0,0.8500000238418579,80.0,-3380.0,0.75,100.0
44060,3620.0,0.75,100.0,-3380.0,0.75,100.0
44080,3620.0,0.6499999761581421,80.0,-3370.0,0.75,80.0
44100,3620.0,0.800000011920929,80.0,-3360.0,0.6499999761581421,100.0
44120,3640.0,0.6499999761581421,80.0,-3350.0,0.699999988079071,100.0
44140,3610.0,0.75,100.0,-3340.0,0.699999988079071,100.0
44160,3670.0,0.75,60.0,-3330.0,0.75,100.0
44180,3670.0,0.8999999761581421,60.0,-3270.0,0.75,100.0
44200,3730.0,0.6499999761581421,80.0,-3380.0,0.75,100.0
44220,3620.0,0.699999988079071,80.0,-3310.0,0.75,100.0
44240,3810.0,0.800000011920929,100.0,-3320.0,0.75,80.0
44260,3830.0,0.800000011920929,100.0,-3370.0,0.6000000238418579,100.0
44280,3830.0,0.699999988079071,80.0,-3380.0,0.699999988079071,80.0
44300,3820.0,0.8500000238418579,60.0,-3470.0,0.6499999761581421,100.0
44320,3720.0,0.8500000238418579,80.0,-3360.0,0.8500000238418579,80.0
44340,3830.0,0.699999988079071,80.0,-3420.0,0.75,100.0
44360,3860.0,0.800000011920929,80.0,-3430.0,0.75,80.0
44380,3770.0,0.949999988079071,100.0,-3360.0,0.699999988079071,80.0
44400,3640.0,0.800000011920929,100.0,-3410.0,0.75,80.0
44420,3710.0,0.6000000238418579,80.0,-3400.0,0.75,80.0
44440,3630.0,0.550000011920929,100.0,-3330.0,0.75,80.0
44460,3670.0,0.8999999761581421,60.0,-3420.0,0.699999988079071,100.0
44480,3630.0,0.8500000238418579,80.0,-3350.0,0.6499999761581421,100.0
44500,3610.0,0.6499999761581421,80.0,-3370.0,0.699999988079071,80.0
44520,3630.0,0.699999988079071,100.0,-3360.0,0.699999988079071,100.0
44540,3670.0,0.75,100.0,-3390.0,0.75,100.0
44560,3680.0,0.699999988079071,80.0,-3400.0,0.699999988079071,80.0
44580,3570.0,0.75,100.0,-3400.0,0.6499999761581421,100.0
44600,3650.0,0.75,100.0,-3420.0,0.75,100.0
44620,3630.0,0.8999999761581421,80.0,-3330.0,0.699999988079071,80.0
44640,3530.0,0.8500000238418579,80.0,-3370.0,0.6000000238418579,100.0
44660,3550.0,0.949999988079071,100.0,-3380.0,0.699999988079071,100.0
44680,3560.0,0.699999988079071,100.0,-3380.0,0.699999988079071,80.0
44700,3510.0,0.6000000238418579,80.0,-3390.0,0.800000011920929,100.0
44720,3560.0,0.8500000238418579,80.0,-3430.0,0.75,80.0
44740,3620.0,0.8999999761581421,100.0,-3420.0,0.75,100.0
44760,3600.0,0.800000011920929,80.0,-3400.0,0.6499999761581421,100.0
44780,3580.0,0.8999999761581421,60.0,-3470.0,0.6499999761581421,100.0
44800,3470.0,0.699999988079071,80.0,-3400.0,0.75,100.0
44820,3480.0,0.699999988079071,100.0,-3360.0,0.75,100.0
44840,3560.0,0.8500000238418579,60.0,-3440.0,0.75,80.0
44860,3560.0,0.8999999761581421,60.0,-3360.0,0.6499999761581421,80.0
44880,3700.0,0.6499999761581421,80.0,-3410.0,0.699999988079071,100.0
44900,3610.0,0.699999988079071,80.0,-3390.0,0.6499999761581421,100.0
44920,3570.0,0.75,100.0,-3380.0,0.699999988079071,80.0
44940,3590.0,0.75,100.0,-3440.0,0.699999988079071,80.0
44960,3690.0,0.699999988079071,100.0,-3440.0,0.6499999761581421,100.0
44980,3570.0,0.8500000238418579,80.0,-3470.0,0.6499999761581421,80.0
45000,3680.0,0.6499999761581421,80.0,-3450.0,0.75,100.0
45020,3680.0,0.8999999761581421,100.0,-3370.0,0.75,80.0
45040,3740.0,0.8999999761581421,100.0,-3380.0,0.699999988079071,80.0
45060,3680.0,0.699999988079071,100.0,-3360.0,0.6499999761581421,100.0
45080,3560.0,0.800000011920929,100.0,-3460.0,0.6499999761581421,80.0
45100,3570.0,0.949999988079071,100.0,-3400.0,0.75,100.0
45120,3620.0,0.800000011920929,80.0,-3440.0,0.699999988079071,100.0
45140,3600.0,0.699999988079071,100.0,-3410.0,0.6499999761581421,100.0
45160,3570.0,0.75,100.0,-3350.0,0.6499999761581421,80.0
45180,3640.0,0.8500000238418579,80.0,-3450.0,0.699999988079071,100.0
45200,3620.0,0.75,100.0,-3470.0,0.699999988079071,80.0
45220,3550.0,0.800000011920929,100.0,-3510.0,0.6499999761581421,100.0
45240,3610.0,0.75,100.0,-3660.0,0.699999988079071,100.0
45260,,,,,,
45280,3440.0,0.75,0.0,,,
45300,,,,-3470.0,0.6499999761581421,20.0
45320,3320.0,0.8500000238418579,140.0,,,
45340,,,,-3270.0,0.6000000238418579,0.0
45360,3210.0,0.699999988079071,140.0,,,
45380,,,,-3080.0,0.550000011920929,140.0
45400,3100.0,0.75,140.0,,,
45420,,,,-2880.0,0.5,160.0
45440,2920.0,0.8500000238418579,140.0,,,
45460,,,,-2680.0,0.75,0.0
45480,2770.0,0.6499999761581421,140.0,,,
45500,,,,-2830.0,0.699999988079071,60.0
45520,2790.0,0.5,80.0,-3020.0,0.550000011920929,80.0
45540,2880.0,0.75,100.0,-3180.0,0.75,100.0
45560,3030.0,0.550000011920929,100.0,-3330.0,0.6499999761581421,80.0
45580,3120.0,0.550000011920929,100.0,-3330.0,0.6499999761581421,100.0
45600,3310.0,0.6499999761581421,100.0,-3390.0,0.6499999761581421,100.0
45620,3320.0,0.800000011920929,100.0,-3420.0,0.699999988079071,80.0
45640,3430.0,0.75,80.0,-3440.0,0.699999988079071,80.0
45660,3590.0,0.75,100.0,-3390.0,0.6499999761581421,80.0
45680,3680.0,0.699999988079071,100.0,-3380.0,0.6499999761581421,80.0
45700,3630.0,0.699999988079071,100.0,-3370.0,0.699999988079071,80.0
45720,3610.0,0.699999988079071,100.0,-3310.0,0.699999988079071,80.0
45740,3530.0,0.800000011920929,100.0,-3400.0,0.699999988079071,80.0
45760,3470.0,0.800000011920929,100.0,-3390.0,0.6499999761581421,80.0
45780,3460.0,0.75,100.0,-3390.0,0.699999988079071,100.0
45800,3450.0,0.6499999761581421,80.0,-3370.0,0.6499999761581421,100.0
45820,3510.0,0.699999988079071,100.0,-3330.0,0.75,80.0
45840,3480.0,0.699999988079071,100.0,-3400.0,0.699999988079071,100.0
45860,3520.0,0.800000011920929,80.0,-3420.0,0.699999988079071,80.0
45880,3410.0,0.6000000238418579,80.0,-3410.0,0.6499999761581421,80.0
45900,3420.0,0.6499999761581421,100.0,-3400.0,0.6499999761581421,80.0
45920,3470.0,0.6000000238418579,80.0,-3380.0,0.6000000238418579,100.0
45940,3530.0,0.800000011920929,100.0,-3440.0,0.699999988079071,80.0
45960,3460.0,0.8500000238418579,80.0,-3440.0,0.699999988079071,80.0
45980,3450.0,0.8500000238418579,60.0,-3490.0,0.699999988079071,80.0
46000,3450.0,0.75,100.0,-3400.0,0.6499999761581421,80.0
46020,3520.0,0.800000011920929,100.0,-3420.0,0.6499999761581421,80.0
46040,3430.0,0.75,100.0,-3430.0,0.6499999761581421,80.0
46060,3420.0,0.6499999761581421,100.0,-3380.0,0.75,100.0
46080,3450.0,0.800000011920929,80.0,-3410.0,0.6000000238418579,100.0
46100,3410.0,0.75,80.0,-3300.0,0.699999988079071,100.0
46120,3340.0,0.800000011920929,100.0,-3380.0,0.6499999761581421,80.0
46140,3480.0,0.6499999761581421,100.0,-3400.0,0.699999988079071,100.0
46160,3400.0,0.6499999761581421,100.0,-3310.0,0.6000000238418579,100.0
46180,3560.0,0.6000000238418579,80.0,-3370.0,0.6499999761581421,80.0
46200,3590.0,0.699999988079071,80.0,-3430.0,0.6499999761581421,80.0
46220,3640.0,0.699999988079071,100.0,-3370.0,0.6499999761581421,100.0
46240,3560.0,0.75,80.0,-3340.0,0.6000000238418579,80.0
46260,3550.0,0.75,80.0,-3330.0,0.699999988079071,80.0
46280,3530.0,0.75,80.0,-3420.0,0.550000011920929,100.0
46300,3590.0,0.800000011920929,80.0,-3320.0,0.6000000238418579,80.0
46320,3560.0,0.6000000238418579,100.0,-3330.0,0.6000000238418579,100.0
46340,3420.0,0.699999988079071,100.0,-3350.0,0.699999988079071,100.0
46360,3410.0,0.75,80.0,-3390.0,0.6000000238418579,100.0
46380,3540.0,0.6000000238418579,80.0,-3400.0,0.6000000238418579,80.0
46400,3470.0,0.75,100.0,-3350.0,0.6000000238418579,100.0
46420,3450.0,0.800000011920929,80.0,-3340.0,0.6000000238418579,80.0
46440,3470.0,0.550000011920929,80.0,-3300.0,0.699999988079071,100.0
46460,3450.0,0.75,80.0,-3330.0,0.699999988079071,100.0
46480,3460.0,0.6499999761581421,100.0,-3390.0,0.550000011920929,100.0
46500,3440.0,0.75,100.0,-3430.0,0.699999988079071,80.0
46520,3430.0,0.5,100.0,-3390.0,0.6499999761581421,100.0
46540,3310.0,0.6499999761581421,100.0,-3340.0,0.699999988079071,80.0
46560,3390.0,0.6499999761581421,80.0,-3340.0,0.6000000238418579,80.0
46580,3450.0,0.699999988079071,100.0,-3380.0,0.6000000238418579,80.0
46600,3460.0,0.550000011920929,80.0,-3440.0,0.550000011920929,100.0
46620,3450.0,0.550000011920929,80.0,-3410.0,0.6000000238418579,100.0
46640,3430.0,0.6000000238418579,80.0,-3380.0,0.550000011920929,100.0
46660,3530.0,0.75,100.0,-3320.0,0.550000011920929,80.0
46680,3540.0,0.6499999761581421,100.0,-3410.0,0.6000000238418579,80.0
46700,3420.0,0.5,80.0,-3350.0,0.699999988079071,100.0
46720,3500.0,0.800000011920929,80.0,-3350.0,0.6000000238418579,100.0
46740,3490.0,0.5,100.0,-3370.0,0.6000000238418579,80.0
46760,3480.0,0.75,80.0,-3390.0,0.75,100.0
46780,3380.0,0.5,80.0,-3300.0,0.699999988079071,100.0
46800,3300.0,0.699999988079071,100.0,-3410.0,0.550000011920929,100.0
46820,3400.0,0.550000011920929,80.0,-3400.0,0.6000000238418579,80.0
46840,3420.0,0.699999988079071,100.0,-3380.0,0.6499999761581421,80.0
46860,3390.0,0.550000011920929,80.0,-3420.0,0.6000000238418579,80.0
46880,3430.0,0.75,100.0,-3380.0,0.550000011920929,80.0
46900,3560.0,0.550000011920929,80.0,-3480.0,0.6000000238418579,100.0
46920,3450.0,0.550000011920929,80.0,-3420.0,0.699999988079071,80.0
46940,3390.0,0.6499999761581421,100.0,-3370.0,0.699999988079071,80.0
46960,3410.0,0.6000000238418579,100.0,-3440.0,0.6499999761581421,80.0
46980,3480.0,0.800000011920929,80.0,-3340.0,0.550000011920929,100.0
47000,3360.0,0.6499999761581421,80.0,-3200.0,0.699999988079071,80.0
47020,3500.0,0.550000011920929,100.0,-3220.0,0.6499999761581421,100.0
47040,3450.0,0.6499999761581421,80.0,-3310.0,0.699999988079071,80.0
47060,3490.0,0.6000000238418579,100.0,-3350.0,0.6499999761581421,100.0
47080,3430.0,0.550000011920929,100.0,-3370.0,0.550000011920929,100.0
47100,3540.0,0.75,100.0,-3320.0,0.75,80.0
47120,3460.0,0.6000000238418579,100.0,-3370.0,0.5,100.0
47140,3380.0,0.75,100.0,-3360.0,0.6000000238418579,80.0
47160,3300.0,0.6499999761581421,100.0,-3400.0,0.550000011920929,80.0
47180,3350.0,0.5,80.0,-3450.0,0.550000011920929,100.0
47200,3510.0,0.5,100.0,-3360.0,0.75,100.0
47220,3500.0,0.6499999761581421,80.0,-3400.0,0.75,80.0
47240,3450.0,0.6499999761581421,100.0,-3430.0,0.550000011920929,80.0
47260,3320.0,0.6499999761581421,80.0,-3450.0,0.6000000238418579,100.0
47280,3270.0,0.550000011920929,100.0,-3490.0,0.550000011920929,100.0
47300,3350.0,0.6499999761581421,100.0,-3470.0,0.6499999761581421,100.0
47320,3240.0,0.699999988079071,80.0,-3420.0,0.550000011920929,100.0
47340,3340.0,0.6499999761581421,80.0,-3400.0,0.6000000238418579,80.0
47360,3330.0,0.550000011920929,80.0,-3290.0,0.550000011920929,100.0
47380,3350.0,0.6499999761581421,80.0,-3360.0,0.5,100.0
47400,3420.0,0.550000011920929,100.0,-3440.0,0.6000000238418579,80.0
47420,3450.0,0.6499999761581421,100.0,-3420.0,0.699999988079071,80.0
47440,3570.0,0.6000000238418579,100.0,-3420.0,0.6000000238418579,80.0
47460,3660.0,0.699999988079071,80.0,-3360.0,0.550000011920929,100.0
47480,3750.0,0.800000011920929,100.0,-3280.0,0.550000011920929,100.0
47500,3740.0,0.699999988079071,80.0,-3390.0,0.550000011920929,80.0
47520,3800.0,0.699999988079071,100.0,-3450.0,0.699999988079071,80.0
47540,3940.0,0.6499999761581421,80.0,-3490.0,0.6499999761581421,80.0
47560,3780.0,0.6499999761581421,80.0,-3480.0,0.550000011920929,100.0
47580,3730.0,0.6499999761581421,80.0,-3370.0,0.6000000238418579,100.0
47600,3690.0,0.6000000238418579,80.0,-3430.0,0.6000000238418579,80.0
47620,3670.0,0.6000000238418579,80.0,-3340.0,0.6499999761581421,100.0
47640,3660.0,0.550000011920929,80.0,-3320.0,0.6499999761581421,80.0
47660,3660.0,0.6499999761581421,80.0,-3220.0,0.5,100.0
47680,3740.0,0.699999988079071,80.0,-3280.0,0.5,100.0
47700,3780.0,0.699999988079071,80.0,-3300.0,0.6499999761581421,80.0
47720,3750.0,0.699999988079071,80.0,-3240.0,0.5,100.0
47740,3620.0,0.6499999761581421,80.0,-3300.0,0.6000000238418579,100.0
47760,3630.0,0.75,80.0,-3380.0,0.6000000238418579,100.0
47780,3740.0,0.6499999761581421,80.0,-3360.0,0.5,100.0
47800,3720.0,0.6499999761581421,80.0,-3420.0,0.6000000238418579,100.0
47820,3740.0,0.6499999761581421,80.0,-3350.0,0.75,80.0
47840,3740.0,0.6000000238418579,80.0,-3460.0,0.5,100.0
47860,3750.0,0.550000011920929,80.0,-3560.0,0.699999988079071,80.0
47880,3960.0,0.6000000238418579,80.0,-3550.0,0.5,100.0
47900,3980.0,0.699999988079071,80.0,-3630.0,0.6000000238418579,80.0
47920,3890.0,0.6000000238418579,80.0,-3570.0,0.699999988079071,100.0
47940,3830.0,0.699999988079071,100.0,-3600.0,0.550000011920929,80.0
47960,3670.0,0.6000000238418579,80.0,-3580.0,0.800000011920929,100.0
47980,3700.0,0.6000000238418579,80.0,-3440.0,0.5,100.0
48000,3790.0,0.550000011920929,80.0,-3500.0,0.5,100.0
48020,3810.0,0.550000011920929,80.0,-3580.0,0.550000011920929,100.0
48040,3840.0,0.6000000238418579,80.0,-3640.0,0.550000011920929,80.0
48060,3830.0,0.6000000238418579,80.0,-3660.0,0.699999988079071,80.0
48080,3690.0,0.6000000238418579,80.0,-3590.0,0.75,100.0
48100,3620.0,0.6499999761581421,80.0,-3670.0,0.5,100.0
48120,3530.0,0.6499999761581421,80.0,-3700.0,0.949999988079071,100.0
48140,3530.0,0.6499999761581421,80.0,-3740.0,0.75,80.0
48160,3670.0,0.550000011920929,80.0,-3720.0,0.75,80.0
48180,3640.0,0.6499999761581421,80.0,-3670.0,0.699999988079071,100.0
48200,3630.0,0.6000000238418579,80.0,-3680.0,0.5,100.0
48220,3730.0,0.550000011920929,80.0,-3700.0,0.6499999761581421,80.0
48240,3850.0,0.6499999761581421,80.0,-3660.0,0.5,100.0
48260,3840.0,0.6000000238418579,80.0,-3660.0,0.75,80.0
48280,3790.0,0.550000011920929,80.0,-3590.0,0.5,100.0
48300,3860.0,0.6000000238418579,80.0,-3650.0,0.5,100.0
48320,3850.0,0.6499999761581421,80.0,-3630.0,0.6000000238418579,100.0
48340,3930.0,0.6000000238418579,80.0,-3500.0,0.800000011920929,20.0
48360,4070.0,0.6000000238418579,80.0,-3660.0,0.75,100.0
48380,3870.0,0.6000000238418579,80.0,-3600.0,0.6000000238418579,80.0
48400,3840.0,0.6000000238418579,80.0,-3630.0,0.75,100.0
48420,3790.0,0.6000000238418579,80.0,-3670.0,0.550000011920929,100.0
48440,3780.0,0.6000000238418579,80.0,-3710.0,0.550000011920929,100.0
48460,3750.0,0.6000000238418579,80.0,-3630.0,0.6000000238418579,100.0
48480,3770.0,0.6000000238418579,80.0,-3660.0,0.6000000238418579,0.0
48500,3850.0,0.5,80.0,-3620.0,0.550000011920929,100.0
48520,3940.0,0.6000000238418579,80.0,-3630.0,0.5,80.0
48540,3960.0,0.6499999761581421,80.0,-3650.0,0.6499999761581421,80.0
48560,3890.0,0.6000000238418579,80.0,-3560.0,0.550000011920929,100.0
48580,3920.0,0.6000000238418579,80.0,-3540.0,0.949999988079071,160.0
48600,3840.0,0.6000000238418579,100.0,-3590.0,0.6000000238418579,100.0
48620,3810.0,0.6499999761581421,80.0,-3660.0,0.949999988079071,0.0
48640,3730.0,0.6000000238418579,80.0,-3640.0,0.550000011920929,100.0
48660,3730.0,0.550000011920929,80.0,-3700.0,0.550000011920929,100.0
48680,3750.0,0.6000000238418579,80.0,-3700.0,0.6499999761581421,100.0
48700,3760.0,0.6000000238418579,80.0,-3610.0,0.6499999761581421,100.0
48720,3790.0,0.6000000238418579,80.0,-3600.0,0.6000000238418579,80.0
48740,3930.0,0.6000000238418579,80.0,-3720.0,0.550000011920929,100.0
48760,3950.0,0.6000000238418579,80.0,-3630.0,0.550000011920929,80.0
48780,3980.0,0.6000000238418579,80.0,-3530.0,0.5,80.0
48800,4020.0,0.550000011920929,80.0,-3600.0,0.550000011920929,80.0
48820,3930.0,0.550000011920929,80.0,-3450.0,0.6000000238418579,80.0
48840,3940.0,0.6000000238418579,80.0,-3420.0,0.5,100.0
48860,3840.0,0.6000000238418579,80.0,-3370.0,0.5,80.0
48880,3910.0,0.6499999761581421,80.0,-3300.0,0.5,80.0
48900,3970.0,0.6000000238418579,80.0,-3410.0,0.5,80.0
48920,4010.0,0.6000000238418579,80.0,-3500.0,0.5,80.0
48940,4070.0,0.550000011920929,80.0,-3410.0,0.5,80.0
48960,3960.0,0.6000000238418579,80.0,-3460.0,0.5,80.0
48980,3980.0,0.6000000238418579,80.0,-3500.0,0.5,100.0
49000,4090.0,0.550000011920929,80.0,-3560.0,0.550000011920929,100.0
49020,4060.0,0.6000000238418579,80.0,-3480.0,0.550000011920929,80.0
49040,3950.0,0.6000000238418579,80.0,-3390.0,0.6000000238418579,80.0
49060,3920.0,0.550000011920929,80.0,-3350.0,0.5,80.0
49080,3940.0,0.6000000238418579,80.0,-3380.0,0.5,100.0
49100,3950.0,0.6499999761581421,80.0,-3240.0,0.5,100.0
49120,3980.0,0.6000000238418579,80.0,-3270.0,0.6000000238418579,80.0
49140,3940.0,0.550000011920929,80.0,-3270.0,0.5,100.0
49160,3940.0,0.6000000238418579,80.0,-3370.0,0.5,100.0
49180,4040.0,0.550000011920929,80.0,-3330.0,0.5,80.0
49200,3990.0,0.6499999761581421,80.0,-3450.0,0.5,100.0
49220,3980.0,0.6000000238418579,80.0,-3540.0,0.5,100.0
49240,3930.0,0.6499999761581421,80.0,-3430.0,0.5,80.0
49260,3810.0,0.550000011920929,80.0,-3340.0,0.6000000238418579,80.0
49280,3960.0,0.550000011920929,80.0,-3480.0,0.5,80.0
49300,3990.0,0.550000011920929,80.0,-3400.0,0.550000011920929,100.0
49320,3960.0,0.550000011920929,80.0,-3500.0,0.5,100.0
49340,3900.0,0.550000011920929,80.0,-3450.0,0.5,100.0
49360,3990.0,0.550000011920929,80.0,-3380.0,0.6000000238418579,80.0
49380,3970.0,0.550000011920929,80.0,-3390.0,0.5,100.0
49400,3980.0,0.6000000238418579,80.0,-3280.0,0.550000011920929,80.0
49420,3980.0,0.550000011920929,80.0,-3360.0,0.5,100.0
49440,4010.0,0.6000000238418579,80.0,-3280.0,0.550000011920929,80.0
49460,4000.0,0.550000011920929,80.0,-3320.0,0.5,80.0
49480,4010.0,0.6000000238418579,80.0,-3360.0,0.550000011920929,80.0
49500,3950.0,0.6000000238418579,80.0,-3440.0,0.5,80.0
49520,3980.0,0.6000000238418579,80.0,-3310.0,0.5,80.0
49540,3990.0,0.550000011920929,80.0,-3240.0,0.5,100.0
49560,3980.0,0.6000000238418579,80.0,-3340.0,0.5,80.0
49580,3890.0,0.550000011920929,80.0,-3330.0,0.550000011920929,100.0
49600,3790.0,0.550000011920929,80.0,-3320.0,0.5,100.0
49620,3770.0,0.5,80.0,-3240.0,0.5,100.0
49640,3830.0,0.550000011920929,80.0,-3350.0,0.5,80.0
49660,3880.0,0.550000011920929,80.0,-3260.0,0.5,100.0
49680,3840.0,0.550000011920929,80.0,-3360.0,0.550000011920929,80.0
49700,3730.0,0.550000011920929,80.0,-3430.0,0.5,80.0
49720,3760.0,0.6000000238418579,80.0,-3490.0,0.5,80.0
49740,3720.0,0.550000011920929,80.0,-3360.0,0.5,80.0
49760,3680.0,0.5,80.0,-3360.0,0.5,100.0
49780,3630.0,0.5,80.0,-3320.0,0.550000011920929,80.0
49800,3780.0,0.5,80.0,-3290.0,0.5,80.0
49820,3770.0,0.5,80.0,-3380.0,0.5,100.0
49840,3740.0,0.5,80.0,-3440.0,0.5,80.0
49860,3720.0,0.6000000238418579,80.0,-3380.0,0.5,80.0
49880,3710.0,0.5,80.0,-3320.0,0.5,80.0
49900,3670.0,0.550000011920929,80.0,-3440.0,0.5,80.0
49920,3670.0,0.5,80.0,-3330.0,0.5,80.0
49940,3660.0,0.5,80.0,-3300.0,0.5,80.0
49960,3650.0,0.5,80.0,-3330.0,0.5,80.0
49980,3670.0,0.5,80.0,-3420.0,0.5,100.0
50000,3630.0,0.550000011920929,80.0,-3310.0,0.5,80.0
50020,3550.0,0.5,80.0,-3310.0,0.5,80.0
50040,3660.0,0.5,80.0,-3290.0,0.5,80.0
50060,3730.0,0.5,80.0,-3180.0,0.5,80.0
50080,3630.0,0.6000000238418579,80.0,,,
50100,3780.0,0.5,80.0,-3220.0,0.5,80.0
50120,3790.0,0.5,80.0,-3240.0,0.5,80.0
50140,3800.0,0.5,80.0,-3240.0,0.5,80.0
50160,3710.0,0.5,80.0,-3220.0,0.5,80.0
50180,3680.0,0.5,80.0,-3330.0,0.550000011920929,80.0
50200,3620.0,0.5,80.0,-3390.0,0.5,80.0
50220,3700.0,0.5,80.0,-3260.0,0.5,80.0
50240,3660.0,0.5,80.0,-3240.0,0.5,80.0
50260,3750.0,0.5,80.0,-3160.0,0.5,100.0
50280,3820.0,0.5,80.0,-3300.0,0.5,80.0
50300,3850.0,0.5,80.0,-3340.0,0.5,80.0
50320,3800.0,0.5,80.0,-3300.0,0.550000011920929,100.0
50340,3720.0,0.5,80.0,-3360.0,0.5,100.0
50360,3740.0,0.5,80.0,-3350.0,0.5,80.0
50380,3730.0,0.5,80.0,-3350.0,0.5,80.0
50400,3530.0,0.6000000238418579,100.0,,,
50420,3480.0,0.5,80.0,-3370.0,0.5,100.0
50440,3580.0,0.5,80.0,-3530.0,0.5,80.0
50460,3640.0,0.5,80.0,-3440.0,0.5,100.0
50480,3730.0,0.5,80.0,-3540.0,0.5,80.0
50500,3900.0,0.5,80.0,-3520.0,0.5,80.0
50520,3710.0,0.6499999761581421,80.0,,,
50540,3790.0,0.5,80.0,-3490.0,0.5,80.0
50560,3710.0,0.5,80.0,-3470.0,0.5,80.0
50580,3800.0,0.6000000238418579,80.0,-3610.0,0.5,80.0
50600,3820.0,0.5,80.0,-3470.0,0.5,80.0
50620,3820.0,0.5,80.0,-3610.0,0.5,80.0
50640,3770.0,0.5,80.0,-3710.0,0.5,80.0
50660,3750.0,0.5,80.0,-3660.0,0.5,80.0
50680,3770.0,0.5,80.0,-3640.0,0.5,80.0
50700,3770.0,0.5,80.0,-3590.0,0.5,80.0
50720,3760.0,0.5,80.0,-3630.0,0.550000011920929,100.0
50740,3680.0,0.5,80.0,-3520.0,0.5,80.0
50760,3730.0,0.5,80.0,-3440.0,0.5,80.0
50780,3610.0,0.5,80.0,-3460.0,0.5,80.0
50800,3540.0,0.5,80.0,-3550.0,0.5,80.0
50820,3580.0,0.550000011920929,80.0,-3510.0,0.5,80.0
50840,3610.0,0.5,80.0,-3440.0,0.5,80.0
50860,3570.0,0.5,80.0,-3450.0,0.5,80.0
50880,3620.0,0.5,80.0,-3450.0,0.550000011920929,80.0
50900,3670.0,0.550000011920929,80.0,-3530.0,0.5,80.0
50920,3680.0,0.5,80.0,-3510.0,0.5,80.0
50940,3710.0,0.6000000238418579,80.0,-3450.0,0.5,80.0
50960,3630.0,0.5,80.0,-3500.0,0.5,80.0
50980,3640.0,0.5,80.0,-3490.0,0.5,80.0
51000,3580.0,0.5,80.0,-3520.0,0.5,80.0
51020,3600.0,0.5,80.0,-3610.0,0.5,80.0
51040,3750.0,0.5,80.0,-3520.0,0.5,80.0
51060,3740.0,0.5,80.0,-3530.0,0.5,80.0
51080,3850.0,0.550000011920929,80.0,-3580.0,0.5,80.0
51100,3830.0,0.5,80.0,-3480.0,0.5,80.0
51120,3760.0,0.5,80.0,-3600.0,0.5,100.0
51140,3870.0,0.5,80.0,-3690.0,0.5,80.0
51160,3840.0,0.5,80.0,-3630.0,0.550000011920929,80.0
51180,3880.0,0.5,80.0,-3780.0,0.5,80.0
51200,3850.0,0.5,80.0,-3730.0,0.5,80.0
51220,3790.0,0.5,80.0,-3670.0,0.5,80.0
51240,3790.0,0.5,80.0,-3640.0,0.5,80.0
51260,3820.0,0.5,80.0,-3710.0,0.550000011920929,80.0
51280,3750.0,0.5,80.0,-3740.0,0.5,80.0
51300,3880.0,0.5,80.0,-3680.0,0.550000011920929,80.0
51320,3940.0,0.5,80.0,-3580.0,0.5,80.0
51340,3920.0,0.5,80.0,-3620.0,0.5,80.0
51360,3850.0,0.5,80.0,-3680.0,0.5,80.0
51380,3740.0,0.5,80.0,-3840.0,0.5,80.0
51400,3830.0,0.5,80.0,-3740.0,0.5,80.0
51420,3880.0,0.5,80.0,-3650.0,0.5,80.0
51440,3870.0,0.5,80.0,-3700.0,0.5,80.0
51460,3920.0,0.5,80.0,-3650.0,0.5,100.0
51480,3890.0,0.5,80.0,-3670.0,0.5,80.0
51500,3980.0,0.5,80.0,-3780.0,0.5,80.0
51520,3970.0,0.5,80.0,-3790.0,0.5,80.0
51540,4100.0,0.5,80.0,-3710.0,0.5,80.0
51560,4090.0,0.5,80.0,-3800.0,0.5,100.0
51580,3960.0,0.5,80.0,-3720.0,0.6000000238418579,80.0
51600,3960.0,0.5,80.0,-3760.0,0.5,80.0
51620,3860.0,0.5,80.0,-3680.0,0.550000011920929,80.0
51640,3930.0,0.5,80.0,-3650.0,0.5,80.0
51660,3850.0,0.5,80.0,-3620.0,0.5,80.0
51680,3870.0,0.5,80.0,-3700.0,0.5,80.0
51700,3890.0,0.5,80.0,-3720.0,0.5,80.0
51720,3820.0,0.5,80.0,-3560.0,0.5,80.0
51740,3890.0,0.5,80.0,-3660.0,0.5,80.0
51760,3820.0,0.5,80.0,-3580.0,0.5,80.0
51780,3730.0,0.5,80.0,-3710.0,0.5,80.0
51800,3820.0,0.550000011920929,80.0,-3620.0,0.5,80.0
51820,4000.0,0.5,80.0,-3570.0,0.5,80.0
51840,4130.0,0.5,80.0,-3700.0,0.5,80.0
51860,4020.0,0.5,80.0,-3670.0,0.5,80.0
51880,,,,-3520.0,0.5,80.0
51900,4040.0,0.550000011920929,80.0,-3360.0,0.550000011920929,80.0
51920,,,,-3190.0,0.550000011920929,80.0
51940,3950.0,0.550000011920929,80.0,-3170.0,0.5,80.0
51960,4060.0,0.699999988079071,60.0,-3340.0,0.5,100.0
51980,4030.0,0.550000011920929,80.0,-3540.0,0.5,80.0
52000,4120.0,0.550000011920929,80.0,-3520.0,0.5,80.0
52020,4130.0,0.5,80.0,-3650.0,0.5,80.0
52040,4300.0,0.5,80.0,-3690.0,0.5,80.0
52060,4310.0,0.550000011920929,60.0,-3750.0,0.5,100.0
52080,4430.0,0.5,80.0,-3780.0,0.5,80.0
52100,4300.0,0.5,80.0,-3710.0,0.5,80.0
52120,4410.0,0.5,80.0,-3740.0,0.550000011920929,100.0
52140,4370.0,0.5,80.0,-3790.0,0.550000011920929,100.0
52160,4460.0,0.6000000238418579,60.0,-3880.0,0.5,80.0
52180,4390.0,0.949999988079071,100.0,-3760.0,0.6000000238418579,100.0
52200,4430.0,0.5,80.0,-3630.0,0.550000011920929,100.0
52220,4350.0,0.5,80.0,-3540.0,0.5,100.0
52240,4400.0,0.5,80.0,-3500.0,0.5,100.0
52260,4320.0,0.5,80.0,-3540.0,0.6499999761581421,80.0
52280,4280.0,0.5,80.0,-3510.0,0.550000011920929,100.0
52300,4220.0,0.5,80.0,-3480.0,0.550000011920929,80.0
52320,4300.0,0.5,80.0,-3490.0,0.5,100.0
52340,4280.0,0.5,100.0,-3430.0,0.5,80.0
52360,4130.0,0.5,80.0,-3490.0,0.5,80.0
52380,4160.0,0.699999988079071,80.0,-3400.0,0.6000000238418579,80.0
52400,4130.0,0.5,80.0,-3520.0,0.5,80.0
52420,4060.0,0.5,80.0,-3560.0,0.5,100.0
52440,4030.0,0.5,80.0,-3410.0,0.6499999761581421,100.0
52460,4090.0,0.800000011920929,80.0,-3350.0,0.550000011920929,100.0
52480,4100.0,0.5,80.0,-3190.0,0.5,100.0
52500,4120.0,0.5,80.0,-3330.0,0.5,80.0
52520,4170.0,0.550000011920929,80.0,-3210.0,0.5,100.0
52540,4070.0,0.6000000238418579,80.0,-3230.0,0.6000000238418579,80.0
52560,4110.0,0.5,80.0,-3240.0,0.5,100.0
52580,4070.0,0.5,80.0,-3270.0,0.550000011920929,80.0
52600,4150.0,0.5,100.0,-3460.0,0.5,100.0
52620,4210.0,0.5,100.0,-3450.0,0.550000011920929,120.0
52640,4170.0,0.5,80.0,-3500.0,0.5,100.0
52660,4020.0,0.5,80.0,-3580.0,0.6000000238418579,80.0
52680,3960.0,0.5,80.0,-3590.0,0.6000000238418579,100.0
52700,3900.0,0.5,80.0,-3730.0,0.5,100.0
52720,3840.0,0.5,80.0,-3730.0,0.6000000238418579,80.0
52740,3890.0,0.5,80.0,-3810.0,0.550000011920929,80.0
52760,3970.0,0.5,80.0,-3660.0,0.699999988079071,80.0
52780,4110.0,0.5,80.0,-3800.0,0.75,80.0
52800,4130.0,0.5,80.0,-3820.0,0.5,100.0
52820,4030.0,0.5,80.0,-3910.0,0.5,100.0
52840,4010.0,0.5,80.0,-3830.0,0.5,80.0
52860,3970.0,0.5,80.0,-3680.0,0.75,100.0
52880,4010.0,0.5,80.0,-3680.0,0.550000011920929,100.0
52900,4080.0,0.5,80.0,-3710.0,0.550000011920929,100.0
52920,3910.0,0.5,80.0,-3750.0,0.550000011920929,40.0
52940,3970.0,0.5,80.0,-3680.0,0.550000011920929,100.0
52960,3960.0,0.5,80.0,-3640.0,0.550000011920929,80.0
52980,3880.0,0.5,80.0,-3710.0,0.5,80.0
53000,3930.0,0.5,80.0,-3760.0,0.5,100.0
53020,3900.0,0.550000011920929,80.0,-3790.0,0.5,100.0
53040,3850.0,0.5,80.0,-3720.0,0.5,120.0
53060,3840.0,0.550000011920929,80.0,-3640.0,0.550000011920929,80.0
53080,3910.0,0.5,80.0,-3630.0,0.550000011920929,80.0
53100,3920.0,0.5,80.0,-3540.0,0.5,100.0
53120,4000.0,0.6000000238418579,80.0,-3430.0,0.5,20.0
53140,4010.0,0.5,100.0,-3280.0,0.550000011920929,100.0
53160,3960.0,0.5,100.0,-3160.0,0.550000011920929,100.0
53180,3930.0,0.5,100.0,-3180.0,0.5,100.0
53200,4040.0,0.5,80.0,-3160.0,0.5,100.0
53220,4180.0,0.550000011920929,80.0,-3010.0,0.8500000238418579,40.0
53240,4190.0,0.5,80.0,-2890.0,0.550000011920929,120.0
53260,4210.0,0.5,80.0,-2970.0,0.550000011920929,100.0
53280,4220.0,0.5,80.0,-2970.0,0.5,60.0
53300,4110.0,0.5,80.0,-3030.0,0.6499999761581421,20.0
53320,4010.0,0.550000011920929,80.0,-3130.0,0.5,120.0
53340,4060.0,0.5,100.0,-3150.0,0.5,60.0
53360,4020.0,0.5,100.0,-3240.0,0.550000011920929,120.0
53380,3920.0,0.5,80.0,-3310.0,0.6000000238418579,120.0
53400,3840.0,0.5,80.0,-3260.0,0.5,120.0
53420,3960.0,0.5,80.0,-3220.0,0.550000011920929,120.0
53440,3980.0,0.5,80.0,-3260.0,0.5,60.0
53460,4040.0,0.5,80.0,-3240.0,0.5,100.0
53480,4020.0,0.550000011920929,80.0,-3310.0,0.6499999761581421,120.0
53500,3990.0,0.5,80.0,-3340.0,0.5,40.0
53520,3920.0,0.550000011920929,80.0,-3290.0,0.5,60.0
53540,3940.0,0.5,80.0,-3340.0,0.6000000238418579,100.0
53560,3810.0,0.5,100.0,-3450.0,0.6000000238418579,60.0
53580,3810.0,0.5,80.0,-3340.0,0.550000011920929,160.0
53600,3800.0,0.5,80.0,-3410.0,0.6499999761581421,120.0
53620,3720.0,0.5,80.0,-3320.0,0.550000011920929,160.0
53640,3570.0,0.550000011920929,80.0,-3330.0,0.550000011920929,120.0
53660,3460.0,0.5,80.0,-3350.0,0.550000011920929,120.0
53680,3520.0,0.5,100.0,-3300.0,0.6000000238418579,0.0
53700,3540.0,0.5,80.0,-3160.0,0.699999988079071,20.0
53720,3640.0,0.550000011920929,80.0,-3270.0,0.75,100.0
53740,3790.0,0.5,80.0,-3220.0,0.550000011920929,140.0
53760,3780.0,0.5,80.0,-3220.0,0.5,60.0
53780,3680.0,0.5,80.0,-3180.0,0.75,140.0
53800,3630.0,0.5,80.0,-3170.0,0.8999999761581421,20.0
53820,3640.0,0.550000011920929,100.0,-3160.0,0.5,100.0
53840,3510.0,0.6000000238418579,80.0,-3220.0,0.8500000238418579,140.0
53860,3660.0,0.5,100.0,-3290.0,0.8999999761581421,160.0
53880,3560.0,0.5,80.0,-3280.0,0.75,60.0
53900,3610.0,0.5,80.0,-3230.0,0.75,40.0
53920,3650.0,0.5,100.0,-3160.0,0.699999988079071,160.0
53940,3520.0,0.5,80.0,-3160.0,0.550000011920929,40.0
53960,3510.0,0.5,80.0,-3060.0,0.550000011920929,60.0
53980,3560.0,0.5,80.0,-3140.0,0.5,60.0
54000,3510.0,0.5,100.0,-3110.0,0.800000011920929,160.0
54020,3480.0,0.5,80.0,-3120.0,0.800000011920929,40.0
54040,3410.0,0.5,80.0,-3120.0,0.5,160.0
54060,3430.0,0.5,80.0,-3110.0,0.75,140.0
54080,3300.0,0.550000011920929,100.0,-3150.0,0.8500000238418579,120.0
54100,3290.0,0.5,80.0,-3110.0,0.8999999761581421,0.0
54120,3260.0,0.5,80.0,-3100.0,0.75,0.0
54140,3320.0,0.5,80.0,-3040.0,0.5,0.0
54160,3300.0,0.5,80.0,-2970.0,0.699999988079071,140.0
54180,3380.0,0.5,80.0,-3050.0,0.6499999761581421,40.0
54200,3460.0,0.5,80.0,-3140.0,0.5,60.0
54220,3450.0,0.5,80.0,-3140.0,0.5,0.0
54240,3330.0,0.5,80.0,-3120.0,0.5,60.0
54260,3400.0,0.5,80.0,-3020.0,0.6499999761581421,0.0
54280,3430.0,0.5,100.0,-3030.0,0.5,80.0
54300,3360.0,0.5,80.0,-2990.0,0.6000000238418579,0.0
54320,3380.0,0.5,80.0,-2940.0,0.699999988079071,0.0
54340,3390.0,0.5,80.0,-2860.0,0.8999999761581421,160.0
54360,3330.0,0.5,80.0,-2820.0,0.5,100.0
54380,3260.0,0.5,100.0,-2800.0,0.550000011920929,80.0
54400,3250.0,0.5,80.0,-2930.0,0.8999999761581421,40.0
54420,3230.0,0.5,80.0,-2960.0,0.5,20.0
54440,3230.0,0.5,80.0,-2920.0,0.5,0.0
54460,3130.0,0.5,100.0,-2840.0,0.5,100.0
54480,3110.0,0.5,80.0,-2790.0,0.6499999761581421,0.0
54500,3030.0,0.5,80.0,-2830.0,0.550000011920929,160.0
54520,2970.0,0.5,80.0,-2830.0,0.5,160.0
54540,2900.0,0.550000011920929,80.0,-2830.0,0.6499999761581421,0.0
54560,2880.0,0.5,100.0,-2870.0,0.5,160.0
54580,2930.0,0.6499999761581421,80.0,-2970.0,0.550000011920929,160.0
54600,2960.0,0.6000000238418579,80.0,-3050.0,0.699999988079071,100.0
54620,2850.0,0.5,80.0,-3140.0,0.6499999761581421,100.0
54640,2720.0,0.5,100.0,-3150.0,0.699999988079071,80.0
54660,2650.0,0.5,80.0,-3180.0,0.8999999761581421,80.0
54680,2520.0,0.550000011920929,100.0,-3200.0,0.5,160.0
54700,2610.0,0.5,80.0,-3100.0,0.550000011920929,100.0
54720,2590.0,0.6499999761581421,100.0,-3040.0,0.8999999761581421,0.0
54740,2610.0,0.550000011920929,100.0,-2950.0,0.6000000238418579,160.0
54760,2630.0,0.550000011920929,100.0,-2980.0,0.550000011920929,140.0
54780,2630.0,0.5,80.0,-2960.0,0.75,120.0
54800,2670.0,0.5,80.0,-2910.0,0.800000011920929,20.0
54820,2520.0,0.6000000238418579,100.0,-2920.0,0.6000000238418579,160.0
54840,2440.0,0.5,100.0,-2930.0,0.5,140.0
54860,2380.0,0.5,80.0,-2960.0,0.949999988079071,40.0
54880,2340.0,0.5,100.0,-2810.0,0.75,100.0
54900,2290.0,0.5,100.0,-2760.0,0.6499999761581421,60.0
54920,2300.0,0.550000011920929,100.0,-2820.0,0.5,160.0
54940,2250.0,0.5,100.0,-2750.0,0.550000011920929,100.0
54960,2300.0,0.6000000238418579,80.0,-2720.0,0.699999988079071,120.0
54980,2390.0,0.5,80.0,-2760.0,0.800000011920929,80.0
55000,2270.0,0.550000011920929,80.0,-2800.0,0.8500000238418579,140.0
55020,2310.0,0.5,100.0,-2710.0,0.949999988079071,140.0
55040,2330.0,0.550000011920929,80.0,-2760.0,0.550000011920929,100.0
55060,2310.0,0.550000011920929,80.0,-2780.0,0.550000011920929,100.0
55080,2250.0,0.5,100.0,-2830.0,0.699999988079071,80.0
55100,2160.0,0.5,80.0,-2790.0,0.5,40.0
55120,2050.0,0.5,100.0,-2730.0,0.75,100.0
55140,2080.0,0.5,100.0,-2760.0,0.6000000238418579,40.0
55160,2200.0,0.5,100.0,-2600.0,0.550000011920929,40.0
55180,2290.0,0.5,80.0,-2620.0,0.699999988079071,20.0
55200,2310.0,0.5,80.0,-2590.0,0.5,100.0
55220,2230.0,0.75,140.0,-2630.0,0.8999999761581421,60.0
55240,2200.0,0.75,60.0,-2670.0,0.550000011920929,160.0
55260,2270.0,0.550000011920929,80.0,-2540.0,0.6499999761581421,140.0
55280,2340.0,0.550000011920929,100.0,-2580.0,0.5,160.0
55300,2250.0,0.5,80.0,-2600.0,0.949999988079071,40.0
55320,2160.0,0.550000011920929,80.0,-2580.0,0.699999988079071,60.0
55340,2180.0,0.5,100.0,-2670.0,0.5,60.0
55360,2270.0,0.550000011920929,80.0,-2630.0,0.550000011920929,100.0
55380,2250.0,0.5,100.0,-2740.0,0.5,40.0
55400,2150.0,0.8500000238418579,100.0,-2720.0,0.550000011920929,0.0
55420,2010.0,0.6499999761581421,80.0,-2650.0,0.75,80.0
55440,2160.0,0.75,60.0,-2620.0,0.5,40.0
55460,2210.0,0.6000000238418579,80.0,-2720.0,0.5,100.0
55480,2190.0,0.5,80.0,-2740.0,0.550000011920929,160.0
55500,2250.0,0.5,80.0,-2600.0,0.699999988079071,100.0
55520,2270.0,0.5,100.0,-2540.0,0.5,80.0
55540,2230.0,0.6000000238418579,100.0,-2590.0,0.5,60.0
55560,2280.0,0.550000011920929,80.0,-2540.0,0.5,40.0
55580,2340.0,0.5,100.0,-2520.0,0.800000011920929,160.0
55600,2240.0,0.5,80.0,-2570.0,0.550000011920929,20.0
55620,2230.0,0.5,80.0,-2590.0,0.5,100.0
55640,2200.0,0.5,80.0,-2610.0,0.5,60.0
55660,2140.0,0.5,80.0,-2620.0,0.5,120.0
55680,2180.0,0.550000011920929,80.0,-2680.0,0.5,60.0
55700,2180.0,0.5,80.0,-2700.0,0.550000011920929,160.0
55720,2180.0,0.5,80.0,-2680.0,0.6000000238418579,100.0
55740,2150.0,0.5,100.0,-2600.0,0.699999988079071,80.0
55760,2030.0,0.5,100.0,-2690.0,0.5,80.0
55780,1970.0,0.5,80.0,-2690.0,0.5,60.0
55800,2060.0,0.6499999761581421,80.0,-2700.0,0.6000000238418579,0.0
55820,2090.0,0.5,80.0,-2670.0,0.5,60.0
55840,2070.0,0.5,100.0,-2690.0,0.5,60.0
55860,2140.0,0.5,80.0,-2790.0,0.6000000238418579,140.0
55880,2160.0,0.5,80.0,-2670.0,0.6000000238418579,160.0
55900,2200.0,0.5,80.0,-2710.0,0.800000011920929,20.0
55920,2240.0,0.550000011920929,80.0,-2730.0,0.6000000238418579,100.0
55940,2190.0,0.550000011920929,60.0,-2830.0,0.5,40.0
55960,2260.0,0.5,80.0,-2750.0,0.6000000238418579,160.0
55980,2290.0,0.5,80.0,-2810.0,0.75,0.0
56000,2350.0,0.550000011920929,80.0,-2860.0,0.5,140.0
56020,2460.0,0.550000011920929,80.0,-2790.0,0.8500000238418579,100.0
56040,2320.0,0.6499999761581421,80.0,-2650.0,0.5,60.0
56060,2410.0,0.5,60.0,-2600.0,0.75,20.0
56080,2380.0,0.5,80.0,-2570.0,0.5,140.0
56100,2290.0,0.5,80.0,-2560.0,0.550000011920929,0.0
56120,2350.0,0.5,100.0,-2570.0,0.5,100.0
56140,2490.0,0.5,80.0,-2570.0,0.5,60.0
56160,2450.0,0.5,100.0,-2480.0,0.6000000238418579,120.0
56180,2510.0,0.5,80.0,-2560.0,0.75,160.0
56200,2550.0,0.5,80.0,-2650.0,0.6499999761581421,100.0
56220,2650.0,0.550000011920929,80.0,-2620.0,0.6000000238418579,100.0
56240,2660.0,0.5,80.0,-2600.0,0.550000011920929,0.0
56260,2690.0,0.5,80.0,-2580.0,0.6000000238418579,120.0
56280,2730.0,0.5,100.0,-2490.0,0.5,40.0
56300,2790.0,0.550000011920929,80.0,-2490.0,0.8999999761581421,20.0
56320,2800.0,0.5,80.0,-2410.0,0.5,0.0
56340,2880.0,0.5,80.0,-2390.0,0.5,80.0
56360,2970.0,0.5,80.0,-2390.0,0.800000011920929,20.0
56380,2990.0,0.5,100.0,-2360.0,0.6499999761581421,100.0
56400,2880.0,0.5,80.0,-2420.0,0.800000011920929,160.0
56420,3020.0,0.5,80.0,-2550.0,0.5,160.0
56440,2990.0,0.5,80.0,-2540.0,0.5,120.0
56460,3080.0,0.550000011920929,80.0,-2570.0,0.6499999761581421,20.0
56480,3230.0,0.6000000238418579,80.0,-2600.0,0.5,0.0
56500,3330.0,0.5,80.0,-2620.0,0.550000011920929,0.0
56520,3360.0,0.5,80.0,-2570.0,0.5,60.0
56540,3380.0,0.5,80.0,-2590.0,0.5,40.0
56560,3360.0,0.6000000238418579,80.0,-2560.0,0.5,60.0
56580,3360.0,0.5,80.0,-2500.0,0.699999988079071,160.0
56600,3330.0,0.550000011920929,80.0,-2490.0,0.6000000238418579,160.0
56620,3350.0,0.5,80.0,-2390.0,0.550000011920929,100.0
56640,3370.0,0.6000000238418579,80.0,-2490.0,0.550000011920929,140.0
56660,3480.0,0.5,80.0,-2620.0,0.5,120.0
56680,3390.0,0.550000011920929,80.0,-2680.0,0.5,100.0
56700,3440.0,0.5,100.0,-2700.0,0.5,120.0
56720,3470.0,0.5,80.0,-2700.0,0.6000000238418579,80.0
56740,3510.0,0.5,80.0,-2760.0,0.699999988079071,80.0
56760,3610.0,0.5,100.0,-2820.0,0.5,60.0
56780,3650.0,0.5,80.0,-2870.0,0.800000011920929,140.0
56800,3620.0,0.5,80.0,-2860.0,0.550000011920929,80.0
56820,3700.0,0.5,100.0,-2900.0,0.949999988079071,160.0
56840,3810.0,0.5,80.0,-2860.0,0.550000011920929,20.0
56860,3820.0,0.5,80.0,-2820.0,0.6499999761581421,20.0
56880,3840.0,0.550000011920929,80.0,-2750.0,0.75,100.0
56900,3900.0,0.5,80.0,-2680.0,0.699999988079071,100.0
56920,3900.0,0.5,80.0,-2790.0,0.5,100.0
56940,3850.0,0.5,80.0,-2760.0,0.5,100.0
56960,3990.0,0.5,80.0,-2690.0,0.6000000238418579,120.0
56980,4030.0,0.5,80.0,-2590.0,0.800000011920929,80.0
57000,4170.0,0.5,80.0,-2720.0,0.5,100.0
57020,4120.0,0.5,80.0,-2710.0,0.5,100.0
57040,4070.0,0.6000000238418579,80.0,-2720.0,0.5,100.0
57060,4130.0,0.5,80.0,-2800.0,0.550000011920929,100.0
57080,4100.0,0.6000000238418579,80.0,-2820.0,0.5,120.0
57100,4030.0,0.5,100.0,-2880.0,0.6000000238418579,80.0
57120,4040.0,0.5,80.0,-2920.0,0.5,60.0
57140,4160.0,0.550000011920929,80.0,-2850.0,0.6000000238418579,80.0
57160,4280.0,0.5,80.0,-2810.0,0.75,80.0
57180,4260.0,0.5,80.0,-2840.0,0.5,80.0
57200,4360.0,0.5,80.0,-3010.0,0.5,80.0
57220,4300.0,0.5,80.0,-3060.0,0.5,100.0
57240,4160.0,0.5,80.0,-3170.0,0.5,100.0
57260,4210.0,0.5,80.0,-3180.0,0.5,100.0
57280,4170.0,0.6499999761581421,100.0,-3220.0,0.5,100.0
57300,4190.0,0.5,80.0,-3270.0,0.75,80.0
57320,4150.0,0.5,80.0,-3230.0,0.5,100.0
57340,4000.0,0.5,80.0,-3250.0,0.699999988079071,80.0
57360,3930.0,0.5,80.0,-3340.0,0.550000011920929,100.0
57380,4010.0,0.5,80.0,-3400.0,0.5,80.0
57400,4110.0,0.5,80.0,-3480.0,0.75,80.0
57420,3940.0,0.5,80.0,-3520.0,0.550000011920929,100.0
57440,3860.0,0.5,80.0,-3500.0,0.5,80.0
57460,3770.0,0.5,80.0,-3420.0,0.5,100.0
57480,3790.0,0.5,100.0,-3370.0,0.550000011920929,80.0
57500,3670.0,0.5,100.0,-3320.0,0.5,80.0
57520,3710.0,0.5,80.0,-3460.0,0.5,80.0
57540,3800.0,0.5,80.0,-3470.0,0.550000011920929,100.0
57560,3810.0,0.5,80.0,-3520.0,0.5,100.0
57580,3840.0,0.5,80.0,-3560.0,0.6000000238418579,80.0
57600,3840.0,0.5,80.0,-3550.0,0.5,100.0
57620,3930.0,0.550000011920929,80.0,-3530.0,0.6499999761581421,80.0
57640,4030.0,0.5,80.0,-3620.0,0.5,80.0
57660,3890.0,0.5,80.0,-3570.0,0.550000011920929,100.0
57680,3980.0,0.5,80.0,-3540.0,0.5,80.0
57700,3930.0,0.5,80.0,-3690.0,0.5,80.0
57720,3880.0,0.5,80.0,-3860.0,0.5,100.0
57740,3970.0,0.5,80.0,-4010.0,0.550000011920929,80.0
57760,4020.0,0.5,80.0,-4030.0,0.5,80.0
57780,4190.0,0.5,80.0,-3980.0,0.5,100.0
57800,4260.0,0.5,80.0,-3900.0,0.5,80.0
57820,4250.0,0.5,80.0,-4000.0,0.5,80.0
57840,4340.0,0.5,80.0,-3890.0,0.5,80.0
57860,4220.0,0.5,80.0,-3720.0,0.550000011920929,100.0
57880,3960.0,0.5,80.0,-3810.0,0.5,80.0
57900,3900.0,0.5,80.0,-3940.0,0.5,80.0
57920,3960.0,0.5,80.0,-3970.0,0.5,80.0
57940,3990.0,0.5,80.0,-4000.0,0.550000011920929,80.0
57960,4000.0,0.5,80.0,-3940.0,0.550000011920929,80.0
57980,4000.0,0.5,80.0,-4040.0,0.5,80.0
58000,4100.0,0.5,80.0,-3890.0,0.5,80.0
58020,4030.0,0.5,80.0,-3760.0,0.5,80.0
58040,3960.0,0.5,80.0,-3820.0,0.5,80.0
58060,3980.0,0.550000011920929,80.0,-3780.0,0.5,80.0
58080,3940.0,0.5,80.0,-3870.0,0.5,80.0
58100,3940.0,0.5,80.0,-3860.0,0.5,80.0
58120,3960.0,0.5,80.0,-3840.0,0.5,80.0
58140,3980.0,0.5,80.0,-3860.0,0.5,80.0
58160,3870.0,0.5,80.0,-3750.0,0.5,80.0
58180,3880.0,0.5,80.0,-3720.0,0.5,80.0
58200,3840.0,0.5,80.0,-3670.0,0.5,100.0
58220,3970.0,0.5,80.0,-3640.0,0.5,80.0
58240,4000.0,0.5,80.0,-3710.0,0.5,80.0
58260,4010.0,0.5,80.0,-3550.0,0.5,80.0
58280,4020.0,0.5,80.0,-3530.0,0.5,80.0
58300,4050.0,0.5,80.0,-3590.0,0.5,100.0
58320,4220.0,0.6000000238418579,80.0,-3650.0,0.5,80.0
58340,4110.0,0.5,80.0,-3740.0,0.5,80.0
58360,4020.0,0.5,80.0,-3570.0,0.5,80.0
58380,3990.0,0.5,80.0,-3660.0,0.5,80.0
58400,4030.0,0.5,80.0,-3620.0,0.5,80.0
58420,4040.0,0.5,100.0,-3490.0,0.550000011920929,80.0
58440,4060.0,0.5,80.0,-3580.0,0.5,80.0
58460,3950.0,0.5,80.0,-3630.0,0.5,80.0
58480,3860.0,0.6000000238418579,80.0,-3550.0,0.5,80.0
58500,3980.0,0.5,80.0,-3660.0,0.550000011920929,80.0
58520,4000.0,0.5,80.0,-3620.0,0.5,80.0
58540,3980.0,0.550000011920929,80.0,-3710.0,0.5,80.0
58560,3910.0,0.550000011920929,80.0,-3690.0,0.550000011920929,100.0
58580,3920.0,0.550000011920929,80.0,-3690.0,0.5,80.0
58600,3880.0,0.5,80.0,-3650.0,0.5,80.0
58620,3850.0,0.5,80.0,-3610.0,0.5,80.0
58640,3740.0,0.5,80.0,-3600.0,0.5,80.0
58660,3850.0,0.5,80.0,-3600.0,0.550000011920929,80.0
58680,3990.0,0.5,80.0,-3580.0,0.5,80.0
58700,3920.0,0.5,80.0,-3700.0,0.5,80.0
58720,3880.0,0.5,80.0,-3640.0,0.5,80.0
58740,3900.0,0.5,80.0,-3700.0,0.5,80.0
58760,3890.0,0.5,80.0,-3740.0,0.5,80.0
58780,3970.0,0.5,80.0,-3600.0,0.550000011920929,80.0
58800,3940.0,0.5,80.0,-3650.0,0.5,80.0
58820,3900.0,0.5,80.0,-3680.0,0.5,80.0
58840,3900.0,0.5,80.0,-3610.0,0.5,80.0
58860,3770.0,0.5,80.0,-3580.0,0.5,80.0
58880,3760.0,0.550000011920929,80.0,-3510.0,0.5,80.0
58900,3760.0,0.550000011920929,80.0,-3590.0,0.5,80.0
58920,3740.0,0.550000011920929,80.0,-3630.0,0.5,80.0
58940,3670.0,0.5,80.0,-3710.0,0.5,80.0
58960,3820.0,0.5,80.0,-3620.0,0.5,80.0
58980,3930.0,0.5,80.0,-3740.0,0.5,80.0
59000,3950.0,0.5,80.0,-3630.0,0.5,80.0
59020,3940.0,0.5,80.0,-3580.0,0.5,80.0
59040,3870.0,0.5,80.0,-3610.0,0.550000011920929,80.0
59060,3790.0,0.550000011920929,80.0,-3620.0,0.5,80.0
59080,3720.0,0.5,80.0,-3700.0,0.550000011920929,80.0
59100,3680.0,0.5,80.0,-3670.0,0.5,80.0
59120,3730.0,0.5,80.0,-3610.0,0.550000011920929,80.0
59140,3740.0,0.550000011920929,80.0,-3580.0,0.5,80.0
59160,3690.0,0.5,100.0,-3570.0,0.5,80.0
59180,3810.0,0.550000011920929,80.0,-3610.0,0.5,80.0
59200,3880.0,0.5,80.0,-3520.0,0.5,80.0
59220,3920.0,0.5,80.0,-3470.0,0.5,80.0
59240,3920.0,0.550000011920929,80.0,-3450.0,0.5,100.0
59260,3900.0,0.550000011920929,80.0,-3390.0,0.550000011920929,80.0
59280,3790.0,0.5,80.0,-3440.0,0.5,80.0
59300,3780.0,0.6000000238418579,80.0,-3330.0,0.5,80.0
59320,3700.0,0.5,80.0,-3310.0,0.5,80.0
59340,3680.0,0.5,80.0,-3330.0,0.5,80.0
59360,3630.0,0.550000011920929,80.0,-3170.0,0.5,100.0
59380,3590.0,0.550000011920929,80.0,-3230.0,0.550000011920929,80.0
59400,3780.0,0.6499999761581421,80.0,-3260.0,0.5,80.0
59420,3950.0,0.550000011920929,80.0,-3170.0,0.550000011920929,80.0
59440,3790.0,0.550000011920929,80.0,-3230.0,0.5,100.0
59460,3750.0,0.5,80.0,-3290.0,0.5,100.0
59480,3730.0,0.5,80.0,-3240.0,0.550000011920929,80.0
59500,3750.0,0.550000011920929,80.0,-3230.0,0.550000011920929,80.0
59520,3810.0,0.5,80.0,-3120.0,0.5,80.0
59540,3630.0,0.550000011920929,100.0,-3310.0,0.5,80.0
59560,3610.0,0.550000011920929,80.0,-3260.0,0.5,80.0
59580,3720.0,0.5,80.0,-3370.0,0.5,80.0
59600,3820.0,0.550000011920929,80.0,-3310.0,0.5,100.0
59620,3870.0,0.6000000238418579,80.0,-3370.0,0.5,80.0
59640,3780.0,0.550000011920929,80.0,-3430.0,0.5,80.0
59660,3800.0,0.550000011920929,80.0,-3310.0,0.550000011920929,100.0
59680,3870.0,0.550000011920929,80.0,-3400.0,0.5,100.0
59700,3820.0,0.6000000238418579,80.0,-3440.0,0.5,80.0
59720,3730.0,0.6000000238418579,80.0,-3420.0,0.6499999761581421,100.0
59740,3670.0,0.550000011920929,100.0,-3350.0,0.5,100.0
59760,3610.0,0.6000000238418579,80.0,-3400.0,0.5,100.0
59780,3690.0,0.5,80.0,-3330.0,0.5,100.0
59800,3800.0,0.550000011920929,80.0,-3440.0,0.5,80.0
59820,3750.0,0.6000000238418579,80.0,-3380.0,0.5,80.0
59840,3680.0,0.6000000238418579,80.0,-3440.0,0.5,100.0
59860,3750.0,0.6000000238418579,80.0,-3510.0,0.5,100.0
59880,3830.0,0.6000000238418579,80.0,-3550.0,0.550000011920929,100.0
59900,3940.0,0.6000000238418579,80.0,-3480.0,0.6000000238418579,100.0
59920,3920.0,0.6000000238418579,80.0,-3420.0,0.550000011920929,80.0
59940,3870.0,0.6000000238418579,80.0,-3490.0,0.5,100.0
59960,3770.0,0.550000011920929,80.0,-3460.0,0.550000011920929,80.0
59980,3930.0,0.6000000238418579,80.0,-3370.0,0.5,80.0
60000,3730.0,0.6000000238418579,80.0,-3430.0,0.5,80.0
60020,3660.0,0.6000000238418579,80.0,-3410.0,0.5,80.0
60040,3650.0,0.6000000238418579,100.0,-3380.0,0.5,100.0
60060,3780.0,0.6000000238418579,80.0,-3410.0,0.6499999761581421,120.0
60080,3690.0,0.6499999761581421,100.0,-3460.0,0.5,100.0
60100,3800.0,0.6000000238418579,80.0,-3590.0,0.550000011920929,100.0
60120,3790.0,0.6000000238418579,80.0,-3580.0,0.699999988079071,80.0
60140,3820.0,0.6499999761581421,80.0,-3490.0,0.75,100.0
60160,3880.0,0.6000000238418579,80.0,-3480.0,0.75,100.0
60180,3850.0,0.699999988079071,80.0,-3560.0,0.5,80.0
60200,3830.0,0.699999988079071,80.0,-3690.0,0.699999988079071,100.0
60220,3890.0,0.6000000238418579,80.0,-3680.0,0.5,100.0
60240,3830.0,0.550000011920929,80.0,-3640.0,0.6000000238418579,80.0
60260,3720.0,0.699999988079071,80.0,-3660.0,0.550000011920929,80.0
60280,3760.0,0.699999988079071,80.0,-3590.0,0.75,80.0
60300,3700.0,0.699999988079071,80.0,-3580.0,0.5,100.0
60320,3730.0,0.6499999761581421,80.0,-3540.0,0.5,80.0
60340,3740.0,0.6000000238418579,80.0,-3680.0,0.6499999761581421,80.0
60360,3710.0,0.6000000238418579,80.0,-3700.0,0.699999988079071,80.0
60380,3790.0,0.699999988079071,80.0,-3640.0,0.6000000238418579,80.0
60400,3900.0,0.6499999761581421,80.0,-3530.0,0.5,100.0
60420,3820.0,0.6499999761581421,80.0,-3440.0,0.6000000238418579,80.0
60440,3830.0,0.6000000238418579,80.0,-3400.0,0.6499999761581421,80.0
60460,3800.0,0.6499999761581421,100.0,-3250.0,0.6499999761581421,80.0
60480,3830.0,0.6499999761581421,80.0,-3230.0,0.75,80.0
60500,3970.0,0.699999988079071,80.0,-3250.0,0.6499999761581421,80.0
60520,3990.0,0.6499999761581421,100.0,-3260.0,0.6000000238418579,100.0
60540,3930.0,0.6000000238418579,80.0,-3220.0,0.5,80.0
60560,4020.0,0.6000000238418579,100.0,-3230.0,0.6000000238418579,80.0
60580,3940.0,0.6000000238418579,80.0,-3300.0,0.699999988079071,80.0
60600,4000.0,0.75,80.0,-3240.0,0.550000011920929,80.0
60620,3940.0,0.699999988079071,100.0,-3360.0,0.6000000238418579,100.0
60640,4000.0,0.75,80.0,-3290.0,0.550000011920929,80.0
60660,3870.0,0.6000000238418579,80.0,-3210.0,0.75,80.0
60680,3770.0,0.6499999761581421,100.0,-3160.0,0.550000011920929,100.0
60700,3620.0,0.6000000238418579,100.0,-3270.0,0.6000000238418579,80.0
60720,3560.0,0.6000000238418579,100.0,-3260.0,0.6000000238418579,80.0
60740,3600.0,0.550000011920929,100.0,-3300.0,0.6000000238418579,80.0
60760,3570.0,0.6499999761581421,100.0,-3240.0,0.6000000238418579,80.0
60780,3540.0,0.550000011920929,80.0,-3250.0,0.6499999761581421,80.0
60800,3520.0,0.550000011920929,100.0,-3230.0,0.5,80.0
60820,3520.0,0.75,100.0,-3300.0,0.75,100.0
60840,3480.0,0.6000000238418579,100.0,-3290.0,0.6499999761581421,100.0
60860,3450.0,0.699999988079071,100.0,-3240.0,0.5,80.0
60880,3340.0,0.5,100.0,-3220.0,0.6499999761581421,80.0
60900,3300.0,0.949999988079071,140.0,-3280.0,0.5,100.0
60920,3370.0,0.6000000238418579,100.0,-3290.0,0.550000011920929,100.0
60940,3470.0,0.699999988079071,100.0,-3310.0,0.550000011920929,100.0
60960,3490.0,0.550000011920929,80.0,-3320.0,0.550000011920929,80.0
60980,3480.0,0.5,80.0,-3270.0,0.6499999761581421,100.0
61000,3470.0,0.6000000238418579,100.0,-3320.0,0.5,80.0
61020,3490.0,0.699999988079071,100.0,-3350.0,0.550000011920929,80.0
61040,3540.0,0.6499999761581421,100.0,-3340.0,0.550000011920929,100.0
61060,3530.0,0.8500000238418579,100.0,-3360.0,0.6499999761581421,100.0
61080,3440.0,0.6000000238418579,80.0,-3280.0,0.550000011920929,80.0
61100,3480.0,0.6499999761581421,100.0,-3330.0,0.6000000238418579,100.0
61120,3510.0,0.6499999761581421,100.0,-3360.0,0.6499999761581421,80.0
61140,3560.0,0.550000011920929,80.0,-3310.0,0.5,100.0
61160,3490.0,0.800000011920929,80.0,-3370.0,0.699999988079071,100.0
61180,3440.0,0.699999988079071,100.0,-3310.0,0.6499999761581421,100.0
61200,3510.0,0.5,80.0,-3220.0,0.550000011920929,80.0
61220,3600.0,0.6499999761581421,80.0,-3340.0,0.75,80.0
61240,3560.0,0.699999988079071,100.0,-3300.0,0.6000000238418579,100.0
61260,3500.0,0.699999988079071,100.0,-3270.0,0.6000000238418579,100.0
61280,3540.0,0.550000011920929,80.0,-3330.0,0.550000011920929,100.0
61300,3500.0,0.550000011920929,80.0,-3330.0,0.550000011920929,80.0
61320,3440.0,0.6000000238418579,100.0,-3330.0,0.6499999761581421,100.0
61340,3440.0,0.800000011920929,100.0,-3330.0,0.6000000238418579,80.0
61360,3500.0,0.699999988079071,100.0,-3470.0,0.6000000238418579,80.0
61380,3470.0,0.699999988079071,100.0,-3370.0,0.6499999761581421,80.0
61400,3500.0,0.5,80.0,-3310.0,0.6000000238418579,80.0
61420,3620.0,0.8500000238418579,60.0,-3410.0,0.5,100.0
61440,3590.0,0.800000011920929,80.0,-3370.0,0.6000000238418579,100.0
61460,3520.0,0.75,100.0,-3380.0,0.6000000238418579,80.0
61480,3540.0,0.75,100.0,-3500.0,0.6499999761581421,80.0
61500,3430.0,0.6000000238418579,80.0,-3350.0,0.6000000238418579,100.0
61520,3420.0,0.6000000238418579,100.0,-3370.0,0.6000000238418579,100.0
61540,3410.0,0.75,100.0,-3370.0,0.550000011920929,100.0
61560,3500.0,0.6000000238418579,100.0,-3250.0,0.6499999761581421,100.0
61580,3500.0,0.699999988079071,100.0,-3280.0,0.550000011920929,80.0
61600,3570.0,0.8999999761581421,80.0,-3370.0,0.6000000238418579,100.0
61620,3530.0,0.5,80.0,-3220.0,0.550000011920929,100.0
61640,3580.0,0.6000000238418579,80.0,-3260.0,0.5,100.0
61660,3530.0,0.5,80.0,-3280.0,0.6000000238418579,80.0
61680,3490.0,0.5,100.0,-3230.0,0.5,80.0
61700,3390.0,0.800000011920929,100.0,-3250.0,0.550000011920929,100.0
61720,3300.0,0.75,100.0,-3230.0,0.550000011920929,100.0
61740,3430.0,0.8999999761581421,120.0,-3260.0,0.6499999761581421,100.0
61760,3490.0,0.800000011920929,80.0,-3350.0,0.6499999761581421,80.0
61780,3560.0,0.6000000238418579,100.0,-3330.0,0.550000011920929,100.0
61800,3450.0,0.75,100.0,-3370.0,0.6000000238418579,80.0
61820,3420.0,0.6000000238418579,80.0,-3320.0,0.75,100.0
61840,3410.0,0.75,100.0,-3240.0,0.699999988079071,80.0
61860,3510.0,0.800000011920929,100.0,-3340.0,0.6000000238418579,100.0
61880,3510.0,0.699999988079071,80.0,-3310.0,0.6499999761581421,80.0
61900,3500.0,0.6499999761581421,100.0,-3270.0,0.550000011920929,100.0
61920,3420.0,0.6499999761581421,100.0,-3250.0,0.699999988079071,100.0
61940,3490.0,0.550000011920929,80.0,-3240.0,0.550000011920929,100.0
61960,3540.0,0.6000000238418579,100.0,-3230.0,0.699999988079071,100.0
61980,3620.0,0.75,100.0,-3250.0,0.699999988079071,100.0
62000,3570.0,0.6499999761581421,80.0,-3260.0,0.699999988079071,100.0
62020,3590.0,0.699999988079071,100.0,-3290.0,0.550000011920929,100.0
62040,3610.0,0.5,80.0,-3350.0,0.6499999761581421,80.0
62060,3610.0,0.6499999761581421,100.0,-3330.0,0.75,100.0
62080,3460.0,0.550000011920929,100.0,-3310.0,0.6499999761581421,80.0
62100,3540.0,0.699999988079071,80.0,-3290.0,0.6499999761581421,80.0
62120,3540.0,0.6000000238418579,100.0,-3240.0,0.699999988079071,80.0
62140,3680.0,0.6000000238418579,100.0,-3310.0,0.6000000238418579,100.0
62160,3680.0,0.699999988079071,100.0,-3290.0,0.75,100.0
62180,3690.0,0.800000011920929,80.0,-3280.0,0.6499999761581421,80.0
62200,3590.0,0.75,80.0,-3350.0,0.6499999761581421,80.0
62220,3500.0,0.6499999761581421,100.0,-3410.0,0.6000000238418579,100.0
62240,3480.0,0.8500000238418579,60.0,-3460.0,0.699999988079071,80.0
62260,3420.0,0.550000011920929,100.0,-3380.0,0.6499999761581421,100.0
62280,3470.0,0.699999988079071,80.0,-3350.0,0.699999988079071,80.0
62300,3490.0,0.699999988079071,100.0,-3300.0,0.6000000238418579,100.0
62320,3480.0,0.800000011920929,80.0,-3350.0,0.75,80.0
62340,3520.0,0.949999988079071,80.0,-3390.0,0.75,80.0
62360,3590.0,0.8500000238418579,60.0,-3310.0,0.6499999761581421,80.0
62380,3570.0,0.550000011920929,80.0,-3320.0,0.6000000238418579,100.0
62400,3530.0,0.8500000238418579,100.0,-3390.0,0.75,100.0
62420,3630.0,0.6499999761581421,100.0,-3380.0,0.75,100.0
62440,3640.0,0.699999988079071,80.0,-3380.0,0.6499999761581421,80.0
62460,3680.0,0.75,80.0,-3440.0,0.75,80.0
62480,3750.0,0.75,80.0,-3430.0,0.699999988079071,80.0
62500,3720.0,0.699999988079071,100.0,-3400.0,0.6000000238418579,100.0
62520,3790.0,0.800000011920929,100.0,-3450.0,0.699999988079071,80.0
62540,3810.0,0.6499999761581421,100.0,-3470.0,0.6499999761581421,100.0
62560,3720.0,0.8500000238418579,100.0,-3380.0,0.75,80.0
62580,3660.0,0.8500000238418579,100.0,-3410.0,0.75,100.0
62600,3620.0,0.699999988079071,100.0,-3330.0,0.75,80.0
62620,3590.0,0.75,80.0,-3390.0,0.75,100.0
62640,3650.0,0.699999988079071,100.0,-3490.0,0.6499999761581421,100.0
62660,3590.0,0.699999988079071,100.0,-3400.0,0.6499999761581421,100.0
62680,3620.0,0.75,100.0,-3490.0,0.699999988079071,100.0
62700,3580.0,0.8500000238418579,80.0,-3430.0,0.75,80.0
62720,3640.0,0.6499999761581421,100.0,-3440.0,0.75,80.0
62740,3690.0,0.75,80.0,-3440.0,0.6499999761581421,80.0
62760,3650.0,0.800000011920929,100.0,-3500.0,0.699999988079071,80.0
62780,3620.0,0.699999988079071,100.0,-3560.0,0.699999988079071,80.0
62800,3620.0,0.699999988079071,100.0,-3500.0,0.699999988079071,80.0
62820,3620.0,0.6000000238418579,80.0,-3370.0,0.699999988079071,100.0
62840,3600.0,0.8500000238418579,80.0,-3410.0,0.6499999761581421,100.0
62860,3630.0,0.75,100.0,-3480.0,0.699999988079071,80.0
62880,3590.0,0.75,100.0,-3530.0,0.6499999761581421,100.0
62900,3660.0,0.75,100.0,-3520.0,0.75,80.0
62920,3670.0,0.75,100.0,-3420.0,0.6499999761581421,100.0
62940,3710.0,0.8500000238418579,100.0,-3420.0,0.699999988079071,100.0
62960,3750.0,0.6000000238418579,80.0,-3400.0,0.6499999761581421,100.0
62980,3640.0,0.8500000238418579,100.0,-3450.0,0.699999988079071,100.0
63000,3660.0,0.6499999761581421,80.0,-3390.0,0.75,80.0
63020,3650.0,0.6499999761581421,80.0,-3330.0,0.75,80.0
63040,3650.0,0.8999999761581421,120.0,-3450.0,0.75,100.0
63060,3660.0,0.75,100.0,-3380.0,0.699999988079071,80.0
63080,3580.0,0.75,100.0,-3500.0,0.6499999761581421,100.0
63100,3690.0,0.8500000238418579,80.0,-3380.0,0.6499999761581421,100.0
63120,3670.0,0.550000011920929,80.0,-3450.0,0.699999988079071,80.0
63140,3550.0,0.800000011920929,100.0,-3440.0,0.75,80.0
63160,3560.0,0.949999988079071,100.0,-3420.0,0.699999988079071,80.0
63180,3600.0,0.949999988079071,140.0,-3530.0,0.699999988079071,100.0
63200,3630.0,0.699999988079071,100.0,-3470.0,0.699999988079071,80.0
63220,3630.0,0.8999999761581421,60.0,-3430.0,0.699999988079071,100.0
63240,3620.0,0.6499999761581421,80.0,-3460.0,0.699999988079071,100.0
63260,3540.0,0.75,100.0,-3440.0,0.699999988079071,100.0
63280,3560.0,0.550000011920929,80.0,-3430.0,0.75,100.0
63300,3640.0,0.75,100.0,-3450.0,0.75,100.0
63320,3670.0,0.800000011920929,100.0,-3440.0,0.699999988079071,80.0
63340,3610.0,0.8999999761581421,100.0,-3450.0,0.699999988079071,100.0
63360,3590.0,0.800000011920929,100.0,-3370.0,0.800000011920929,100.0
63380,3590.0,0.699999988079071,100.0,-3490.0,0.699999988079071,100.0
63400,3620.0,0.699999988079071,100.0,-3450.0,0.75,80.0
63420,3610.0,0.8999999761581421,60.0,-3420.0,0.699999988079071,100.0
63440,3680.0,0.800000011920929,100.0,-3440.0,0.75,100.0
63460,3540.0,0.6499999761581421,80.0,-3450.0,0.699999988079071,100.0
63480,3560.0,0.75,100.0,-3440.0,0.75,80.0
63500,3610.0,0.6499999761581421,80.0,-3450.0,0.6499999761581421,100.0
63520,3670.0,0.699999988079071,100.0,-3390.0,0.699999988079071,80.0
63540,3570.0,0.8999999761581421,80.0,-3480.0,0.6499999761581421,100.0
63560,3630.0,0.8999999761581421,120.0,-3470.0,0.699999988079071,100.0
63580,3690.0,0.75,80.0,-3430.0,0.6499999761581421,100.0
63600,3760.0,0.800000011920929,100.0,-3510.0,0.699999988079071,100.0
63620,3640.0,0.8500000238418579,80.0,-3420.0,0.6499999761581421,100.0
63640,3600.0,0.949999988079071,100.0,-3460.0,0.699999988079071,80.0
63660,3700.0,0.699999988079071,100.0,-3510.0,0.699999988079071,100.0
63680,3770.0,0.699999988079071,100.0,-3480.0,0.800000011920929,100.0
63700,3770.0,0.75,100.0,-3490.0,0.699999988079071,100.0
63720,3750.0,0.75,100.0,-3510.0,0.6499999761581421,80.0
63740,3740.0,0.75,100.0,-3470.0,0.75,80.0
63760,3820.0,0.949999988079071,100.0,-3510.0,0.75,100.0
63780,3750.0,0.75,80.0,-3430.0,0.75,100.0
63800,3760.0,0.75,100.0,-3390.0,0.800000011920929,100.0
63820,3730.0,0.75,100.0,-3470.0,0.699999988079071,100.0
63840,3750.0,0.800000011920929,100.0,-3370.0,0.800000011920929,100.0
63860,3870.0,0.8500000238418579,100.0,-3440.0,0.6499999761581421,80.0
63880,3890.0,0.800000011920929,100.0,-3440.0,0.75,100.0
63900,3870.0,0.699999988079071,80.0,-3500.0,0.75,100.0
63920,3860.0,0.8500000238418579,100.0,-3450.0,0.699999988079071,100.0
63940,3900.0,0.75,80.0,-3440.0,0.699999988079071,80.0
63960,3910.0,0.75,100.0,-3450.0,0.800000011920929,100.0
63980,3860.0,0.800000011920929,100.0,-3400.0,0.699999988079071,80.0
64000,3770.0,0.699999988079071,80.0,-3430.0,0.699999988079071,100.0
64020,3810.0,0.8500000238418579,100.0,-3410.0,0.75,100.0
64040,3820.0,0.8500000238418579,100.0,-3390.0,0.75,80.0
64060,3850.0,0.699999988079071,80.0,-3400.0,0.6499999761581421,100.0
64080,3780.0,0.800000011920929,80.0,-3340.0,0.800000011920929,100.0
64100,3710.0,0.949999988079071,100.0,-3370.0,0.699999988079071,80.0
64120,3680.0,0.800000011920929,100.0,-3380.0,0.699999988079071,100.0
64140,3650.0,0.800000011920929,100.0,-3360.0,0.75,80.0
64160,3820.0,0.8500000238418579,100.0,-3460.0,0.6499999761581421,80.0
64180,3840.0,0.75,80.0,-3470.0,0.800000011920929,100.0
64200,3770.0,0.8500000238418579,100.0,-3460.0,0.699999988079071,80.0
64220,3670.0,0.949999988079071,100.0,-3480.0,0.800000011920929,80.0
64240,3700.0,0.75,100.0,-3500.0,0.6499999761581421,100.0
64260,3770.0,0.800000011920929,100.0,-3530.0,0.800000011920929,80.0
64280,3820.0,0.75,100.0,-3460.0,0.75,80.0
64300,3860.0,0.8500000238418579,100.0,-3410.0,0.800000011920929,80.0
64320,3820.0,0.75,80.0,-3430.0,0.75,80.0
64340,3790.0,0.8500000238418579,100.0,-3330.0,0.75,100.0
64360,3910.0,0.75,100.0,-3420.0,0.75,100.0
64380,3760.0,0.75,60.0,-3480.0,0.6499999761581421,80.0
64400,3640.0,0.8500000238418579,100.0,-3410.0,0.8500000238418579,100.0
64420,3740.0,0.800000011920929,80.0,-3460.0,0.699999988079071,100.0
64440,3630.0,0.800000011920929,100.0,-3520.0,0.800000011920929,100.0
64460,3660.0,0.75,80.0,-3490.0,0.699999988079071,80.0
64480,3820.0,0.800000011920929,80.0,-3480.0,0.699999988079071,100.0
64500,3840.0,0.800000011920929,100.0,-3400.0,0.75,80.0
64520,3760.0,0.949999988079071,100.0,-3490.0,0.699999988079071,100.0
64540,3830.0,0.800000011920929,80.0,-3450.0,0.75,100.0
64560,3800.0,0.8500000238418579,100.0,-3370.0,0.699999988079071,80.0
64580,3810.0,0.8500000238418579,100.0,-3460.0,0.699999988079071,100.0
64600,3760.0,0.800000011920929,80.0,-3360.0,0.75,80.0
64620,3790.0,0.8500000238418579,100.0,-3400.0,0.800000011920929,80.0
64640,3930.0,0.75,80.0,-3360.0,0.800000011920929,80.0
64660,3980.0,0.8500000238418579,80.0,-3400.0,0.6499999761581421,100.0
64680,3880.0,0.8500000238418579,80.0,-3550.0,0.75,80.0
64700,3720.0,0.8999999761581421,100.0,-3480.0,0.800000011920929,80.0
64720,3680.0,0.8999999761581421,100.0,-3530.0,0.800000011920929,80.0
64740,3680.0,0.800000011920929,100.0,-3600.0,0.75,100.0
64760,3670.0,0.800000011920929,80.0,-3530.0,0.75,80.0
64780,3760.0,0.8500000238418579,80.0,-3460.0,0.800000011920929,80.0
64800,3770.0,0.8500000238418579,100.0,-3450.0,0.75,100.0
64820,3840.0,0.800000011920929,80.0,-3510.0,0.800000011920929,100.0
64840,3930.0,0.8500000238418579,80.0,-3470.0,0.800000011920929,80.0
64860,3920.0,0.8999999761581421,80.0,-3480.0,0.699999988079071,80.0
64880,3840.0,0.8999999761581421,80.0,-3500.0,0.800000011920929,80.0
64900,3770.0,0.8500000238418579,80.0,-3350.0,0.800000011920929,80.0
64920,3740.0,0.8999999761581421,80.0,-3460.0,0.800000011920929,80.0
64940,3600.0,0.949999988079071,80.0,-3480.0,0.75,80.0
64960,3680.0,0.8500000238418579,80.0,-3450.0,0.8500000238418579,60.0
64980,3660.0,0.8500000238418579,80.0,-3460.0,0.6499999761581421,100.0
65000,3710.0,0.8500000238418579,100.0,-3340.0,0.800000011920929,80.0
65020,3800.0,0.8500000238418579,80.0,-3390.0,0.800000011920929,80.0
65040,3840.0,0.8500000238418579,80.0,-3490.0,0.800000011920929,80.0
65060,3850.0,0.8500000238418579,80.0,-3600.0,0.75,100.0
65080,3790.0,0.8500000238418579,80.0,-3680.0,0.75,100.0
65100,3740.0,0.800000011920929,80.0,-3550.0,0.800000011920929,80.0
65120,3760.0,0.8999999761581421,80.0,-3520.0,0.800000011920929,120.0
65140,3830.0,0.8999999761581421,80.0,-3480.0,0.75,80.0
65160,3760.0,0.949999988079071,80.0,-3480.0,0.8500000238418579,120.0
65180,3740.0,0.8500000238418579,100.0,-3480.0,0.800000011920929,100.0
65200,3690.0,0.8500000238418579,80.0,-3510.0,0.699999988079071,100.0
65220,3670.0,0.8500000238418579,80.0,-3540.0,0.8500000238418579,100.0
65240,3680.0,0.949999988079071,80.0,-3570.0,0.800000011920929,80.0
65260,3650.0,0.8999999761581421,80.0,-3570.0,0.800000011920929,100.0
65280,3830.0,0.8500000238418579,80.0,-3470.0,0.800000011920929,100.0
65300,3790.0,0.8500000238418579,80.0,-3470.0,0.800000011920929,100.0
65320,3800.0,0.8500000238418579,80.0,-3500.0,0.75,100.0
65340,3730.0,0.8999999761581421,80.0,-3460.0,0.800000011920929,80.0
65360,3660.0,0.8500000238418579,80.0,-3530.0,0.800000011920929,100.0
65380,3750.0,0.8999999761581421,100.0,-3630.0,0.800000011920929,80.0
65400,3730.0,0.8999999761581421,100.0,-3620.0,0.75,100.0
65420,3700.0,0.8500000238418579,80.0,-3570.0,0.800000011920929,100.0
65440,3710.0,0.8500000238418579,80.0,-3550.0,0.800000011920929,80.0
65460,3710.0,0.8999999761581421,60.0,-3490.0,0.75,100.0
65480,3830.0,0.8999999761581421,80.0,-3450.0,0.75,100.0
65500,3750.0,0.8999999761581421,80.0,-3400.0,0.699999988079071,80.0
65520,3730.0,0.8999999761581421,80.0,-3330.0,0.699999988079071,100.0
65540,3710.0,0.8500000238418579,80.0,-3590.0,0.800000011920929,80.0
65560,3700.0,0.8500000238418579,80.0,-3640.0,0.800000011920929,100.0
65580,3730.0,0.8999999761581421,80.0,-3620.0,0.800000011920929,100.0
65600,3770.0,0.8500000238418579,80.0,-3670.0,0.800000011920929,80.0
65620,3730.0,0.8500000238418579,80.0,-3630.0,0.6499999761581421,0.0
65640,3780.0,0.8999999761581421,80.0,-3650.0,0.800000011920929,100.0
65660,3710.0,0.8999999761581421,80.0,-3590.0,0.800000011920929,100.0
65680,3770.0,0.8999999761581421,80.0,-3750.0,0.800000011920929,100.0
65700,3800.0,0.8500000238418579,60.0,-3630.0,0.800000011920929,80.0
65720,3750.0,0.949999988079071,80.0,-3620.0,0.75,100.0
65740,3730.0,0.8999999761581421,80.0,-3620.0,0.8500000238418579,80.0
65760,3680.0,0.8999999761581421,80.0,-3550.0,0.6499999761581421,160.0
65780,3690.0,0.949999988079071,60.0,-3610.0,0.949999988079071,140.0
65800,3760.0,0.8500000238418579,80.0,-3550.0,0.8500000238418579,80.0
65820,3720.0,0.8999999761581421,100.0,-3730.0,0.75,80.0
65840,3800.0,0.949999988079071,80.0,-3730.0,0.8500000238418579,80.0
65860,3830.0,0.8999999761581421,80.0,-3740.0,0.8500000238418579,100.0
65880,3780.0,0.8999999761581421,80.0,-3780.0,0.75,100.0
65900,3790.0,0.8999999761581421,100.0,-3740.0,0.8500000238418579,100.0
65920,3750.0,0.8999999761581421,80.0,-3670.0,0.800000011920929,100.0
65940,3760.0,0.949999988079071,60.0,-3670.0,0.800000011920929,100.0
65960,3780.0,0.949999988079071,100.0,-3610.0,0.8500000238418579,120.0
65980,3740.0,0.949999988079071,80.0,-3540.0,0.6000000238418579,20.0
66000,3750.0,0.949999988079071,100.0,-3450.0,0.949999988079071,140.0
66020,3720.0,0.8999999761581421,80.0,-3520.0,0.8999999761581421,80.0
66040,3790.0,0.8500000238418579,80.0,-3530.0,0.800000011920929,100.0
66060,3770.0,0.8999999761581421,80.0,-3530.0,0.800000011920929,100.0
66080,3810.0,0.8999999761581421,100.0,-3550.0,0.800000011920929,100.0
66100,3730.0,0.8999999761581421,80.0,-3490.0,0.8500000238418579,100.0
66120,3760.0,0.8999999761581421,100.0,-3450.0,0.800000011920929,100.0
66140,3760.0,0.949999988079071,100.0,-3470.0,0.75,100.0
66160,3770.0,0.949999988079071,60.0,-3450.0,0.800000011920929,100.0
66180,3710.0,0.949999988079071,80.0,-3480.0,0.800000011920929,100.0
66200,3650.0,0.8999999761581421,80.0,-3560.0,0.75,100.0
66220,3710.0,0.8999999761581421,80.0,-3510.0,0.8999999761581421,120.0
66240,3720.0,0.8999999761581421,80.0,-3590.0,0.550000011920929,0.0
66260,3730.0,0.8999999761581421,80.0,-3650.0,0.949999988079071,40.0
66280,3660.0,0.8999999761581421,80.0,-3720.0,0.8999999761581421,120.0
66300,3770.0,0.949999988079071,100.0,-3740.0,0.800000011920929,100.0
66320,3720.0,0.8999999761581421,80.0,-3790.0,0.949999988079071,140.0
66340,3670.0,0.8999999761581421,80.0,-3700.0,0.8999999761581421,100.0
66360,3740.0,0.8999999761581421,100.0,-3690.0,0.800000011920929,100.0
66380,3730.0,0.949999988079071,80.0,-3590.0,0.949999988079071,80.0
66400,3720.0,0.949999988079071,80.0,-3460.0,0.8500000238418579,100.0
66420,3770.0,0.8999999761581421,60.0,-3520.0,0.8999999761581421,120.0
66440,3680.0,0.8999999761581421,80.0,-3660.0,0.800000011920929,120.0
66460,3680.0,0.8999999761581421,80.0,-3630.0,0.8999999761581421,100.0
66480,3770.0,0.8999999761581421,80.0,-3770.0,0.8999999761581421,100.0
66500,3730.0,0.8999999761581421,80.0,-3630.0,0.5,0.0
66520,3770.0,0.949999988079071,80.0,-3490.0,0.5,0.0
66540,3820.0,0.949999988079071,80.0,-3510.0,0.699999988079071,160.0
66560,3760.0,0.8999999761581421,80.0,-3400.0,0.8500000238418579,140.0
66580,3770.0,0.8999999761581421,60.0,-3550.0,0.8999999761581421,120.0
66600,3780.0,0.949999988079071,100.0,-3500.0,0.8999999761581421,100.0
66620,3730.0,0.8999999761581421,80.0,-3590.0,0.5,0.0
66640,3750.0,0.8500000238418579,80.0,-3520.0,0.8500000238418579,140.0
66660,3710.0,0.8999999761581421,100.0,-3470.0,0.8500000238418579,140.0
66680,3720.0,0.8999999761581421,80.0,-3540.0,0.75,160.0
66700,3720.0,0.949999988079071,80.0,-3440.0,0.8500000238418579,100.0
66720,3760.0,0.949999988079071,80.0,-3520.0,0.8500000238418579,100.0
66740,3730.0,0.949999988079071,100.0,-3640.0,0.8999999761581421,100.0
66760,3760.0,0.949999988079071,80.0,-3620.0,0.949999988079071,120.0
66780,3780.0,0.949999988079071,80.0,-3540.0,0.5,0.0
66800,3800.0,0.949999988079071,80.0,-3580.0,0.8500000238418579,120.0
66820,3770.0,0.949999988079071,80.0,-3480.0,0.75,100.0
66840,3770.0,0.8999999761581421,60.0,-3480.0,0.6499999761581421,160.0
66860,3790.0,0.8999999761581421,80.0,-3480.0,0.800000011920929,140.0
66880,3770.0,0.8999999761581421,80.0,-3590.0,0.800000011920929,140.0
66900,3720.0,0.8999999761581421,80.0,-3650.0,0.800000011920929,100.0
66920,3790.0,0.949999988079071,80.0,-3630.0,0.8500000238418579,100.0
66940,3820.0,0.8999999761581421,80.0,-3580.0,0.8999999761581421,100.0
66960,3780.0,0.949999988079071,60.0,-3560.0,0.5,0.0
66980,3760.0,0.949999988079071,80.0,-3660.0,0.8500000238418579,120.0
67000,3770.0,0.949999988079071,80.0,-3670.0,0.800000011920929,160.0
67020,3770.0,0.949999988079071,80.0,-3700.0,0.8999999761581421,140.0
67040,3750.0,0.949999988079071,80.0,-3610.0,0.6000000238418579,0.0
67060,3750.0,0.949999988079071,80.0,-3620.0,0.949999988079071,140.0
67080,3830.0,0.949999988079071,80.0,-3530.0,0.5,0.0
67100,3770.0,0.8999999761581421,60.0,-3660.0,0.949999988079071,120.0
67120,3720.0,0.949999988079071,60.0,-3580.0,0.8999999761581421,100.0
67140,3750.0,0.949999988079071,80.0,-3720.0,0.6499999761581421,0.0
67160,3830.0,0.949999988079071,60.0,-3760.0,0.8999999761581421,160.0
67180,3710.0,0.8999999761581421,80.0,-3660.0,0.8500000238418579,120.0
67200,3760.0,0.8999999761581421,80.0,-3710.0,0.8500000238418579,120.0
67220,3680.0,0.949999988079071,100.0,-3750.0,0.949999988079071,100.0
67240,3710.0,0.8999999761581421,40.0,-3770.0,0.8999999761581421,80.0
67260,3800.0,0.949999988079071,60.0,-3690.0,0.8999999761581421,160.0
67280,3730.0,0.949999988079071,60.0,-3670.0,0.8500000238418579,120.0
67300,3710.0,0.949999988079071,80.0,-3650.0,0.800000011920929,100.0
67320,3790.0,0.949999988079071,60.0,-3600.0,0.8500000238418579,100.0
67340,3710.0,0.949999988079071,80.0,-3510.0,0.8999999761581421,100.0
67360,3760.0,0.949999988079071,40.0,-3560.0,0.8999999761581421,80.0
67380,3750.0,0.949999988079071,60.0,-3520.0,0.5,0.0
67400,3790.0,0.949999988079071,80.0,-3610.0,0.949999988079071,100.0
67420,3800.0,0.949999988079071,60.0,-3560.0,0.949999988079071,120.0
67440,3720.0,0.949999988079071,80.0,-3490.0,0.5,0.0
67460,3720.0,1.0,0.0,-3490.0,0.949999988079071,40.0
67480,3830.0,0.949999988079071,60.0,-3570.0,0.5,0.0
67500,3720.0,0.8999999761581421,80.0,-3440.0,0.75,160.0
67520,3760.0,0.949999988079071,100.0,-3410.0,0.8999999761581421,100.0
67540,3740.0,0.949999988079071,80.0,-3440.0,0.8500000238418579,140.0
67560,3810.0,0.949999988079071,80.0,-3530.0,0.8999999761581421,120.0
67580,3750.0,0.949999988079071,80.0,-3580.0,0.5,0.0
67600,3770.0,0.949999988079071,40.0,-3620.0,0.550000011920929,0.0
67620,3740.0,0.949999988079071,60.0,-3550.0,0.949999988079071,100.0
67640,3790.0,1.0,0.0,-3620.0,0.800000011920929,120.0
67660,3770.0,0.949999988079071,80.0,-3660.0,0.949999988079071,100.0
67680,3800.0,0.8999999761581421,60.0,-3640.0,0.949999988079071,80.0
67700,3770.0,0.8999999761581421,100.0,-3620.0,0.8999999761581421,80.0
67720,3760.0,0.949999988079071,60.0,-3630.0,0.949999988079071,100.0
67740,3730.0,0.949999988079071,40.0,-3720.0,0.8500000238418579,140.0
67760,3820.0,0.949999988079071,80.0,-3610.0,0.949999988079071,80.0
67780,3780.0,0.949999988079071,100.0,-3640.0,0.75,100.0
67800,3690.0,0.8999999761581421,60.0,-3580.0,0.8500000238418579,120.0
67820,3730.0,0.949999988079071,60.0,-3460.0,0.949999988079071,140.0
67840,3770.0,0.949999988079071,80.0,-3480.0,0.6000000238418579,160.0
67860,3820.0,0.949999988079071,80.0,-3510.0,0.75,120.0
67880,3810.0,0.8999999761581421,60.0,-3520.0,0.949999988079071,140.0
67900,3780.0,0.949999988079071,60.0,-3610.0,0.8999999761581421,120.0
67920,3810.0,0.8999999761581421,60.0,-3630.0,0.8999999761581421,100.0
67940,3750.0,0.949999988079071,60.0,-3570.0,0.949999988079071,80.0
67960,3790.0,0.949999988079071,80.0,-3620.0,0.949999988079071,120.0
67980,3770.0,0.949999988079071,80.0,-3530.0,1.0,0.0
68000,3740.0,0.8999999761581421,60.0,-3560.0,0.8999999761581421,100.0
68020,3770.0,1.0,20.0,-3690.0,0.8500000238418579,60.0
68040,3760.0,0.949999988079071,60.0,-3670.0,0.949999988079071,0.0
68060,3750.0,0.8999999761581421,60.0,-3640.0,0.75,20.0
68080,3800.0,1.0,0.0,-3710.0,0.949999988079071,80.0
68100,3760.0,0.949999988079071,60.0,-3630.0,0.949999988079071,80.0
68120,3790.0,0.949999988079071,100.0,-3720.0,0.8999999761581421,120.0
68140,3810.0,0.949999988079071,40.0,-3640.0,0.949999988079071,100.0
68160,3870.0,0.949999988079071,60.0,-3670.0,0.949999988079071,20.0
68180,3730.0,0.949999988079071,80.0,-3710.0,0.8999999761581421,60.0
68200,3700.0,0.8999999761581421,40.0,-3580.0,0.949999988079071,80.0
68220,3770.0,0.8999999761581421,60.0,-3630.0,0.8999999761581421,120.0
68240,3860.0,0.949999988079071,60.0,-3680.0,0.8999999761581421,100.0
68260,3820.0,0.949999988079071,20.0,-3670.0,0.8999999761581421,120.0
68280,3790.0,0.949999988079071,40.0,-3660.0,0.949999988079071,140.0
68300,3800.0,0.949999988079071,40.0,-3640.0,0.550000011920929,0.0
68320,3810.0,0.8999999761581421,60.0,-3700.0,0.800000011920929,80.0
68340,3790.0,0.949999988079071,60.0,-3690.0,0.8500000238418579,160.0
68360,3750.0,0.949999988079071,60.0,-3650.0,0.699999988079071,140.0
68380,3830.0,0.8999999761581421,40.0,-3580.0,0.8999999761581421,100.0
68400,3800.0,0.949999988079071,60.0,-3630.0,0.949999988079071,160.0
68420,3780.0,0.949999988079071,100.0,-3580.0,1.0,0.0
68440,3850.0,0.949999988079071,60.0,-3500.0,0.949999988079071,100.0
68460,3850.0,0.949999988079071,60.0,-3550.0,0.949999988079071,120.0
68480,3710.0,0.949999988079071,60.0,-3530.0,0.949999988079071,0.0
68500,3750.0,0.949999988079071,60.0,-3570.0,0.949999988079071,40.0
68520,3810.0,0.949999988079071,40.0,-3550.0,0.699999988079071,140.0
68540,3830.0,1.0,0.0,-3630.0,0.8999999761581421,120.0
68560,3840.0,0.8999999761581421,40.0,-3600.0,0.949999988079071,100.0
68580,3850.0,0.949999988079071,60.0,-3660.0,0.8999999761581421,80.0
68600,3770.0,0.949999988079071,60.0,-3670.0,0.8500000238418579,20.0
68620,3830.0,0.8999999761581421,60.0,-3650.0,0.949999988079071,100.0
68640,3750.0,1.0,0.0,-3520.0,0.949999988079071,160.0
68660,3810.0,0.949999988079071,40.0,-3550.0,0.8500000238418579,100.0
68680,3800.0,0.949999988079071,40.0,-3490.0,0.949999988079071,120.0
68700,3800.0,0.8999999761581421,40.0,-3550.0,0.949999988079071,120.0
68720,3800.0,0.949999988079071,40.0,-3660.0,0.949999988079071,100.0
68740,3820.0,0.949999988079071,80.0,-3560.0,0.8999999761581421,140.0
68760,3790.0,0.949999988079071,40.0,-3650.0,0.8999999761581421,100.0
68780,3820.0,0.949999988079071,60.0,-3590.0,0.949999988079071,100.0
68800,3760.0,0.949999988079071,40.0,-3670.0,1.0,0.0
68820,3810.0,0.949999988079071,80.0,-3630.0,0.949999988079071,140.0
68840,3800.0,0.949999988079071,60.0,-3620.0,1.0,0.0
68860,3760.0,0.949999988079071,60.0,-3610.0,0.8999999761581421,0.0
68880,3780.0,0.949999988079071,60.0,-3690.0,0.949999988079071,120.0
68900,3770.0,0.949999988079071,40.0,-3620.0,0.8500000238418579,80.0
68920,3790.0,0.949999988079071,80.0,-3670.0,0.949999988079071,120.0
68940,3800.0,0.949999988079071,60.0,-3640.0,0.949999988079071,120.0
68960,3800.0,0.949999988079071,60.0,-3620.0,0.949999988079071,140.0
68980,3830.0,0.949999988079071,60.0,-3660.0,0.8500000238418579,140.0
69000,3780.0,0.8999999761581421,40.0,-3590.0,0.949999988079071,120.0
69020,3800.0,0.949999988079071,40.0,-3520.0,0.949999988079071,100.0
69040,3740.0,0.8999999761581421,60.0,-3560.0,0.6000000238418579,0.0
69060,3820.0,0.949999988079071,40.0,-3420.0,0.550000011920929,0.0
69080,3740.0,0.949999988079071,40.0,-3560.0,0.8999999761581421,100.0
69100,3740.0,0.8999999761581421,60.0,-3590.0,0.8999999761581421,120.0
69120,3760.0,0.949999988079071,20.0,-3780.0,0.949999988079071,20.0
69140,3820.0,0.949999988079071,0.0,-3820.0,1.0,0.0
69160,3800.0,0.949999988079071,80.0,-3760.0,0.949999988079071,80.0
69180,3840.0,0.949999988079071,80.0,-3800.0,0.949999988079071,60.0
69200,3820.0,0.949999988079071,0.0,-3780.0,1.0,0.0
69220,3760.0,0.949999988079071,20.0,-3840.0,0.949999988079071,20.0
69240,3780.0,0.949999988079071,40.0,-3800.0,0.949999988079071,120.0
69260,3840.0,0.949999988079071,60.0,-3820.0,0.949999988079071,80.0
69280,3800.0,0.949999988079071,100.0,-3760.0,0.949999988079071,80.0
69300,3780.0,0.949999988079071,0.0,-3800.0,1.0,0.0
69320,3820.0,0.949999988079071,20.0,-3840.0,0.949999988079071,120.0
69340,3840.0,0.949999988079071,40.0,-3780.0,0.949999988079071,20.0
69360,3800.0,0.949999988079071,100.0,-3820.0,0.949999988079071,100.0
69380,3820.0,0.949999988079071,20.0,-3760.0,0.949999988079071,20.0
69400,3760.0,0.949999988079071,100.0,-3800.0,1.0,0.0
69420,3780.0,0.949999988079071,0.0,-3840.0,1.0,0.0
69440,3840.0,1.0,0.0,-3780.0,0.949999988079071,20.0
69460,3820.0,0.949999988079071,60.0,-3820.0,1.0,0.0
69480,3800.0,0.949999988079071,80.0,-3760.0,0.949999988079071,80.0
69500,3840.0,1.0,0.0,-3800.0,1.0,0.0
69520,3820.0,0.949999988079071,0.0,-3840.0,0.949999988079071,120.0
69540,3760.0,1.0,0.0,-3780.0,1.0,0.0
69560,3800.0,0.949999988079071,80.0,-3820.0,1.0,0.0
69580,3840.0,1.0,0.0,-3800.0,1.0,0.0
69600,3820.0,0.949999988079071,0.0,-3760.0,1.0,0.0
69620,3800.0,0.949999988079071,100.0,-3780.0,1.0,0.0
69640,3760.0,0.949999988079071,120.0,-3840.0,1.0,0.0
69660,3820.0,1.0,0.0,-3800.0,1.0,0.0
69680,3840.0,1.0,0.0,-3760.0,1.0,0.0
69700,3780.0,0.949999988079071,40.0,-3820.0,0.949999988079071,120.0
69720,3800.0,0.949999988079071,80.0,-3780.0,0.949999988079071,0.0
69740,3840.0,1.0,0.0,-3800.0,0.949999988079071,80.0
69760,3760.0,0.949999988079071,80.0,-3840.0,1.0,0.0
69780,3820.0,1.0,0.0,-3760.0,0.949999988079071,80.0
69800,3800.0,1.0,0.0,-3820.0,1.0,0.0
69820,3840.0,0.949999988079071,0.0,-3780.0,1.0,0.0
69840,3780.0,0.949999988079071,20.0,-3800.0,1.0,0.0
69860,3820.0,0.949999988079071,20.0,-3840.0,1.0,0.0
69880,3800.0,0.949999988079071,40.0,-3760.0,1.0,0.0
69900,3760.0,1.0,0.0,-3820.0,1.0,0.0
69920,3840.0,1.0,0.0,-3780.0,1.0,0.0
69940,3820.0,1.0,0.0,-3800.0,1.0,0.0
69960,3800.0,1.0,0.0,-3840.0,1.0,0.0
69980,3780.0,0.949999988079071,20.0,-3760.0,1.0,0.0
70000,3840.0,1.0,0.0,-3820.0,1.0,0.0
70020,3820.0,1.0,0.0,-3780.0,1.0,0.0
70040,3800.0,0.949999988079071,120.0,-3800.0,1.0,0.0
70060,3760.0,1.0,0.0,-3840.0,0.949999988079071,60.0
70080,3840.0,1.0,0.0,-3760.0,0.949999988079071,0.0
70100,3820.0,1.0,0.0,-3820.0,1.0,0.0
70120,3780.0,1.0,0.0,-3780.0,1.0,0.0
70140,3800.0,0.949999988079071,80.0,-3840.0,1.0,0.0
70160,3760.0,1.0,0.0,-3800.0,0.949999988079071,60.0
70180,3820.0,1.0,0.0,-3760.0,0.949999988079071,0.0
70200,3840.0,0.949999988079071,120.0,-3820.0,0.949999988079071,20.0
70220,3780.0,1.0,0.0,-3780.0,1.0,0.0
70240,3800.0,0.949999988079071,80.0,-3800.0,1.0,0.0
70260,3820.0,0.949999988079071,20.0,-3840.0,1.0,0.0
70280,3760.0,1.0,0.0,-3760.0,1.0,0.0
70300,3840.0,1.0,0.0,-3820.0,1.0,0.0
70320,3780.0,1.0,0.0,-3800.0,0.949999988079071,0.0
70340,3820.0,1.0,0.0,-3780.0,1.0,0.0
70360,3800.0,1.0,0.0,-3840.0,1.0,0.0
70380,3760.0,1.0,0.0,-3760.0,1.0,0.0
70400,3820.0,1.0,0.0,-3820.0,1.0,0.0
70420,3780.0,1.0,0.0,-3800.0,1.0,0.0
70440,3840.0,1.0,0.0,-3780.0,1.0,0.0
70460,3800.0,1.0,0.0,-3840.0,1.0,0.0
70480,3760.0,1.0,0.0,-3760.0,1.0,0.0